{
  "dataset_revision": "4661603cee25c1fd370e5478a2953203cf37155b",
  "task_name": "MSRVTTV2T",
  "mteb_version": "2.12.32",
  "scores": {
    "test": [
      {
        "ndcg_at_1": 0.32651,
        "ndcg_at_3": 0.41175,
        "ndcg_at_5": 0.44215,
        "ndcg_at_10": 0.46934,
        "ndcg_at_20": 0.49458,
        "ndcg_at_100": 0.52098,
        "ndcg_at_1000": 0.53675,
        "map_at_1": 0.32651,
        "map_at_3": 0.38984,
        "map_at_5": 0.40667,
        "map_at_10": 0.41787,
        "map_at_20": 0.42476,
        "map_at_100": 0.42849,
        "map_at_1000": 0.42905,
        "recall_at_1": 0.32651,
        "recall_at_3": 0.47554,
        "recall_at_5": 0.54949,
        "recall_at_10": 0.63367,
        "recall_at_20": 0.73379,
        "recall_at_100": 0.87486,
        "recall_at_1000": 1.0,
        "accuracy": 0.32651,
        "precision_at_1": 0.32651,
        "precision_at_3": 0.15851,
        "precision_at_5": 0.1099,
        "precision_at_10": 0.06337,
        "precision_at_20": 0.03669,
        "precision_at_100": 0.00875,
        "precision_at_1000": 0.001,
        "mrr_at_1": 0.326507,
        "mrr_at_3": 0.389837,
        "mrr_at_5": 0.406674,
        "mrr_at_10": 0.417872,
        "mrr_at_20": 0.42476,
        "mrr_at_100": 0.428485,
        "mrr_at_1000": 0.429052,
        "nauc_ndcg_at_1_max": 0.402706,
        "nauc_ndcg_at_1_std": -0.069125,
        "nauc_ndcg_at_1_diff1": 0.584622,
        "nauc_ndcg_at_3_max": 0.38968,
        "nauc_ndcg_at_3_std": -0.077888,
        "nauc_ndcg_at_3_diff1": 0.486724,
        "nauc_ndcg_at_5_max": 0.390566,
        "nauc_ndcg_at_5_std": -0.079779,
        "nauc_ndcg_at_5_diff1": 0.47062,
        "nauc_ndcg_at_10_max": 0.384624,
        "nauc_ndcg_at_10_std": -0.076461,
        "nauc_ndcg_at_10_diff1": 0.471598,
        "nauc_ndcg_at_20_max": 0.390016,
        "nauc_ndcg_at_20_std": -0.070439,
        "nauc_ndcg_at_20_diff1": 0.478469,
        "nauc_ndcg_at_100_max": 0.399514,
        "nauc_ndcg_at_100_std": -0.065,
        "nauc_ndcg_at_100_diff1": 0.485458,
        "nauc_ndcg_at_1000_max": 0.39484,
        "nauc_ndcg_at_1000_std": -0.070558,
        "nauc_ndcg_at_1000_diff1": 0.492736,
        "nauc_map_at_1_max": 0.402706,
        "nauc_map_at_1_std": -0.069125,
        "nauc_map_at_1_diff1": 0.584622,
        "nauc_map_at_3_max": 0.393579,
        "nauc_map_at_3_std": -0.075365,
        "nauc_map_at_3_diff1": 0.510783,
        "nauc_map_at_5_max": 0.393963,
        "nauc_map_at_5_std": -0.076246,
        "nauc_map_at_5_diff1": 0.502245,
        "nauc_map_at_10_max": 0.391217,
        "nauc_map_at_10_std": -0.074939,
        "nauc_map_at_10_diff1": 0.502952,
        "nauc_map_at_20_max": 0.393164,
        "nauc_map_at_20_std": -0.073025,
        "nauc_map_at_20_diff1": 0.505353,
        "nauc_map_at_100_max": 0.39436,
        "nauc_map_at_100_std": -0.072657,
        "nauc_map_at_100_diff1": 0.506695,
        "nauc_map_at_1000_max": 0.394251,
        "nauc_map_at_1000_std": -0.072793,
        "nauc_map_at_1000_diff1": 0.506938,
        "nauc_recall_at_1_max": 0.402706,
        "nauc_recall_at_1_std": -0.069125,
        "nauc_recall_at_1_diff1": 0.584622,
        "nauc_recall_at_3_max": 0.378117,
        "nauc_recall_at_3_std": -0.085338,
        "nauc_recall_at_3_diff1": 0.417101,
        "nauc_recall_at_5_max": 0.38029,
        "nauc_recall_at_5_std": -0.0911,
        "nauc_recall_at_5_diff1": 0.372277,
        "nauc_recall_at_10_max": 0.360825,
        "nauc_recall_at_10_std": -0.080497,
        "nauc_recall_at_10_diff1": 0.364093,
        "nauc_recall_at_20_max": 0.378274,
        "nauc_recall_at_20_std": -0.053021,
        "nauc_recall_at_20_diff1": 0.370084,
        "nauc_recall_at_100_max": 0.491296,
        "nauc_recall_at_100_std": 0.044526,
        "nauc_recall_at_100_diff1": 0.350727,
        "nauc_recall_at_1000_max": NaN,
        "nauc_recall_at_1000_std": NaN,
        "nauc_recall_at_1000_diff1": NaN,
        "nauc_precision_at_1_max": 0.402706,
        "nauc_precision_at_1_std": -0.069125,
        "nauc_precision_at_1_diff1": 0.584622,
        "nauc_precision_at_3_max": 0.378117,
        "nauc_precision_at_3_std": -0.085338,
        "nauc_precision_at_3_diff1": 0.417101,
        "nauc_precision_at_5_max": 0.38029,
        "nauc_precision_at_5_std": -0.0911,
        "nauc_precision_at_5_diff1": 0.372277,
        "nauc_precision_at_10_max": 0.360825,
        "nauc_precision_at_10_std": -0.080497,
        "nauc_precision_at_10_diff1": 0.364093,
        "nauc_precision_at_20_max": 0.378274,
        "nauc_precision_at_20_std": -0.053021,
        "nauc_precision_at_20_diff1": 0.370084,
        "nauc_precision_at_100_max": 0.491296,
        "nauc_precision_at_100_std": 0.044526,
        "nauc_precision_at_100_diff1": 0.350727,
        "nauc_precision_at_1000_max": NaN,
        "nauc_precision_at_1000_std": NaN,
        "nauc_precision_at_1000_diff1": NaN,
        "nauc_mrr_at_1_max": 0.402706,
        "nauc_mrr_at_1_std": -0.069125,
        "nauc_mrr_at_1_diff1": 0.584622,
        "nauc_mrr_at_3_max": 0.393579,
        "nauc_mrr_at_3_std": -0.075365,
        "nauc_mrr_at_3_diff1": 0.510783,
        "nauc_mrr_at_5_max": 0.393963,
        "nauc_mrr_at_5_std": -0.076246,
        "nauc_mrr_at_5_diff1": 0.502245,
        "nauc_mrr_at_10_max": 0.391217,
        "nauc_mrr_at_10_std": -0.074939,
        "nauc_mrr_at_10_diff1": 0.502952,
        "nauc_mrr_at_20_max": 0.393164,
        "nauc_mrr_at_20_std": -0.073025,
        "nauc_mrr_at_20_diff1": 0.505353,
        "nauc_mrr_at_100_max": 0.39436,
        "nauc_mrr_at_100_std": -0.072657,
        "nauc_mrr_at_100_diff1": 0.506695,
        "nauc_mrr_at_1000_max": 0.394251,
        "nauc_mrr_at_1000_std": -0.072793,
        "nauc_mrr_at_1000_diff1": 0.506938,
        "hit_rate_at_1": 0.32651,
        "hit_rate_at_3": 0.47554,
        "hit_rate_at_5": 0.54949,
        "hit_rate_at_10": 0.63367,
        "hit_rate_at_20": 0.73379,
        "hit_rate_at_100": 0.87486,
        "hit_rate_at_1000": 1.0,
        "main_score": 0.46934,
        "hf_subset": "default",
        "languages": [
          "eng-Latn"
        ],
        "mteb_version": "2.12.32"
      }
    ]
  },
  "evaluation_time": 235.1784269809723,
  "kg_co2_emissions": null,
  "date": null
}