{
  "dataset_revision": "4661603cee25c1fd370e5478a2953203cf37155b",
  "task_name": "MSRVTTT2V",
  "mteb_version": "2.12.32",
  "scores": {
    "test": [
      {
        "ndcg_at_1": 0.44027,
        "ndcg_at_3": 0.52476,
        "ndcg_at_5": 0.56104,
        "ndcg_at_10": 0.59237,
        "ndcg_at_20": 0.6124,
        "ndcg_at_100": 0.63273,
        "ndcg_at_1000": 0.6391,
        "map_at_1": 0.44027,
        "map_at_3": 0.50436,
        "map_at_5": 0.52461,
        "map_at_10": 0.538,
        "map_at_20": 0.54359,
        "map_at_100": 0.54658,
        "map_at_1000": 0.54684,
        "recall_at_1": 0.44027,
        "recall_at_3": 0.58362,
        "recall_at_5": 0.67122,
        "recall_at_10": 0.76564,
        "recall_at_20": 0.84414,
        "recall_at_100": 0.95108,
        "recall_at_1000": 1.0,
        "accuracy": 0.44027,
        "precision_at_1": 0.44027,
        "precision_at_3": 0.19454,
        "precision_at_5": 0.13424,
        "precision_at_10": 0.07656,
        "precision_at_20": 0.04221,
        "precision_at_100": 0.00951,
        "precision_at_1000": 0.001,
        "mrr_at_1": 0.440273,
        "mrr_at_3": 0.504361,
        "mrr_at_5": 0.524611,
        "mrr_at_10": 0.537997,
        "mrr_at_20": 0.543594,
        "mrr_at_100": 0.546584,
        "mrr_at_1000": 0.546843,
        "nauc_ndcg_at_1_max": 0.354393,
        "nauc_ndcg_at_1_std": -0.136415,
        "nauc_ndcg_at_1_diff1": 0.672109,
        "nauc_ndcg_at_3_max": 0.37059,
        "nauc_ndcg_at_3_std": -0.124137,
        "nauc_ndcg_at_3_diff1": 0.614617,
        "nauc_ndcg_at_5_max": 0.375495,
        "nauc_ndcg_at_5_std": -0.119624,
        "nauc_ndcg_at_5_diff1": 0.605949,
        "nauc_ndcg_at_10_max": 0.387322,
        "nauc_ndcg_at_10_std": -0.106763,
        "nauc_ndcg_at_10_diff1": 0.600836,
        "nauc_ndcg_at_20_max": 0.390657,
        "nauc_ndcg_at_20_std": -0.10489,
        "nauc_ndcg_at_20_diff1": 0.60171,
        "nauc_ndcg_at_100_max": 0.38983,
        "nauc_ndcg_at_100_std": -0.098157,
        "nauc_ndcg_at_100_diff1": 0.613193,
        "nauc_ndcg_at_1000_max": 0.382779,
        "nauc_ndcg_at_1000_std": -0.109836,
        "nauc_ndcg_at_1000_diff1": 0.616515,
        "nauc_map_at_1_max": 0.354393,
        "nauc_map_at_1_std": -0.136415,
        "nauc_map_at_1_diff1": 0.672109,
        "nauc_map_at_3_max": 0.366523,
        "nauc_map_at_3_std": -0.127726,
        "nauc_map_at_3_diff1": 0.628327,
        "nauc_map_at_5_max": 0.369124,
        "nauc_map_at_5_std": -0.125507,
        "nauc_map_at_5_diff1": 0.624172,
        "nauc_map_at_10_max": 0.373578,
        "nauc_map_at_10_std": -0.120317,
        "nauc_map_at_10_diff1": 0.622675,
        "nauc_map_at_20_max": 0.374299,
        "nauc_map_at_20_std": -0.120222,
        "nauc_map_at_20_diff1": 0.623128,
        "nauc_map_at_100_max": 0.374517,
        "nauc_map_at_100_std": -0.119114,
        "nauc_map_at_100_diff1": 0.625102,
        "nauc_map_at_1000_max": 0.374287,
        "nauc_map_at_1000_std": -0.119503,
        "nauc_map_at_1000_diff1": 0.625206,
        "nauc_recall_at_1_max": 0.354393,
        "nauc_recall_at_1_std": -0.136415,
        "nauc_recall_at_1_diff1": 0.672109,
        "nauc_recall_at_3_max": 0.383097,
        "nauc_recall_at_3_std": -0.11287,
        "nauc_recall_at_3_diff1": 0.572765,
        "nauc_recall_at_5_max": 0.398315,
        "nauc_recall_at_5_std": -0.098019,
        "nauc_recall_at_5_diff1": 0.541445,
        "nauc_recall_at_10_max": 0.455221,
        "nauc_recall_at_10_std": -0.039558,
        "nauc_recall_at_10_diff1": 0.50039,
        "nauc_recall_at_20_max": 0.507549,
        "nauc_recall_at_20_std": 0.005769,
        "nauc_recall_at_20_diff1": 0.465271,
        "nauc_recall_at_100_max": 0.678872,
        "nauc_recall_at_100_std": 0.379405,
        "nauc_recall_at_100_diff1": 0.474248,
        "nauc_recall_at_1000_max": NaN,
        "nauc_recall_at_1000_std": NaN,
        "nauc_recall_at_1000_diff1": NaN,
        "nauc_precision_at_1_max": 0.354393,
        "nauc_precision_at_1_std": -0.136415,
        "nauc_precision_at_1_diff1": 0.672109,
        "nauc_precision_at_3_max": 0.383097,
        "nauc_precision_at_3_std": -0.11287,
        "nauc_precision_at_3_diff1": 0.572765,
        "nauc_precision_at_5_max": 0.398315,
        "nauc_precision_at_5_std": -0.098019,
        "nauc_precision_at_5_diff1": 0.541445,
        "nauc_precision_at_10_max": 0.455221,
        "nauc_precision_at_10_std": -0.039558,
        "nauc_precision_at_10_diff1": 0.50039,
        "nauc_precision_at_20_max": 0.507549,
        "nauc_precision_at_20_std": 0.005769,
        "nauc_precision_at_20_diff1": 0.465271,
        "nauc_precision_at_100_max": 0.678872,
        "nauc_precision_at_100_std": 0.379405,
        "nauc_precision_at_100_diff1": 0.474248,
        "nauc_precision_at_1000_max": NaN,
        "nauc_precision_at_1000_std": NaN,
        "nauc_precision_at_1000_diff1": NaN,
        "nauc_mrr_at_1_max": 0.354393,
        "nauc_mrr_at_1_std": -0.136415,
        "nauc_mrr_at_1_diff1": 0.672109,
        "nauc_mrr_at_3_max": 0.366523,
        "nauc_mrr_at_3_std": -0.127726,
        "nauc_mrr_at_3_diff1": 0.628327,
        "nauc_mrr_at_5_max": 0.369124,
        "nauc_mrr_at_5_std": -0.125507,
        "nauc_mrr_at_5_diff1": 0.624172,
        "nauc_mrr_at_10_max": 0.373578,
        "nauc_mrr_at_10_std": -0.120317,
        "nauc_mrr_at_10_diff1": 0.622675,
        "nauc_mrr_at_20_max": 0.374299,
        "nauc_mrr_at_20_std": -0.120222,
        "nauc_mrr_at_20_diff1": 0.623128,
        "nauc_mrr_at_100_max": 0.374517,
        "nauc_mrr_at_100_std": -0.119114,
        "nauc_mrr_at_100_diff1": 0.625102,
        "nauc_mrr_at_1000_max": 0.374287,
        "nauc_mrr_at_1000_std": -0.119503,
        "nauc_mrr_at_1000_diff1": 0.625206,
        "hit_rate_at_1": 0.44027,
        "hit_rate_at_3": 0.58362,
        "hit_rate_at_5": 0.67122,
        "hit_rate_at_10": 0.76564,
        "hit_rate_at_20": 0.84414,
        "hit_rate_at_100": 0.95108,
        "hit_rate_at_1000": 1.0,
        "main_score": 0.59237,
        "hf_subset": "default",
        "languages": [
          "eng-Latn"
        ],
        "mteb_version": "2.12.32"
      }
    ]
  },
  "evaluation_time": 400.46579790115356,
  "kg_co2_emissions": null,
  "date": null
}