{
  "dataset_revision": "b672042dfc1bfc3b8b857ec1abee89bb69fe2476",
  "task_name": "OmniVideoBenchVideoCentricQA",
  "mteb_version": "2.12.32",
  "scores": {
    "test": [
      {
        "ndcg_at_1": 0.25933,
        "ndcg_at_3": 0.56326,
        "ndcg_at_5": 0.65126,
        "ndcg_at_10": 0.65126,
        "ndcg_at_20": 0.65126,
        "ndcg_at_100": 0.65126,
        "ndcg_at_1000": 0.65126,
        "map_at_1": 0.25933,
        "map_at_3": 0.48363,
        "map_at_5": 0.53471,
        "map_at_10": 0.53471,
        "map_at_20": 0.53471,
        "map_at_100": 0.53471,
        "map_at_1000": 0.53471,
        "recall_at_1": 0.25933,
        "recall_at_3": 0.79568,
        "recall_at_5": 1.0,
        "recall_at_10": 1.0,
        "recall_at_20": 1.0,
        "recall_at_100": 1.0,
        "recall_at_1000": 1.0,
        "accuracy": 0.25933,
        "precision_at_1": 0.25933,
        "precision_at_3": 0.26523,
        "precision_at_5": 0.2,
        "precision_at_10": 0.1,
        "precision_at_20": 0.05,
        "precision_at_100": 0.01,
        "precision_at_1000": 0.001,
        "mrr_at_1": 0.259332,
        "mrr_at_3": 0.483628,
        "mrr_at_5": 0.534709,
        "mrr_at_10": 0.534709,
        "mrr_at_20": 0.534709,
        "mrr_at_100": 0.534709,
        "mrr_at_1000": 0.534709,
        "nauc_ndcg_at_1_max": -0.031392,
        "nauc_ndcg_at_1_std": 0.050404,
        "nauc_ndcg_at_1_diff1": 0.02007,
        "nauc_ndcg_at_3_max": 0.012207,
        "nauc_ndcg_at_3_std": 0.036602,
        "nauc_ndcg_at_3_diff1": 0.022608,
        "nauc_ndcg_at_5_max": -0.004471,
        "nauc_ndcg_at_5_std": 0.035188,
        "nauc_ndcg_at_5_diff1": 0.016725,
        "nauc_ndcg_at_10_max": -0.004471,
        "nauc_ndcg_at_10_std": 0.035188,
        "nauc_ndcg_at_10_diff1": 0.016725,
        "nauc_ndcg_at_20_max": -0.004471,
        "nauc_ndcg_at_20_std": 0.035188,
        "nauc_ndcg_at_20_diff1": 0.016725,
        "nauc_ndcg_at_100_max": -0.004471,
        "nauc_ndcg_at_100_std": 0.035188,
        "nauc_ndcg_at_100_diff1": 0.016725,
        "nauc_ndcg_at_1000_max": -0.004471,
        "nauc_ndcg_at_1000_std": 0.035188,
        "nauc_ndcg_at_1000_diff1": 0.016725,
        "nauc_map_at_1_max": -0.031392,
        "nauc_map_at_1_std": 0.050404,
        "nauc_map_at_1_diff1": 0.02007,
        "nauc_map_at_3_max": 0.003324,
        "nauc_map_at_3_std": 0.036454,
        "nauc_map_at_3_diff1": 0.019919,
        "nauc_map_at_5_max": -0.005804,
        "nauc_map_at_5_std": 0.035804,
        "nauc_map_at_5_diff1": 0.01679,
        "nauc_map_at_10_max": -0.005804,
        "nauc_map_at_10_std": 0.035804,
        "nauc_map_at_10_diff1": 0.01679,
        "nauc_map_at_20_max": -0.005804,
        "nauc_map_at_20_std": 0.035804,
        "nauc_map_at_20_diff1": 0.01679,
        "nauc_map_at_100_max": -0.005804,
        "nauc_map_at_100_std": 0.035804,
        "nauc_map_at_100_diff1": 0.01679,
        "nauc_map_at_1000_max": -0.005804,
        "nauc_map_at_1000_std": 0.035804,
        "nauc_map_at_1000_diff1": 0.01679,
        "nauc_recall_at_1_max": -0.031392,
        "nauc_recall_at_1_std": 0.050404,
        "nauc_recall_at_1_diff1": 0.02007,
        "nauc_recall_at_3_max": 0.048159,
        "nauc_recall_at_3_std": 0.03965,
        "nauc_recall_at_3_diff1": 0.035289,
        "nauc_recall_at_5_max": NaN,
        "nauc_recall_at_5_std": NaN,
        "nauc_recall_at_5_diff1": NaN,
        "nauc_recall_at_10_max": NaN,
        "nauc_recall_at_10_std": NaN,
        "nauc_recall_at_10_diff1": NaN,
        "nauc_recall_at_20_max": NaN,
        "nauc_recall_at_20_std": NaN,
        "nauc_recall_at_20_diff1": NaN,
        "nauc_recall_at_100_max": NaN,
        "nauc_recall_at_100_std": NaN,
        "nauc_recall_at_100_diff1": NaN,
        "nauc_recall_at_1000_max": NaN,
        "nauc_recall_at_1000_std": NaN,
        "nauc_recall_at_1000_diff1": NaN,
        "nauc_precision_at_1_max": -0.031392,
        "nauc_precision_at_1_std": 0.050404,
        "nauc_precision_at_1_diff1": 0.02007,
        "nauc_precision_at_3_max": 0.048159,
        "nauc_precision_at_3_std": 0.03965,
        "nauc_precision_at_3_diff1": 0.035289,
        "nauc_precision_at_5_max": 1.0,
        "nauc_precision_at_5_std": 1.0,
        "nauc_precision_at_5_diff1": 1.0,
        "nauc_precision_at_10_max": 1.0,
        "nauc_precision_at_10_std": 1.0,
        "nauc_precision_at_10_diff1": 1.0,
        "nauc_precision_at_20_max": 1.0,
        "nauc_precision_at_20_std": 1.0,
        "nauc_precision_at_20_diff1": 1.0,
        "nauc_precision_at_100_max": 1.0,
        "nauc_precision_at_100_std": 1.0,
        "nauc_precision_at_100_diff1": 1.0,
        "nauc_precision_at_1000_max": 1.0,
        "nauc_precision_at_1000_std": 1.0,
        "nauc_precision_at_1000_diff1": 1.0,
        "nauc_mrr_at_1_max": -0.031392,
        "nauc_mrr_at_1_std": 0.050404,
        "nauc_mrr_at_1_diff1": 0.02007,
        "nauc_mrr_at_3_max": 0.003324,
        "nauc_mrr_at_3_std": 0.036454,
        "nauc_mrr_at_3_diff1": 0.019919,
        "nauc_mrr_at_5_max": -0.005804,
        "nauc_mrr_at_5_std": 0.035804,
        "nauc_mrr_at_5_diff1": 0.01679,
        "nauc_mrr_at_10_max": -0.005804,
        "nauc_mrr_at_10_std": 0.035804,
        "nauc_mrr_at_10_diff1": 0.01679,
        "nauc_mrr_at_20_max": -0.005804,
        "nauc_mrr_at_20_std": 0.035804,
        "nauc_mrr_at_20_diff1": 0.01679,
        "nauc_mrr_at_100_max": -0.005804,
        "nauc_mrr_at_100_std": 0.035804,
        "nauc_mrr_at_100_diff1": 0.01679,
        "nauc_mrr_at_1000_max": -0.005804,
        "nauc_mrr_at_1000_std": 0.035804,
        "nauc_mrr_at_1000_diff1": 0.01679,
        "hit_rate_at_1": 0.25933,
        "hit_rate_at_3": 0.79568,
        "hit_rate_at_5": 1.0,
        "hit_rate_at_10": 1.0,
        "hit_rate_at_20": 1.0,
        "hit_rate_at_100": 1.0,
        "hit_rate_at_1000": 1.0,
        "main_score": 0.25933,
        "hf_subset": "default",
        "languages": [
          "eng-Latn"
        ],
        "mteb_version": "2.12.32"
      }
    ]
  },
  "evaluation_time": 600.9569687843323,
  "kg_co2_emissions": null,
  "date": null
}