{
  "dataset_revision": "0d2e86e6d36927f4676ee6127c4e38e3867ce0ce",
  "task_name": "VATEXT2VARetrieval",
  "mteb_version": "2.12.32",
  "scores": {
    "test": [
      {
        "ndcg_at_1": 0.541,
        "ndcg_at_3": 0.65922,
        "ndcg_at_5": 0.69344,
        "ndcg_at_10": 0.71074,
        "ndcg_at_20": 0.72156,
        "ndcg_at_100": 0.73339,
        "ndcg_at_1000": 0.73572,
        "map_at_1": 0.541,
        "map_at_3": 0.63117,
        "map_at_5": 0.65017,
        "map_at_10": 0.6574,
        "map_at_20": 0.66034,
        "map_at_100": 0.66203,
        "map_at_1000": 0.66213,
        "recall_at_1": 0.541,
        "recall_at_3": 0.74,
        "recall_at_5": 0.823,
        "recall_at_10": 0.876,
        "recall_at_20": 0.919,
        "recall_at_100": 0.982,
        "recall_at_1000": 1.0,
        "accuracy": 0.541,
        "precision_at_1": 0.541,
        "precision_at_3": 0.24667,
        "precision_at_5": 0.1646,
        "precision_at_10": 0.0876,
        "precision_at_20": 0.04595,
        "precision_at_100": 0.00982,
        "precision_at_1000": 0.001,
        "mrr_at_1": 0.541,
        "mrr_at_3": 0.631167,
        "mrr_at_5": 0.650167,
        "mrr_at_10": 0.657401,
        "mrr_at_20": 0.660345,
        "mrr_at_100": 0.662034,
        "mrr_at_1000": 0.662129,
        "nauc_ndcg_at_1_max": 0.330426,
        "nauc_ndcg_at_1_std": -0.02012,
        "nauc_ndcg_at_1_diff1": 0.616665,
        "nauc_ndcg_at_3_max": 0.413501,
        "nauc_ndcg_at_3_std": -0.000101,
        "nauc_ndcg_at_3_diff1": 0.566019,
        "nauc_ndcg_at_5_max": 0.428138,
        "nauc_ndcg_at_5_std": 0.014275,
        "nauc_ndcg_at_5_diff1": 0.560782,
        "nauc_ndcg_at_10_max": 0.430485,
        "nauc_ndcg_at_10_std": 0.017278,
        "nauc_ndcg_at_10_diff1": 0.564447,
        "nauc_ndcg_at_20_max": 0.421069,
        "nauc_ndcg_at_20_std": 0.011769,
        "nauc_ndcg_at_20_diff1": 0.564181,
        "nauc_ndcg_at_100_max": 0.411278,
        "nauc_ndcg_at_100_std": 0.012152,
        "nauc_ndcg_at_100_diff1": 0.568785,
        "nauc_ndcg_at_1000_max": 0.40739,
        "nauc_ndcg_at_1000_std": 0.007948,
        "nauc_ndcg_at_1000_diff1": 0.571924,
        "nauc_map_at_1_max": 0.330426,
        "nauc_map_at_1_std": -0.02012,
        "nauc_map_at_1_diff1": 0.616665,
        "nauc_map_at_3_max": 0.391446,
        "nauc_map_at_3_std": -0.005769,
        "nauc_map_at_3_diff1": 0.579118,
        "nauc_map_at_5_max": 0.397743,
        "nauc_map_at_5_std": 0.001297,
        "nauc_map_at_5_diff1": 0.576825,
        "nauc_map_at_10_max": 0.398072,
        "nauc_map_at_10_std": 0.002271,
        "nauc_map_at_10_diff1": 0.578423,
        "nauc_map_at_20_max": 0.395471,
        "nauc_map_at_20_std": 0.000833,
        "nauc_map_at_20_diff1": 0.578541,
        "nauc_map_at_100_max": 0.394474,
        "nauc_map_at_100_std": 0.001231,
        "nauc_map_at_100_diff1": 0.578879,
        "nauc_map_at_1000_max": 0.394352,
        "nauc_map_at_1000_std": 0.001087,
        "nauc_map_at_1000_diff1": 0.579029,
        "nauc_recall_at_1_max": 0.330426,
        "nauc_recall_at_1_std": -0.02012,
        "nauc_recall_at_1_diff1": 0.616665,
        "nauc_recall_at_3_max": 0.492839,
        "nauc_recall_at_3_std": 0.02048,
        "nauc_recall_at_3_diff1": 0.519085,
        "nauc_recall_at_5_max": 0.574927,
        "nauc_recall_at_5_std": 0.079049,
        "nauc_recall_at_5_diff1": 0.484817,
        "nauc_recall_at_10_max": 0.642641,
        "nauc_recall_at_10_std": 0.119295,
        "nauc_recall_at_10_diff1": 0.478906,
        "nauc_recall_at_20_max": 0.64722,
        "nauc_recall_at_20_std": 0.110431,
        "nauc_recall_at_20_diff1": 0.432929,
        "nauc_recall_at_100_max": 0.770386,
        "nauc_recall_at_100_std": 0.39073,
        "nauc_recall_at_100_diff1": 0.324593,
        "nauc_recall_at_1000_max": NaN,
        "nauc_recall_at_1000_std": NaN,
        "nauc_recall_at_1000_diff1": NaN,
        "nauc_precision_at_1_max": 0.330426,
        "nauc_precision_at_1_std": -0.02012,
        "nauc_precision_at_1_diff1": 0.616665,
        "nauc_precision_at_3_max": 0.492839,
        "nauc_precision_at_3_std": 0.02048,
        "nauc_precision_at_3_diff1": 0.519085,
        "nauc_precision_at_5_max": 0.574927,
        "nauc_precision_at_5_std": 0.079049,
        "nauc_precision_at_5_diff1": 0.484817,
        "nauc_precision_at_10_max": 0.642641,
        "nauc_precision_at_10_std": 0.119295,
        "nauc_precision_at_10_diff1": 0.478906,
        "nauc_precision_at_20_max": 0.64722,
        "nauc_precision_at_20_std": 0.110431,
        "nauc_precision_at_20_diff1": 0.432929,
        "nauc_precision_at_100_max": 0.770386,
        "nauc_precision_at_100_std": 0.39073,
        "nauc_precision_at_100_diff1": 0.324593,
        "nauc_precision_at_1000_max": NaN,
        "nauc_precision_at_1000_std": NaN,
        "nauc_precision_at_1000_diff1": NaN,
        "nauc_mrr_at_1_max": 0.330426,
        "nauc_mrr_at_1_std": -0.02012,
        "nauc_mrr_at_1_diff1": 0.616665,
        "nauc_mrr_at_3_max": 0.391446,
        "nauc_mrr_at_3_std": -0.005769,
        "nauc_mrr_at_3_diff1": 0.579118,
        "nauc_mrr_at_5_max": 0.397743,
        "nauc_mrr_at_5_std": 0.001297,
        "nauc_mrr_at_5_diff1": 0.576825,
        "nauc_mrr_at_10_max": 0.398072,
        "nauc_mrr_at_10_std": 0.002271,
        "nauc_mrr_at_10_diff1": 0.578423,
        "nauc_mrr_at_20_max": 0.395471,
        "nauc_mrr_at_20_std": 0.000833,
        "nauc_mrr_at_20_diff1": 0.578541,
        "nauc_mrr_at_100_max": 0.394474,
        "nauc_mrr_at_100_std": 0.001231,
        "nauc_mrr_at_100_diff1": 0.578879,
        "nauc_mrr_at_1000_max": 0.394352,
        "nauc_mrr_at_1000_std": 0.001087,
        "nauc_mrr_at_1000_diff1": 0.579029,
        "hit_rate_at_1": 0.541,
        "hit_rate_at_3": 0.74,
        "hit_rate_at_5": 0.823,
        "hit_rate_at_10": 0.876,
        "hit_rate_at_20": 0.919,
        "hit_rate_at_100": 0.982,
        "hit_rate_at_1000": 1.0,
        "main_score": 0.71074,
        "hf_subset": "default",
        "languages": [
          "eng-Latn"
        ],
        "mteb_version": "2.12.32"
      }
    ]
  },
  "evaluation_time": 2279.8361530303955,
  "kg_co2_emissions": null,
  "date": null
}