{
  "dataset_revision": "10c7ce0eb32d620f1f685bfedde2724066068a1c",
  "task_name": "WorldSense1MinVideoAudioCentricQA",
  "mteb_version": "2.12.32",
  "scores": {
    "test": [
      {
        "ndcg_at_1": 0.33906,
        "ndcg_at_3": 0.61304,
        "ndcg_at_5": 0.69078,
        "ndcg_at_10": 0.69078,
        "ndcg_at_20": 0.69078,
        "ndcg_at_100": 0.69078,
        "ndcg_at_1000": 0.69078,
        "map_at_1": 0.33906,
        "map_at_3": 0.54218,
        "map_at_5": 0.58731,
        "map_at_10": 0.58731,
        "map_at_20": 0.58731,
        "map_at_100": 0.58731,
        "map_at_1000": 0.58731,
        "recall_at_1": 0.33906,
        "recall_at_3": 0.81948,
        "recall_at_5": 1.0,
        "recall_at_10": 1.0,
        "recall_at_20": 1.0,
        "recall_at_100": 1.0,
        "recall_at_1000": 1.0,
        "accuracy": 0.33906,
        "precision_at_1": 0.33906,
        "precision_at_3": 0.27316,
        "precision_at_5": 0.2,
        "precision_at_10": 0.1,
        "precision_at_20": 0.05,
        "precision_at_100": 0.01,
        "precision_at_1000": 0.001,
        "mrr_at_1": 0.339064,
        "mrr_at_3": 0.542184,
        "mrr_at_5": 0.587313,
        "mrr_at_10": 0.587313,
        "mrr_at_20": 0.587313,
        "mrr_at_100": 0.587313,
        "mrr_at_1000": 0.587313,
        "nauc_ndcg_at_1_max": 0.063524,
        "nauc_ndcg_at_1_std": 0.058045,
        "nauc_ndcg_at_1_diff1": -0.022417,
        "nauc_ndcg_at_3_max": 0.078095,
        "nauc_ndcg_at_3_std": 0.097613,
        "nauc_ndcg_at_3_diff1": 0.019767,
        "nauc_ndcg_at_5_max": 0.080803,
        "nauc_ndcg_at_5_std": 0.083844,
        "nauc_ndcg_at_5_diff1": -0.009575,
        "nauc_ndcg_at_10_max": 0.080803,
        "nauc_ndcg_at_10_std": 0.083844,
        "nauc_ndcg_at_10_diff1": -0.009575,
        "nauc_ndcg_at_20_max": 0.080803,
        "nauc_ndcg_at_20_std": 0.083844,
        "nauc_ndcg_at_20_diff1": -0.009575,
        "nauc_ndcg_at_100_max": 0.080803,
        "nauc_ndcg_at_100_std": 0.083844,
        "nauc_ndcg_at_100_diff1": -0.009575,
        "nauc_ndcg_at_1000_max": 0.080803,
        "nauc_ndcg_at_1000_std": 0.083844,
        "nauc_ndcg_at_1000_diff1": -0.009575,
        "nauc_map_at_1_max": 0.063524,
        "nauc_map_at_1_std": 0.058045,
        "nauc_map_at_1_diff1": -0.022417,
        "nauc_map_at_3_max": 0.078775,
        "nauc_map_at_3_std": 0.089921,
        "nauc_map_at_3_diff1": 0.004944,
        "nauc_map_at_5_max": 0.080079,
        "nauc_map_at_5_std": 0.082549,
        "nauc_map_at_5_diff1": -0.01049,
        "nauc_map_at_10_max": 0.080079,
        "nauc_map_at_10_std": 0.082549,
        "nauc_map_at_10_diff1": -0.01049,
        "nauc_map_at_20_max": 0.080079,
        "nauc_map_at_20_std": 0.082549,
        "nauc_map_at_20_diff1": -0.01049,
        "nauc_map_at_100_max": 0.080079,
        "nauc_map_at_100_std": 0.082549,
        "nauc_map_at_100_diff1": -0.01049,
        "nauc_map_at_1000_max": 0.080079,
        "nauc_map_at_1000_std": 0.082549,
        "nauc_map_at_1000_diff1": -0.01049,
        "nauc_recall_at_1_max": 0.063524,
        "nauc_recall_at_1_std": 0.058045,
        "nauc_recall_at_1_diff1": -0.022417,
        "nauc_recall_at_3_max": 0.071322,
        "nauc_recall_at_3_std": 0.132045,
        "nauc_recall_at_3_diff1": 0.093144,
        "nauc_recall_at_5_max": NaN,
        "nauc_recall_at_5_std": NaN,
        "nauc_recall_at_5_diff1": NaN,
        "nauc_recall_at_10_max": NaN,
        "nauc_recall_at_10_std": NaN,
        "nauc_recall_at_10_diff1": NaN,
        "nauc_recall_at_20_max": NaN,
        "nauc_recall_at_20_std": NaN,
        "nauc_recall_at_20_diff1": NaN,
        "nauc_recall_at_100_max": NaN,
        "nauc_recall_at_100_std": NaN,
        "nauc_recall_at_100_diff1": NaN,
        "nauc_recall_at_1000_max": NaN,
        "nauc_recall_at_1000_std": NaN,
        "nauc_recall_at_1000_diff1": NaN,
        "nauc_precision_at_1_max": 0.063524,
        "nauc_precision_at_1_std": 0.058045,
        "nauc_precision_at_1_diff1": -0.022417,
        "nauc_precision_at_3_max": 0.071322,
        "nauc_precision_at_3_std": 0.132045,
        "nauc_precision_at_3_diff1": 0.093144,
        "nauc_precision_at_5_max": NaN,
        "nauc_precision_at_5_std": NaN,
        "nauc_precision_at_5_diff1": NaN,
        "nauc_precision_at_10_max": NaN,
        "nauc_precision_at_10_std": NaN,
        "nauc_precision_at_10_diff1": NaN,
        "nauc_precision_at_20_max": NaN,
        "nauc_precision_at_20_std": NaN,
        "nauc_precision_at_20_diff1": NaN,
        "nauc_precision_at_100_max": NaN,
        "nauc_precision_at_100_std": NaN,
        "nauc_precision_at_100_diff1": NaN,
        "nauc_precision_at_1000_max": NaN,
        "nauc_precision_at_1000_std": NaN,
        "nauc_precision_at_1000_diff1": NaN,
        "nauc_mrr_at_1_max": 0.063524,
        "nauc_mrr_at_1_std": 0.058045,
        "nauc_mrr_at_1_diff1": -0.022417,
        "nauc_mrr_at_3_max": 0.078775,
        "nauc_mrr_at_3_std": 0.089921,
        "nauc_mrr_at_3_diff1": 0.004944,
        "nauc_mrr_at_5_max": 0.080079,
        "nauc_mrr_at_5_std": 0.082549,
        "nauc_mrr_at_5_diff1": -0.01049,
        "nauc_mrr_at_10_max": 0.080079,
        "nauc_mrr_at_10_std": 0.082549,
        "nauc_mrr_at_10_diff1": -0.01049,
        "nauc_mrr_at_20_max": 0.080079,
        "nauc_mrr_at_20_std": 0.082549,
        "nauc_mrr_at_20_diff1": -0.01049,
        "nauc_mrr_at_100_max": 0.080079,
        "nauc_mrr_at_100_std": 0.082549,
        "nauc_mrr_at_100_diff1": -0.01049,
        "nauc_mrr_at_1000_max": 0.080079,
        "nauc_mrr_at_1000_std": 0.082549,
        "nauc_mrr_at_1000_diff1": -0.01049,
        "hit_rate_at_1": 0.33906,
        "hit_rate_at_3": 0.81948,
        "hit_rate_at_5": 1.0,
        "hit_rate_at_10": 1.0,
        "hit_rate_at_20": 1.0,
        "hit_rate_at_100": 1.0,
        "hit_rate_at_1000": 1.0,
        "main_score": 0.33906,
        "hf_subset": "default",
        "languages": [
          "eng-Latn"
        ],
        "mteb_version": "2.12.32"
      }
    ]
  },
  "evaluation_time": 1028.6429829597473,
  "kg_co2_emissions": null,
  "date": null
}