{
  "dataset_revision": "e19b6ffa60b3bc248e0b41f4cc37c26a55c2a67b",
  "evaluation_time": 70.5237774848938,
  "kg_co2_emissions": null,
  "mteb_version": "1.12.47",
  "scores": {
    "test": [
      {
        "hf_subset": "default",
        "languages": [
          "rus-Cyrl"
        ],
        "main_score": 0.00236,
        "map_at_1": 0.00108,
        "map_at_10": 0.00174,
        "map_at_100": 0.00192,
        "map_at_1000": 0.002,
        "map_at_20": 0.0018,
        "map_at_3": 0.00153,
        "map_at_5": 0.00161,
        "mrr_at_1": 0.0017730496453900709,
        "mrr_at_10": 0.0027334515366430256,
        "mrr_at_100": 0.002957532928864609,
        "mrr_at_1000": 0.0030660843138422987,
        "mrr_at_20": 0.002821945993097432,
        "mrr_at_3": 0.00256107171000788,
        "mrr_at_5": 0.00256107171000788,
        "nauc_map_at_1000_diff1": 0.3184223007947577,
        "nauc_map_at_1000_max": 0.3725536580913425,
        "nauc_map_at_1000_std": -0.11382608300863063,
        "nauc_map_at_100_diff1": 0.3216690113402608,
        "nauc_map_at_100_max": 0.38326561357308575,
        "nauc_map_at_100_std": -0.113482551993637,
        "nauc_map_at_10_diff1": 0.3480607391115328,
        "nauc_map_at_10_max": 0.44980054023171134,
        "nauc_map_at_10_std": -0.14091581331184552,
        "nauc_map_at_1_diff1": 0.517455176332843,
        "nauc_map_at_1_max": 0.713748272796447,
        "nauc_map_at_1_std": -0.2471838190054483,
        "nauc_map_at_20_diff1": 0.3403631915890522,
        "nauc_map_at_20_max": 0.42354049266262767,
        "nauc_map_at_20_std": -0.137416487686179,
        "nauc_map_at_3_diff1": 0.41905292548887696,
        "nauc_map_at_3_max": 0.5379218650883356,
        "nauc_map_at_3_std": -0.17783589335235,
        "nauc_map_at_5_diff1": 0.4143609453370151,
        "nauc_map_at_5_max": 0.48333014166709,
        "nauc_map_at_5_std": -0.1200279967460999,
        "nauc_mrr_at_1000_diff1": 0.1411013919612999,
        "nauc_mrr_at_1000_max": 0.361956747621872,
        "nauc_mrr_at_1000_std": -0.0991555054160482,
        "nauc_mrr_at_100_diff1": 0.14103642336225924,
        "nauc_mrr_at_100_max": 0.37091738465617863,
        "nauc_mrr_at_100_std": -0.09783237273271007,
        "nauc_mrr_at_10_diff1": 0.15401125128794405,
        "nauc_mrr_at_10_max": 0.41697065824447543,
        "nauc_mrr_at_10_std": -0.10787036667836361,
        "nauc_mrr_at_1_diff1": 0.33505119661733046,
        "nauc_mrr_at_1_max": 0.4752051667934864,
        "nauc_mrr_at_1_std": -0.024565305995475118,
        "nauc_mrr_at_20_diff1": 0.1463978054358666,
        "nauc_mrr_at_20_max": 0.39391302402687367,
        "nauc_mrr_at_20_std": -0.10225056241154648,
        "nauc_mrr_at_3_diff1": 0.1947370711663476,
        "nauc_mrr_at_3_max": 0.44328583289358037,
        "nauc_mrr_at_3_std": -0.0899926704608896,
        "nauc_mrr_at_5_diff1": 0.1947370711663476,
        "nauc_mrr_at_5_max": 0.44328583289358037,
        "nauc_mrr_at_5_std": -0.0899926704608896,
        "nauc_ndcg_at_1000_diff1": 0.1656751176721814,
        "nauc_ndcg_at_1000_max": 0.13109106677879204,
        "nauc_ndcg_at_1000_std": -0.08487744603636824,
        "nauc_ndcg_at_100_diff1": 0.16291689978694684,
        "nauc_ndcg_at_100_max": 0.18342982457200416,
        "nauc_ndcg_at_100_std": -0.05695891687308441,
        "nauc_ndcg_at_10_diff1": 0.23531096752445949,
        "nauc_ndcg_at_10_max": 0.35838243334180736,
        "nauc_ndcg_at_10_std": -0.11239625394291414,
        "nauc_ndcg_at_1_diff1": 0.33505119661733046,
        "nauc_ndcg_at_1_max": 0.4752051667934864,
        "nauc_ndcg_at_1_std": -0.024565305995475118,
        "nauc_ndcg_at_20_diff1": 0.22709183510236497,
        "nauc_ndcg_at_20_max": 0.2953036957555717,
        "nauc_ndcg_at_20_std": -0.1066861875821171,
        "nauc_ndcg_at_3_diff1": 0.3448523739234368,
        "nauc_ndcg_at_3_max": 0.4640087754049853,
        "nauc_ndcg_at_3_std": -0.1290487821264828,
        "nauc_ndcg_at_5_diff1": 0.34372535332448095,
        "nauc_ndcg_at_5_max": 0.4093185773616919,
        "nauc_ndcg_at_5_std": -0.06958393101448189,
        "nauc_precision_at_1000_diff1": 0.07665578773826756,
        "nauc_precision_at_1000_max": 0.0354030101338576,
        "nauc_precision_at_1000_std": -0.08165899567612217,
        "nauc_precision_at_100_diff1": 0.0188089133126166,
        "nauc_precision_at_100_max": -0.01299024707774089,
        "nauc_precision_at_100_std": 0.017557156849470342,
        "nauc_precision_at_10_diff1": 0.04724170834904558,
        "nauc_precision_at_10_max": 0.18925015975103365,
        "nauc_precision_at_10_std": -0.02431480270862626,
        "nauc_precision_at_1_diff1": 0.33505119661733046,
        "nauc_precision_at_1_max": 0.4752051667934864,
        "nauc_precision_at_1_std": -0.024565305995475118,
        "nauc_precision_at_20_diff1": 0.046592526406292537,
        "nauc_precision_at_20_max": 0.09696826887944401,
        "nauc_precision_at_20_std": -0.019425421320513434,
        "nauc_precision_at_3_diff1": 0.16931683782050358,
        "nauc_precision_at_3_max": 0.3749596519847124,
        "nauc_precision_at_3_std": -0.08094415350425022,
        "nauc_precision_at_5_diff1": 0.1913364081168174,
        "nauc_precision_at_5_max": 0.23933905889839058,
        "nauc_precision_at_5_std": 0.07347643985349998,
        "nauc_recall_at_1000_diff1": 0.15436062396838474,
        "nauc_recall_at_1000_max": 0.041977157333638423,
        "nauc_recall_at_1000_std": -0.08236485377987215,
        "nauc_recall_at_100_diff1": 0.06252796923947451,
        "nauc_recall_at_100_max": -0.0351165639713565,
        "nauc_recall_at_100_std": 0.0010542769900263606,
        "nauc_recall_at_10_diff1": 0.180557538646245,
        "nauc_recall_at_10_max": 0.21381018669074403,
        "nauc_recall_at_10_std": -0.08831957439251273,
        "nauc_recall_at_1_diff1": 0.517455176332843,
        "nauc_recall_at_1_max": 0.713748272796447,
        "nauc_recall_at_1_std": -0.2471838190054483,
        "nauc_recall_at_20_diff1": 0.19537158967027518,
        "nauc_recall_at_20_max": 0.09978652381928972,
        "nauc_recall_at_20_std": -0.09176156917916842,
        "nauc_recall_at_3_diff1": 0.42266517047699564,
        "nauc_recall_at_3_max": 0.3557147263747139,
        "nauc_recall_at_3_std": -0.06683803886219203,
        "nauc_recall_at_5_diff1": 0.4143975587618043,
        "nauc_recall_at_5_max": 0.27820645754185935,
        "nauc_recall_at_5_std": 0.02206513104299074,
        "ndcg_at_1": 0.00177,
        "ndcg_at_10": 0.00236,
        "ndcg_at_100": 0.00343,
        "ndcg_at_1000": 0.00661,
        "ndcg_at_20": 0.0026,
        "ndcg_at_3": 0.00193,
        "ndcg_at_5": 0.00204,
        "precision_at_1": 0.00177,
        "precision_at_10": 0.00053,
        "precision_at_100": 0.00013,
        "precision_at_1000": 5e-05,
        "precision_at_20": 0.00033,
        "precision_at_3": 0.00118,
        "precision_at_5": 0.00083,
        "recall_at_1": 0.00108,
        "recall_at_10": 0.00325,
        "recall_at_100": 0.00808,
        "recall_at_1000": 0.03256,
        "recall_at_20": 0.00414,
        "recall_at_3": 0.00217,
        "recall_at_5": 0.00236
      }
    ]
  },
  "task_name": "RuBQRetrieval"
}