{
  "dataset_revision": "a0d554a64d88156834ff5ae9920b964011b16384",
  "evaluation_time": 103.24800324440002,
  "kg_co2_emissions": null,
  "mteb_version": "1.12.21",
  "scores": {
    "test": [
      {
        "cosine_pearson": 0.8333606721017626,
        "cosine_spearman": 0.7333804727079534,
        "euclidean_pearson": 0.8043018131836732,
        "euclidean_spearman": 0.7333804727079534,
        "hf_subset": "default",
        "languages": [
          "eng-Latn"
        ],
        "main_score": 0.7333804727079534,
        "manhattan_pearson": 0.8042464732641875,
        "manhattan_spearman": 0.7336214996888313
      }
    ]
  },
  "task_name": "STS12"
}