{
  "dataset_revision": "666f63bba2387456d8f846ea4d0565181bd47b81",
  "mteb_dataset_name": "MalayalamNewsClassification",
  "mteb_version": "1.7.5",
  "test": {
    "accuracy": 0.6288095238095237,
    "accuracy_stderr": 0.04947704599226733,
    "evaluation_time": 36.9,
    "f1": 0.6292296368209634,
    "f1_stderr": 0.05115561710445759,
    "main_score": 0.6288095238095237
  }
}