{
  "dataset_revision": "7640cf8132cca1f99995ac71512a670e3c965cf1",
  "mteb_dataset_name": "MarathiNewsClassification",
  "mteb_version": "1.7.5",
  "test": {
    "accuracy": 0.65322265625,
    "accuracy_stderr": 0.04016023489925185,
    "evaluation_time": 32.59,
    "f1": 0.60987923132407,
    "f1_stderr": 0.031327656943194004,
    "main_score": 0.65322265625
  }
}