{
  "dataset_revision": "3f60c92a79e3b09aa48688aa2b8437037a5720e8",
  "task_name": "ElasticKBRetrieval",
  "mteb_version": "2.12.26",
  "scores": {
    "test": [
      {
        "ndcg_at_1": 0.0,
        "ndcg_at_3": 0.00688,
        "ndcg_at_5": 0.0073,
        "ndcg_at_10": 0.00916,
        "ndcg_at_20": 0.00938,
        "ndcg_at_100": 0.0117,
        "ndcg_at_1000": 0.0395,
        "map_at_1": 0.0,
        "map_at_3": 0.00016,
        "map_at_5": 0.00018,
        "map_at_10": 0.00029,
        "map_at_20": 0.00037,
        "map_at_100": 0.00057,
        "map_at_1000": 0.00173,
        "recall_at_1": 0.0,
        "recall_at_3": 0.00036,
        "recall_at_5": 0.00045,
        "recall_at_10": 0.00122,
        "recall_at_20": 0.00225,
        "recall_at_100": 0.00813,
        "recall_at_1000": 0.09306,
        "accuracy": 0.0,
        "precision_at_1": 0.0,
        "precision_at_3": 0.00873,
        "precision_at_5": 0.00857,
        "precision_at_10": 0.01048,
        "precision_at_20": 0.00964,
        "precision_at_100": 0.0101,
        "precision_at_1000": 0.01027,
        "mrr_at_1": 0.0,
        "mrr_at_3": 0.010714,
        "mrr_at_5": 0.014524,
        "mrr_at_10": 0.020239,
        "mrr_at_20": 0.023236,
        "mrr_at_100": 0.027055,
        "mrr_at_1000": 0.028587,
        "nauc_ndcg_at_1_max": NaN,
        "nauc_ndcg_at_1_std": NaN,
        "nauc_ndcg_at_1_diff1": NaN,
        "nauc_ndcg_at_3_max": 0.127934,
        "nauc_ndcg_at_3_std": -0.003323,
        "nauc_ndcg_at_3_diff1": 0.401227,
        "nauc_ndcg_at_5_max": 0.154331,
        "nauc_ndcg_at_5_std": -0.019952,
        "nauc_ndcg_at_5_diff1": 0.325637,
        "nauc_ndcg_at_10_max": 0.007422,
        "nauc_ndcg_at_10_std": 0.007382,
        "nauc_ndcg_at_10_diff1": 0.099057,
        "nauc_ndcg_at_20_max": -0.066977,
        "nauc_ndcg_at_20_std": 0.014415,
        "nauc_ndcg_at_20_diff1": 0.01435,
        "nauc_ndcg_at_100_max": -0.078603,
        "nauc_ndcg_at_100_std": 0.03979,
        "nauc_ndcg_at_100_diff1": -0.026368,
        "nauc_ndcg_at_1000_max": -0.03399,
        "nauc_ndcg_at_1000_std": -0.000828,
        "nauc_ndcg_at_1000_diff1": -0.016268,
        "nauc_map_at_1_max": NaN,
        "nauc_map_at_1_std": NaN,
        "nauc_map_at_1_diff1": NaN,
        "nauc_map_at_3_max": 0.227869,
        "nauc_map_at_3_std": -0.295644,
        "nauc_map_at_3_diff1": 0.830755,
        "nauc_map_at_5_max": 0.246375,
        "nauc_map_at_5_std": -0.263096,
        "nauc_map_at_5_diff1": 0.789404,
        "nauc_map_at_10_max": 0.007078,
        "nauc_map_at_10_std": -0.011495,
        "nauc_map_at_10_diff1": 0.342463,
        "nauc_map_at_20_max": -0.027919,
        "nauc_map_at_20_std": -0.038747,
        "nauc_map_at_20_diff1": 0.251163,
        "nauc_map_at_100_max": -0.028331,
        "nauc_map_at_100_std": -0.004781,
        "nauc_map_at_100_diff1": 0.166104,
        "nauc_map_at_1000_max": -0.059369,
        "nauc_map_at_1000_std": -0.001025,
        "nauc_map_at_1000_diff1": 0.034486,
        "nauc_recall_at_1_max": NaN,
        "nauc_recall_at_1_std": NaN,
        "nauc_recall_at_1_diff1": NaN,
        "nauc_recall_at_3_max": 0.201306,
        "nauc_recall_at_3_std": -0.266256,
        "nauc_recall_at_3_diff1": 0.783602,
        "nauc_recall_at_5_max": 0.23672,
        "nauc_recall_at_5_std": -0.21868,
        "nauc_recall_at_5_diff1": 0.716746,
        "nauc_recall_at_10_max": -0.165997,
        "nauc_recall_at_10_std": 0.18397,
        "nauc_recall_at_10_diff1": 0.002992,
        "nauc_recall_at_20_max": -0.199163,
        "nauc_recall_at_20_std": 0.009169,
        "nauc_recall_at_20_diff1": -0.083718,
        "nauc_recall_at_100_max": -0.0885,
        "nauc_recall_at_100_std": 0.050611,
        "nauc_recall_at_100_diff1": -0.07669,
        "nauc_recall_at_1000_max": -0.04097,
        "nauc_recall_at_1000_std": 0.011244,
        "nauc_recall_at_1000_diff1": 0.023579,
        "nauc_precision_at_1_max": NaN,
        "nauc_precision_at_1_std": NaN,
        "nauc_precision_at_1_diff1": NaN,
        "nauc_precision_at_3_max": 0.126765,
        "nauc_precision_at_3_std": -0.00239,
        "nauc_precision_at_3_diff1": 0.38354,
        "nauc_precision_at_5_max": 0.15896,
        "nauc_precision_at_5_std": -0.026757,
        "nauc_precision_at_5_diff1": 0.292624,
        "nauc_precision_at_10_max": -0.011665,
        "nauc_precision_at_10_std": -0.004433,
        "nauc_precision_at_10_diff1": 0.039966,
        "nauc_precision_at_20_max": -0.09861,
        "nauc_precision_at_20_std": 0.016372,
        "nauc_precision_at_20_diff1": -0.05426,
        "nauc_precision_at_100_max": -0.094429,
        "nauc_precision_at_100_std": 0.048193,
        "nauc_precision_at_100_diff1": -0.068071,
        "nauc_precision_at_1000_max": -0.075754,
        "nauc_precision_at_1000_std": 0.016212,
        "nauc_precision_at_1000_diff1": -0.05424,
        "nauc_mrr_at_1_max": NaN,
        "nauc_mrr_at_1_std": NaN,
        "nauc_mrr_at_1_diff1": NaN,
        "nauc_mrr_at_3_max": 0.1288,
        "nauc_mrr_at_3_std": -0.004015,
        "nauc_mrr_at_3_diff1": 0.414334,
        "nauc_mrr_at_5_max": 0.150588,
        "nauc_mrr_at_5_std": -0.014847,
        "nauc_mrr_at_5_diff1": 0.352769,
        "nauc_mrr_at_10_max": 0.039818,
        "nauc_mrr_at_10_std": 0.014698,
        "nauc_mrr_at_10_diff1": 0.193022,
        "nauc_mrr_at_20_max": 0.012372,
        "nauc_mrr_at_20_std": 0.006827,
        "nauc_mrr_at_20_diff1": 0.142533,
        "nauc_mrr_at_100_max": 0.011288,
        "nauc_mrr_at_100_std": -0.003599,
        "nauc_mrr_at_100_diff1": 0.112947,
        "nauc_mrr_at_1000_max": 0.014379,
        "nauc_mrr_at_1000_std": -0.003064,
        "nauc_mrr_at_1000_diff1": 0.117104,
        "hit_rate_at_1": 0.0,
        "hit_rate_at_3": 0.02619,
        "hit_rate_at_5": 0.04286,
        "hit_rate_at_10": 0.08571,
        "hit_rate_at_20": 0.12857,
        "hit_rate_at_100": 0.2881,
        "hit_rate_at_1000": 0.67619,
        "main_score": 0.00916,
        "hf_subset": "en",
        "languages": [
          "eng-Latn"
        ]
      }
    ]
  },
  "evaluation_time": 1.3342299461364746,
  "kg_co2_emissions": null,
  "date": 1776867528.81843
}