{
  "dataset_revision": "f8c2fcf00f625baaa80f62ec5bd9e1fff3b8ae88",
  "task_name": "SCIDOCS",
  "mteb_version": "1.25.6",
  "scores": {
    "test": [
      {
        "ndcg_at_1": 0.026,
        "ndcg_at_3": 0.01934,
        "ndcg_at_5": 0.01769,
        "ndcg_at_10": 0.02544,
        "ndcg_at_20": 0.03277,
        "ndcg_at_100": 0.05475,
        "ndcg_at_1000": 0.10466,
        "map_at_1": 0.00525,
        "map_at_3": 0.0077,
        "map_at_5": 0.00901,
        "map_at_10": 0.01131,
        "map_at_20": 0.01302,
        "map_at_100": 0.01566,
        "map_at_1000": 0.01743,
        "recall_at_1": 0.00525,
        "recall_at_3": 0.01075,
        "recall_at_5": 0.0159,
        "recall_at_10": 0.0302,
        "recall_at_20": 0.04745,
        "recall_at_100": 0.12145,
        "recall_at_1000": 0.36923,
        "precision_at_1": 0.026,
        "precision_at_3": 0.01767,
        "precision_at_5": 0.0156,
        "precision_at_10": 0.0148,
        "precision_at_20": 0.01165,
        "precision_at_100": 0.00593,
        "precision_at_1000": 0.00182,
        "mrr_at_1": 0.026,
        "mrr_at_3": 0.036333,
        "mrr_at_5": 0.041683,
        "mrr_at_10": 0.049044,
        "mrr_at_20": 0.052958,
        "mrr_at_100": 0.057021,
        "mrr_at_1000": 0.058727,
        "nauc_ndcg_at_1_max": -0.099049,
        "nauc_ndcg_at_1_std": 0.217116,
        "nauc_ndcg_at_1_diff1": 0.12588,
        "nauc_ndcg_at_3_max": -0.118116,
        "nauc_ndcg_at_3_std": 0.207389,
        "nauc_ndcg_at_3_diff1": 0.077149,
        "nauc_ndcg_at_5_max": -0.068754,
        "nauc_ndcg_at_5_std": 0.205606,
        "nauc_ndcg_at_5_diff1": 0.050603,
        "nauc_ndcg_at_10_max": -0.024469,
        "nauc_ndcg_at_10_std": 0.222433,
        "nauc_ndcg_at_10_diff1": -0.001713,
        "nauc_ndcg_at_20_max": -0.023364,
        "nauc_ndcg_at_20_std": 0.227482,
        "nauc_ndcg_at_20_diff1": -0.015951,
        "nauc_ndcg_at_100_max": -0.00414,
        "nauc_ndcg_at_100_std": 0.292802,
        "nauc_ndcg_at_100_diff1": -0.0184,
        "nauc_ndcg_at_1000_max": 0.061444,
        "nauc_ndcg_at_1000_std": 0.350658,
        "nauc_ndcg_at_1000_diff1": -0.036984,
        "nauc_map_at_1_max": -0.103579,
        "nauc_map_at_1_std": 0.211095,
        "nauc_map_at_1_diff1": 0.134205,
        "nauc_map_at_3_max": -0.129094,
        "nauc_map_at_3_std": 0.212304,
        "nauc_map_at_3_diff1": 0.105969,
        "nauc_map_at_5_max": -0.093029,
        "nauc_map_at_5_std": 0.211456,
        "nauc_map_at_5_diff1": 0.078562,
        "nauc_map_at_10_max": -0.060459,
        "nauc_map_at_10_std": 0.228629,
        "nauc_map_at_10_diff1": 0.042722,
        "nauc_map_at_20_max": -0.053779,
        "nauc_map_at_20_std": 0.230932,
        "nauc_map_at_20_diff1": 0.033643,
        "nauc_map_at_100_max": -0.039836,
        "nauc_map_at_100_std": 0.259473,
        "nauc_map_at_100_diff1": 0.027204,
        "nauc_map_at_1000_max": -0.027781,
        "nauc_map_at_1000_std": 0.27661,
        "nauc_map_at_1000_diff1": 0.019336,
        "nauc_recall_at_1_max": -0.103579,
        "nauc_recall_at_1_std": 0.211095,
        "nauc_recall_at_1_diff1": 0.134205,
        "nauc_recall_at_3_max": -0.123363,
        "nauc_recall_at_3_std": 0.199543,
        "nauc_recall_at_3_diff1": 0.064359,
        "nauc_recall_at_5_max": -0.042808,
        "nauc_recall_at_5_std": 0.197982,
        "nauc_recall_at_5_diff1": 0.022815,
        "nauc_recall_at_10_max": 0.018386,
        "nauc_recall_at_10_std": 0.232156,
        "nauc_recall_at_10_diff1": -0.048103,
        "nauc_recall_at_20_max": 0.002641,
        "nauc_recall_at_20_std": 0.237681,
        "nauc_recall_at_20_diff1": -0.059143,
        "nauc_recall_at_100_max": 0.025645,
        "nauc_recall_at_100_std": 0.32879,
        "nauc_recall_at_100_diff1": -0.043547,
        "nauc_recall_at_1000_max": 0.130266,
        "nauc_recall_at_1000_std": 0.376971,
        "nauc_recall_at_1000_diff1": -0.060822,
        "nauc_precision_at_1_max": -0.099049,
        "nauc_precision_at_1_std": 0.217116,
        "nauc_precision_at_1_diff1": 0.12588,
        "nauc_precision_at_3_max": -0.118538,
        "nauc_precision_at_3_std": 0.20127,
        "nauc_precision_at_3_diff1": 0.059388,
        "nauc_precision_at_5_max": -0.036078,
        "nauc_precision_at_5_std": 0.199628,
        "nauc_precision_at_5_diff1": 0.019539,
        "nauc_precision_at_10_max": 0.026224,
        "nauc_precision_at_10_std": 0.230829,
        "nauc_precision_at_10_diff1": -0.048748,
        "nauc_precision_at_20_max": 0.00961,
        "nauc_precision_at_20_std": 0.236058,
        "nauc_precision_at_20_diff1": -0.0586,
        "nauc_precision_at_100_max": 0.023488,
        "nauc_precision_at_100_std": 0.330997,
        "nauc_precision_at_100_diff1": -0.038315,
        "nauc_precision_at_1000_max": 0.129935,
        "nauc_precision_at_1000_std": 0.377075,
        "nauc_precision_at_1000_diff1": -0.056082,
        "nauc_mrr_at_1_max": -0.099049,
        "nauc_mrr_at_1_std": 0.217116,
        "nauc_mrr_at_1_diff1": 0.12588,
        "nauc_mrr_at_3_max": -0.110429,
        "nauc_mrr_at_3_std": 0.204533,
        "nauc_mrr_at_3_diff1": 0.071093,
        "nauc_mrr_at_5_max": -0.07405,
        "nauc_mrr_at_5_std": 0.207479,
        "nauc_mrr_at_5_diff1": 0.054847,
        "nauc_mrr_at_10_max": -0.056098,
        "nauc_mrr_at_10_std": 0.204401,
        "nauc_mrr_at_10_diff1": 0.022811,
        "nauc_mrr_at_20_max": -0.053056,
        "nauc_mrr_at_20_std": 0.207915,
        "nauc_mrr_at_20_diff1": 0.014329,
        "nauc_mrr_at_100_max": -0.052592,
        "nauc_mrr_at_100_std": 0.215859,
        "nauc_mrr_at_100_diff1": 0.013421,
        "nauc_mrr_at_1000_max": -0.051807,
        "nauc_mrr_at_1000_std": 0.216182,
        "nauc_mrr_at_1000_diff1": 0.014216,
        "main_score": 0.02544,
        "hf_subset": "default",
        "languages": [
          "eng-Latn"
        ]
      }
    ]
  },
  "evaluation_time": 1571.0255191326141,
  "kg_co2_emissions": null
}