{
  "dataset_revision": "4661603cee25c1fd370e5478a2953203cf37155b",
  "task_name": "MSRVTTV2T",
  "mteb_version": "2.12.32",
  "scores": {
    "test": [
      {
        "ndcg_at_1": 0.40842,
        "ndcg_at_3": 0.51549,
        "ndcg_at_5": 0.54786,
        "ndcg_at_10": 0.57617,
        "ndcg_at_20": 0.59296,
        "ndcg_at_100": 0.61885,
        "ndcg_at_1000": 0.62405,
        "map_at_1": 0.40842,
        "map_at_3": 0.48919,
        "map_at_5": 0.50745,
        "map_at_10": 0.51911,
        "map_at_20": 0.52378,
        "map_at_100": 0.52749,
        "map_at_1000": 0.52771,
        "recall_at_1": 0.40842,
        "recall_at_3": 0.59158,
        "recall_at_5": 0.66894,
        "recall_at_10": 0.75654,
        "recall_at_20": 0.82253,
        "recall_at_100": 0.96018,
        "recall_at_1000": 1.0,
        "accuracy": 0.40842,
        "precision_at_1": 0.40842,
        "precision_at_3": 0.19719,
        "precision_at_5": 0.13379,
        "precision_at_10": 0.07565,
        "precision_at_20": 0.04113,
        "precision_at_100": 0.0096,
        "precision_at_1000": 0.001,
        "mrr_at_1": 0.408419,
        "mrr_at_3": 0.489192,
        "mrr_at_5": 0.507452,
        "mrr_at_10": 0.519115,
        "mrr_at_20": 0.523778,
        "mrr_at_100": 0.527494,
        "mrr_at_1000": 0.527708,
        "nauc_ndcg_at_1_max": 0.337164,
        "nauc_ndcg_at_1_std": -0.238586,
        "nauc_ndcg_at_1_diff1": 0.613029,
        "nauc_ndcg_at_3_max": 0.371474,
        "nauc_ndcg_at_3_std": -0.220502,
        "nauc_ndcg_at_3_diff1": 0.557171,
        "nauc_ndcg_at_5_max": 0.374385,
        "nauc_ndcg_at_5_std": -0.198859,
        "nauc_ndcg_at_5_diff1": 0.542199,
        "nauc_ndcg_at_10_max": 0.389502,
        "nauc_ndcg_at_10_std": -0.20265,
        "nauc_ndcg_at_10_diff1": 0.540482,
        "nauc_ndcg_at_20_max": 0.38969,
        "nauc_ndcg_at_20_std": -0.193196,
        "nauc_ndcg_at_20_diff1": 0.538358,
        "nauc_ndcg_at_100_max": 0.377491,
        "nauc_ndcg_at_100_std": -0.196586,
        "nauc_ndcg_at_100_diff1": 0.549316,
        "nauc_ndcg_at_1000_max": 0.374398,
        "nauc_ndcg_at_1000_std": -0.205545,
        "nauc_ndcg_at_1000_diff1": 0.552742,
        "nauc_map_at_1_max": 0.337164,
        "nauc_map_at_1_std": -0.238586,
        "nauc_map_at_1_diff1": 0.613029,
        "nauc_map_at_3_max": 0.36172,
        "nauc_map_at_3_std": -0.224184,
        "nauc_map_at_3_diff1": 0.569967,
        "nauc_map_at_5_max": 0.362886,
        "nauc_map_at_5_std": -0.21238,
        "nauc_map_at_5_diff1": 0.562124,
        "nauc_map_at_10_max": 0.369011,
        "nauc_map_at_10_std": -0.214272,
        "nauc_map_at_10_diff1": 0.562056,
        "nauc_map_at_20_max": 0.368658,
        "nauc_map_at_20_std": -0.212495,
        "nauc_map_at_20_diff1": 0.561809,
        "nauc_map_at_100_max": 0.366618,
        "nauc_map_at_100_std": -0.213355,
        "nauc_map_at_100_diff1": 0.56308,
        "nauc_map_at_1000_max": 0.366551,
        "nauc_map_at_1000_std": -0.213622,
        "nauc_map_at_1000_diff1": 0.563201,
        "nauc_recall_at_1_max": 0.337164,
        "nauc_recall_at_1_std": -0.238586,
        "nauc_recall_at_1_diff1": 0.613029,
        "nauc_recall_at_3_max": 0.402382,
        "nauc_recall_at_3_std": -0.209418,
        "nauc_recall_at_3_diff1": 0.517852,
        "nauc_recall_at_5_max": 0.41566,
        "nauc_recall_at_5_std": -0.149021,
        "nauc_recall_at_5_diff1": 0.471226,
        "nauc_recall_at_10_max": 0.486071,
        "nauc_recall_at_10_std": -0.150735,
        "nauc_recall_at_10_diff1": 0.444124,
        "nauc_recall_at_20_max": 0.519517,
        "nauc_recall_at_20_std": -0.064613,
        "nauc_recall_at_20_diff1": 0.399897,
        "nauc_recall_at_100_max": 0.547292,
        "nauc_recall_at_100_std": 0.260765,
        "nauc_recall_at_100_diff1": 0.378439,
        "nauc_recall_at_1000_max": NaN,
        "nauc_recall_at_1000_std": NaN,
        "nauc_recall_at_1000_diff1": NaN,
        "nauc_precision_at_1_max": 0.337164,
        "nauc_precision_at_1_std": -0.238586,
        "nauc_precision_at_1_diff1": 0.613029,
        "nauc_precision_at_3_max": 0.402382,
        "nauc_precision_at_3_std": -0.209418,
        "nauc_precision_at_3_diff1": 0.517852,
        "nauc_precision_at_5_max": 0.41566,
        "nauc_precision_at_5_std": -0.149021,
        "nauc_precision_at_5_diff1": 0.471226,
        "nauc_precision_at_10_max": 0.486071,
        "nauc_precision_at_10_std": -0.150735,
        "nauc_precision_at_10_diff1": 0.444124,
        "nauc_precision_at_20_max": 0.519517,
        "nauc_precision_at_20_std": -0.064613,
        "nauc_precision_at_20_diff1": 0.399897,
        "nauc_precision_at_100_max": 0.547292,
        "nauc_precision_at_100_std": 0.260765,
        "nauc_precision_at_100_diff1": 0.378439,
        "nauc_precision_at_1000_max": NaN,
        "nauc_precision_at_1000_std": NaN,
        "nauc_precision_at_1000_diff1": NaN,
        "nauc_mrr_at_1_max": 0.337164,
        "nauc_mrr_at_1_std": -0.238586,
        "nauc_mrr_at_1_diff1": 0.613029,
        "nauc_mrr_at_3_max": 0.36172,
        "nauc_mrr_at_3_std": -0.224184,
        "nauc_mrr_at_3_diff1": 0.569967,
        "nauc_mrr_at_5_max": 0.362886,
        "nauc_mrr_at_5_std": -0.21238,
        "nauc_mrr_at_5_diff1": 0.562124,
        "nauc_mrr_at_10_max": 0.369011,
        "nauc_mrr_at_10_std": -0.214272,
        "nauc_mrr_at_10_diff1": 0.562056,
        "nauc_mrr_at_20_max": 0.368658,
        "nauc_mrr_at_20_std": -0.212495,
        "nauc_mrr_at_20_diff1": 0.561809,
        "nauc_mrr_at_100_max": 0.366618,
        "nauc_mrr_at_100_std": -0.213355,
        "nauc_mrr_at_100_diff1": 0.56308,
        "nauc_mrr_at_1000_max": 0.366551,
        "nauc_mrr_at_1000_std": -0.213622,
        "nauc_mrr_at_1000_diff1": 0.563201,
        "hit_rate_at_1": 0.40842,
        "hit_rate_at_3": 0.59158,
        "hit_rate_at_5": 0.66894,
        "hit_rate_at_10": 0.75654,
        "hit_rate_at_20": 0.82253,
        "hit_rate_at_100": 0.96018,
        "hit_rate_at_1000": 1.0,
        "main_score": 0.57617,
        "hf_subset": "default",
        "languages": [
          "eng-Latn"
        ],
        "mteb_version": "2.12.32"
      }
    ]
  },
  "evaluation_time": 414.7867739200592,
  "kg_co2_emissions": null,
  "date": null
}