{
  "dataset_revision": "10c7ce0eb32d620f1f685bfedde2724066068a1c",
  "task_name": "WorldSense1MinVideoAudioCentricQA",
  "mteb_version": "2.12.32",
  "scores": {
    "test": [
      {
        "ndcg_at_1": 0.3553,
        "ndcg_at_3": 0.63248,
        "ndcg_at_5": 0.70241,
        "ndcg_at_10": 0.70241,
        "ndcg_at_20": 0.70241,
        "ndcg_at_100": 0.70241,
        "ndcg_at_1000": 0.70241,
        "map_at_1": 0.3553,
        "map_at_3": 0.56192,
        "map_at_5": 0.60252,
        "map_at_10": 0.60252,
        "map_at_20": 0.60252,
        "map_at_100": 0.60252,
        "map_at_1000": 0.60252,
        "recall_at_1": 0.3553,
        "recall_at_3": 0.83763,
        "recall_at_5": 1.0,
        "recall_at_10": 1.0,
        "recall_at_20": 1.0,
        "recall_at_100": 1.0,
        "recall_at_1000": 1.0,
        "accuracy": 0.3553,
        "precision_at_1": 0.3553,
        "precision_at_3": 0.27921,
        "precision_at_5": 0.2,
        "precision_at_10": 0.1,
        "precision_at_20": 0.05,
        "precision_at_100": 0.01,
        "precision_at_1000": 0.001,
        "mrr_at_1": 0.355301,
        "mrr_at_3": 0.561923,
        "mrr_at_5": 0.602515,
        "mrr_at_10": 0.602515,
        "mrr_at_20": 0.602515,
        "mrr_at_100": 0.602515,
        "mrr_at_1000": 0.602515,
        "nauc_ndcg_at_1_max": 0.094016,
        "nauc_ndcg_at_1_std": 0.207201,
        "nauc_ndcg_at_1_diff1": 0.174213,
        "nauc_ndcg_at_3_max": 0.109633,
        "nauc_ndcg_at_3_std": 0.244815,
        "nauc_ndcg_at_3_diff1": 0.177724,
        "nauc_ndcg_at_5_max": 0.10212,
        "nauc_ndcg_at_5_std": 0.220585,
        "nauc_ndcg_at_5_diff1": 0.167293,
        "nauc_ndcg_at_10_max": 0.10212,
        "nauc_ndcg_at_10_std": 0.220585,
        "nauc_ndcg_at_10_diff1": 0.167293,
        "nauc_ndcg_at_20_max": 0.10212,
        "nauc_ndcg_at_20_std": 0.220585,
        "nauc_ndcg_at_20_diff1": 0.167293,
        "nauc_ndcg_at_100_max": 0.10212,
        "nauc_ndcg_at_100_std": 0.220585,
        "nauc_ndcg_at_100_diff1": 0.167293,
        "nauc_ndcg_at_1000_max": 0.10212,
        "nauc_ndcg_at_1000_std": 0.220585,
        "nauc_ndcg_at_1000_diff1": 0.167293,
        "nauc_map_at_1_max": 0.094016,
        "nauc_map_at_1_std": 0.207201,
        "nauc_map_at_1_diff1": 0.174213,
        "nauc_map_at_3_max": 0.105601,
        "nauc_map_at_3_std": 0.232304,
        "nauc_map_at_3_diff1": 0.172826,
        "nauc_map_at_5_max": 0.10167,
        "nauc_map_at_5_std": 0.219702,
        "nauc_map_at_5_diff1": 0.16748,
        "nauc_map_at_10_max": 0.10167,
        "nauc_map_at_10_std": 0.219702,
        "nauc_map_at_10_diff1": 0.16748,
        "nauc_map_at_20_max": 0.10167,
        "nauc_map_at_20_std": 0.219702,
        "nauc_map_at_20_diff1": 0.16748,
        "nauc_map_at_100_max": 0.10167,
        "nauc_map_at_100_std": 0.219702,
        "nauc_map_at_100_diff1": 0.16748,
        "nauc_map_at_1000_max": 0.10167,
        "nauc_map_at_1000_std": 0.219702,
        "nauc_map_at_1000_diff1": 0.16748,
        "nauc_recall_at_1_max": 0.094016,
        "nauc_recall_at_1_std": 0.207201,
        "nauc_recall_at_1_diff1": 0.174213,
        "nauc_recall_at_3_max": 0.13007,
        "nauc_recall_at_3_std": 0.310724,
        "nauc_recall_at_3_diff1": 0.206096,
        "nauc_recall_at_5_max": NaN,
        "nauc_recall_at_5_std": NaN,
        "nauc_recall_at_5_diff1": NaN,
        "nauc_recall_at_10_max": NaN,
        "nauc_recall_at_10_std": NaN,
        "nauc_recall_at_10_diff1": NaN,
        "nauc_recall_at_20_max": NaN,
        "nauc_recall_at_20_std": NaN,
        "nauc_recall_at_20_diff1": NaN,
        "nauc_recall_at_100_max": NaN,
        "nauc_recall_at_100_std": NaN,
        "nauc_recall_at_100_diff1": NaN,
        "nauc_recall_at_1000_max": NaN,
        "nauc_recall_at_1000_std": NaN,
        "nauc_recall_at_1000_diff1": NaN,
        "nauc_precision_at_1_max": 0.094016,
        "nauc_precision_at_1_std": 0.207201,
        "nauc_precision_at_1_diff1": 0.174213,
        "nauc_precision_at_3_max": 0.13007,
        "nauc_precision_at_3_std": 0.310724,
        "nauc_precision_at_3_diff1": 0.206096,
        "nauc_precision_at_5_max": NaN,
        "nauc_precision_at_5_std": NaN,
        "nauc_precision_at_5_diff1": NaN,
        "nauc_precision_at_10_max": NaN,
        "nauc_precision_at_10_std": NaN,
        "nauc_precision_at_10_diff1": NaN,
        "nauc_precision_at_20_max": NaN,
        "nauc_precision_at_20_std": NaN,
        "nauc_precision_at_20_diff1": NaN,
        "nauc_precision_at_100_max": NaN,
        "nauc_precision_at_100_std": NaN,
        "nauc_precision_at_100_diff1": NaN,
        "nauc_precision_at_1000_max": NaN,
        "nauc_precision_at_1000_std": NaN,
        "nauc_precision_at_1000_diff1": NaN,
        "nauc_mrr_at_1_max": 0.094016,
        "nauc_mrr_at_1_std": 0.207201,
        "nauc_mrr_at_1_diff1": 0.174213,
        "nauc_mrr_at_3_max": 0.105601,
        "nauc_mrr_at_3_std": 0.232304,
        "nauc_mrr_at_3_diff1": 0.172826,
        "nauc_mrr_at_5_max": 0.10167,
        "nauc_mrr_at_5_std": 0.219702,
        "nauc_mrr_at_5_diff1": 0.16748,
        "nauc_mrr_at_10_max": 0.10167,
        "nauc_mrr_at_10_std": 0.219702,
        "nauc_mrr_at_10_diff1": 0.16748,
        "nauc_mrr_at_20_max": 0.10167,
        "nauc_mrr_at_20_std": 0.219702,
        "nauc_mrr_at_20_diff1": 0.16748,
        "nauc_mrr_at_100_max": 0.10167,
        "nauc_mrr_at_100_std": 0.219702,
        "nauc_mrr_at_100_diff1": 0.16748,
        "nauc_mrr_at_1000_max": 0.10167,
        "nauc_mrr_at_1000_std": 0.219702,
        "nauc_mrr_at_1000_diff1": 0.16748,
        "hit_rate_at_1": 0.3553,
        "hit_rate_at_3": 0.83763,
        "hit_rate_at_5": 1.0,
        "hit_rate_at_10": 1.0,
        "hit_rate_at_20": 1.0,
        "hit_rate_at_100": 1.0,
        "hit_rate_at_1000": 1.0,
        "main_score": 0.3553,
        "hf_subset": "default",
        "languages": [
          "eng-Latn"
        ],
        "mteb_version": "2.12.32"
      }
    ]
  },
  "evaluation_time": 510.12755370140076,
  "kg_co2_emissions": null,
  "date": null
}