{
  "dataset_revision": "4661603cee25c1fd370e5478a2953203cf37155b",
  "task_name": "MSRVTTT2V",
  "mteb_version": "2.12.32",
  "scores": {
    "test": [
      {
        "ndcg_at_1": 0.05233,
        "ndcg_at_3": 0.08354,
        "ndcg_at_5": 0.10332,
        "ndcg_at_10": 0.13712,
        "ndcg_at_20": 0.16606,
        "ndcg_at_100": 0.21376,
        "ndcg_at_1000": 0.25968,
        "map_at_1": 0.05233,
        "map_at_3": 0.07584,
        "map_at_5": 0.08688,
        "map_at_10": 0.101,
        "map_at_20": 0.10888,
        "map_at_100": 0.11516,
        "map_at_1000": 0.11678,
        "recall_at_1": 0.05233,
        "recall_at_3": 0.1058,
        "recall_at_5": 0.15358,
        "recall_at_10": 0.25711,
        "recall_at_20": 0.37201,
        "recall_at_100": 0.63367,
        "recall_at_1000": 1.0,
        "accuracy": 0.05233,
        "precision_at_1": 0.05233,
        "precision_at_3": 0.03527,
        "precision_at_5": 0.03072,
        "precision_at_10": 0.02571,
        "precision_at_20": 0.0186,
        "precision_at_100": 0.00634,
        "precision_at_1000": 0.001,
        "mrr_at_1": 0.052332,
        "mrr_at_3": 0.075654,
        "mrr_at_5": 0.086689,
        "mrr_at_10": 0.100813,
        "mrr_at_20": 0.108689,
        "mrr_at_100": 0.114968,
        "mrr_at_1000": 0.116588,
        "nauc_ndcg_at_1_max": 0.285747,
        "nauc_ndcg_at_1_std": 0.293834,
        "nauc_ndcg_at_1_diff1": 0.320231,
        "nauc_ndcg_at_3_max": 0.161708,
        "nauc_ndcg_at_3_std": 0.294698,
        "nauc_ndcg_at_3_diff1": 0.166325,
        "nauc_ndcg_at_5_max": 0.13262,
        "nauc_ndcg_at_5_std": 0.280362,
        "nauc_ndcg_at_5_diff1": 0.139391,
        "nauc_ndcg_at_10_max": 0.089991,
        "nauc_ndcg_at_10_std": 0.212438,
        "nauc_ndcg_at_10_diff1": 0.109276,
        "nauc_ndcg_at_20_max": 0.043805,
        "nauc_ndcg_at_20_std": 0.185381,
        "nauc_ndcg_at_20_diff1": 0.082398,
        "nauc_ndcg_at_100_max": 0.041653,
        "nauc_ndcg_at_100_std": 0.179815,
        "nauc_ndcg_at_100_diff1": 0.078252,
        "nauc_ndcg_at_1000_max": 0.075886,
        "nauc_ndcg_at_1000_std": 0.206344,
        "nauc_ndcg_at_1000_diff1": 0.106718,
        "nauc_map_at_1_max": 0.285747,
        "nauc_map_at_1_std": 0.293834,
        "nauc_map_at_1_diff1": 0.320231,
        "nauc_map_at_3_max": 0.184447,
        "nauc_map_at_3_std": 0.292111,
        "nauc_map_at_3_diff1": 0.193157,
        "nauc_map_at_5_max": 0.164699,
        "nauc_map_at_5_std": 0.283911,
        "nauc_map_at_5_diff1": 0.17316,
        "nauc_map_at_10_max": 0.138215,
        "nauc_map_at_10_std": 0.247082,
        "nauc_map_at_10_diff1": 0.153774,
        "nauc_map_at_20_max": 0.120819,
        "nauc_map_at_20_std": 0.236783,
        "nauc_map_at_20_diff1": 0.142897,
        "nauc_map_at_100_max": 0.120203,
        "nauc_map_at_100_std": 0.236232,
        "nauc_map_at_100_diff1": 0.142742,
        "nauc_map_at_1000_max": 0.12179,
        "nauc_map_at_1000_std": 0.237317,
        "nauc_map_at_1000_diff1": 0.144142,
        "nauc_recall_at_1_max": 0.285747,
        "nauc_recall_at_1_std": 0.293834,
        "nauc_recall_at_1_diff1": 0.320231,
        "nauc_recall_at_3_max": 0.113627,
        "nauc_recall_at_3_std": 0.300834,
        "nauc_recall_at_3_diff1": 0.109968,
        "nauc_recall_at_5_max": 0.07252,
        "nauc_recall_at_5_std": 0.272823,
        "nauc_recall_at_5_diff1": 0.077694,
        "nauc_recall_at_10_max": 0.013613,
        "nauc_recall_at_10_std": 0.151266,
        "nauc_recall_at_10_diff1": 0.040744,
        "nauc_recall_at_20_max": -0.082133,
        "nauc_recall_at_20_std": 0.096836,
        "nauc_recall_at_20_diff1": -0.010952,
        "nauc_recall_at_100_max": -0.110228,
        "nauc_recall_at_100_std": 0.057719,
        "nauc_recall_at_100_diff1": -0.045905,
        "nauc_recall_at_1000_max": NaN,
        "nauc_recall_at_1000_std": NaN,
        "nauc_recall_at_1000_diff1": NaN,
        "nauc_precision_at_1_max": 0.285747,
        "nauc_precision_at_1_std": 0.293834,
        "nauc_precision_at_1_diff1": 0.320231,
        "nauc_precision_at_3_max": 0.113627,
        "nauc_precision_at_3_std": 0.300834,
        "nauc_precision_at_3_diff1": 0.109968,
        "nauc_precision_at_5_max": 0.07252,
        "nauc_precision_at_5_std": 0.272823,
        "nauc_precision_at_5_diff1": 0.077694,
        "nauc_precision_at_10_max": 0.013613,
        "nauc_precision_at_10_std": 0.151266,
        "nauc_precision_at_10_diff1": 0.040744,
        "nauc_precision_at_20_max": -0.082133,
        "nauc_precision_at_20_std": 0.096836,
        "nauc_precision_at_20_diff1": -0.010952,
        "nauc_precision_at_100_max": -0.110228,
        "nauc_precision_at_100_std": 0.057719,
        "nauc_precision_at_100_diff1": -0.045905,
        "nauc_precision_at_1000_max": NaN,
        "nauc_precision_at_1000_std": NaN,
        "nauc_precision_at_1000_diff1": NaN,
        "nauc_mrr_at_1_max": 0.285747,
        "nauc_mrr_at_1_std": 0.293834,
        "nauc_mrr_at_1_diff1": 0.320231,
        "nauc_mrr_at_3_max": 0.18324,
        "nauc_mrr_at_3_std": 0.294113,
        "nauc_mrr_at_3_diff1": 0.193396,
        "nauc_mrr_at_5_max": 0.163553,
        "nauc_mrr_at_5_std": 0.285716,
        "nauc_mrr_at_5_diff1": 0.173331,
        "nauc_mrr_at_10_max": 0.137103,
        "nauc_mrr_at_10_std": 0.248667,
        "nauc_mrr_at_10_diff1": 0.153891,
        "nauc_mrr_at_20_max": 0.119691,
        "nauc_mrr_at_20_std": 0.238319,
        "nauc_mrr_at_20_diff1": 0.142989,
        "nauc_mrr_at_100_max": 0.119066,
        "nauc_mrr_at_100_std": 0.237776,
        "nauc_mrr_at_100_diff1": 0.142835,
        "nauc_mrr_at_1000_max": 0.120648,
        "nauc_mrr_at_1000_std": 0.238875,
        "nauc_mrr_at_1000_diff1": 0.144239,
        "hit_rate_at_1": 0.05233,
        "hit_rate_at_3": 0.1058,
        "hit_rate_at_5": 0.15358,
        "hit_rate_at_10": 0.25711,
        "hit_rate_at_20": 0.37201,
        "hit_rate_at_100": 0.63367,
        "hit_rate_at_1000": 1.0,
        "main_score": 0.13712,
        "hf_subset": "default",
        "languages": [
          "eng-Latn"
        ],
        "mteb_version": "2.12.32"
      }
    ]
  },
  "evaluation_time": 42.42226505279541,
  "kg_co2_emissions": null,
  "date": null
}