{
  "dataset_revision": "0d2e86e6d36927f4676ee6127c4e38e3867ce0ce",
  "task_name": "VATEXV2ARetrieval",
  "mteb_version": "2.12.32",
  "scores": {
    "test": [
      {
        "ndcg_at_1": 0.251,
        "ndcg_at_3": 0.31086,
        "ndcg_at_5": 0.33259,
        "ndcg_at_10": 0.35901,
        "ndcg_at_20": 0.38034,
        "ndcg_at_100": 0.41645,
        "ndcg_at_1000": 0.44456,
        "map_at_1": 0.251,
        "map_at_3": 0.29567,
        "map_at_5": 0.30767,
        "map_at_10": 0.31871,
        "map_at_20": 0.32461,
        "map_at_100": 0.32945,
        "map_at_1000": 0.33037,
        "recall_at_1": 0.251,
        "recall_at_3": 0.355,
        "recall_at_5": 0.408,
        "recall_at_10": 0.489,
        "recall_at_20": 0.573,
        "recall_at_100": 0.77,
        "recall_at_1000": 1.0,
        "accuracy": 0.251,
        "precision_at_1": 0.251,
        "precision_at_3": 0.11833,
        "precision_at_5": 0.0816,
        "precision_at_10": 0.0489,
        "precision_at_20": 0.02865,
        "precision_at_100": 0.0077,
        "precision_at_1000": 0.001,
        "mrr_at_1": 0.251,
        "mrr_at_3": 0.295667,
        "mrr_at_5": 0.307667,
        "mrr_at_10": 0.31871,
        "mrr_at_20": 0.324608,
        "mrr_at_100": 0.329446,
        "mrr_at_1000": 0.330368,
        "nauc_ndcg_at_1_max": 0.367157,
        "nauc_ndcg_at_1_std": -0.147561,
        "nauc_ndcg_at_1_diff1": 0.533283,
        "nauc_ndcg_at_3_max": 0.360764,
        "nauc_ndcg_at_3_std": -0.143661,
        "nauc_ndcg_at_3_diff1": 0.47813,
        "nauc_ndcg_at_5_max": 0.357957,
        "nauc_ndcg_at_5_std": -0.127588,
        "nauc_ndcg_at_5_diff1": 0.453152,
        "nauc_ndcg_at_10_max": 0.354113,
        "nauc_ndcg_at_10_std": -0.12468,
        "nauc_ndcg_at_10_diff1": 0.4446,
        "nauc_ndcg_at_20_max": 0.359605,
        "nauc_ndcg_at_20_std": -0.109436,
        "nauc_ndcg_at_20_diff1": 0.435786,
        "nauc_ndcg_at_100_max": 0.362504,
        "nauc_ndcg_at_100_std": -0.082485,
        "nauc_ndcg_at_100_diff1": 0.432772,
        "nauc_ndcg_at_1000_max": 0.360553,
        "nauc_ndcg_at_1000_std": -0.107254,
        "nauc_ndcg_at_1000_diff1": 0.45032,
        "nauc_map_at_1_max": 0.367157,
        "nauc_map_at_1_std": -0.147561,
        "nauc_map_at_1_diff1": 0.533283,
        "nauc_map_at_3_max": 0.363315,
        "nauc_map_at_3_std": -0.142832,
        "nauc_map_at_3_diff1": 0.490708,
        "nauc_map_at_5_max": 0.361249,
        "nauc_map_at_5_std": -0.133952,
        "nauc_map_at_5_diff1": 0.476298,
        "nauc_map_at_10_max": 0.359599,
        "nauc_map_at_10_std": -0.132988,
        "nauc_map_at_10_diff1": 0.472793,
        "nauc_map_at_20_max": 0.361194,
        "nauc_map_at_20_std": -0.128815,
        "nauc_map_at_20_diff1": 0.470706,
        "nauc_map_at_100_max": 0.361583,
        "nauc_map_at_100_std": -0.125055,
        "nauc_map_at_100_diff1": 0.470375,
        "nauc_map_at_1000_max": 0.361463,
        "nauc_map_at_1000_std": -0.125705,
        "nauc_map_at_1000_diff1": 0.470955,
        "nauc_recall_at_1_max": 0.367157,
        "nauc_recall_at_1_std": -0.147561,
        "nauc_recall_at_1_diff1": 0.533283,
        "nauc_recall_at_3_max": 0.353386,
        "nauc_recall_at_3_std": -0.146591,
        "nauc_recall_at_3_diff1": 0.44387,
        "nauc_recall_at_5_max": 0.348861,
        "nauc_recall_at_5_std": -0.108732,
        "nauc_recall_at_5_diff1": 0.387858,
        "nauc_recall_at_10_max": 0.337375,
        "nauc_recall_at_10_std": -0.098429,
        "nauc_recall_at_10_diff1": 0.360561,
        "nauc_recall_at_20_max": 0.35766,
        "nauc_recall_at_20_std": -0.034735,
        "nauc_recall_at_20_diff1": 0.316291,
        "nauc_recall_at_100_max": 0.379488,
        "nauc_recall_at_100_std": 0.214391,
        "nauc_recall_at_100_diff1": 0.231758,
        "nauc_recall_at_1000_max": NaN,
        "nauc_recall_at_1000_std": NaN,
        "nauc_recall_at_1000_diff1": NaN,
        "nauc_precision_at_1_max": 0.367157,
        "nauc_precision_at_1_std": -0.147561,
        "nauc_precision_at_1_diff1": 0.533283,
        "nauc_precision_at_3_max": 0.353386,
        "nauc_precision_at_3_std": -0.146591,
        "nauc_precision_at_3_diff1": 0.44387,
        "nauc_precision_at_5_max": 0.348861,
        "nauc_precision_at_5_std": -0.108732,
        "nauc_precision_at_5_diff1": 0.387858,
        "nauc_precision_at_10_max": 0.337375,
        "nauc_precision_at_10_std": -0.098429,
        "nauc_precision_at_10_diff1": 0.360561,
        "nauc_precision_at_20_max": 0.35766,
        "nauc_precision_at_20_std": -0.034735,
        "nauc_precision_at_20_diff1": 0.316291,
        "nauc_precision_at_100_max": 0.379488,
        "nauc_precision_at_100_std": 0.214391,
        "nauc_precision_at_100_diff1": 0.231758,
        "nauc_precision_at_1000_max": NaN,
        "nauc_precision_at_1000_std": NaN,
        "nauc_precision_at_1000_diff1": NaN,
        "nauc_mrr_at_1_max": 0.367157,
        "nauc_mrr_at_1_std": -0.147561,
        "nauc_mrr_at_1_diff1": 0.533283,
        "nauc_mrr_at_3_max": 0.363315,
        "nauc_mrr_at_3_std": -0.142832,
        "nauc_mrr_at_3_diff1": 0.490708,
        "nauc_mrr_at_5_max": 0.361249,
        "nauc_mrr_at_5_std": -0.133952,
        "nauc_mrr_at_5_diff1": 0.476298,
        "nauc_mrr_at_10_max": 0.359599,
        "nauc_mrr_at_10_std": -0.132988,
        "nauc_mrr_at_10_diff1": 0.472793,
        "nauc_mrr_at_20_max": 0.361194,
        "nauc_mrr_at_20_std": -0.128815,
        "nauc_mrr_at_20_diff1": 0.470706,
        "nauc_mrr_at_100_max": 0.361583,
        "nauc_mrr_at_100_std": -0.125055,
        "nauc_mrr_at_100_diff1": 0.470375,
        "nauc_mrr_at_1000_max": 0.361463,
        "nauc_mrr_at_1000_std": -0.125705,
        "nauc_mrr_at_1000_diff1": 0.470955,
        "hit_rate_at_1": 0.251,
        "hit_rate_at_3": 0.355,
        "hit_rate_at_5": 0.408,
        "hit_rate_at_10": 0.489,
        "hit_rate_at_20": 0.573,
        "hit_rate_at_100": 0.77,
        "hit_rate_at_1000": 1.0,
        "main_score": 0.35901,
        "hf_subset": "default",
        "languages": [
          "eng-Latn"
        ],
        "mteb_version": "2.12.32"
      }
    ]
  },
  "evaluation_time": 595.0208082199097,
  "kg_co2_emissions": null,
  "date": null
}