{
  "dataset_revision": "d8c3e53160860f76de73ed3041a8593672fe5928",
  "evaluation_time": 7.942275285720825,
  "kg_co2_emissions": null,
  "mteb_version": "1.12.90",
  "scores": {
    "test": [
      {
        "cv_recall_at_1": 0.45833,
        "cv_recall_at_10": 0.75939,
        "cv_recall_at_100": 0.94894,
        "cv_recall_at_1000": 1.0,
        "cv_recall_at_20": 0.82923,
        "cv_recall_at_3": 0.61737,
        "cv_recall_at_5": 0.67547,
        "hf_subset": "default",
        "languages": [
          "eng-Latn"
        ],
        "main_score": 0.59091,
        "map_at_1": 0.41862,
        "map_at_10": 0.53693,
        "map_at_100": 0.54643,
        "map_at_1000": 0.54678,
        "map_at_20": 0.54267,
        "map_at_3": 0.50797,
        "map_at_5": 0.52367,
        "mrr_at_1": 0.4583333333333333,
        "mrr_at_10": 0.5535262500931519,
        "mrr_at_100": 0.5614522827750004,
        "mrr_at_1000": 0.5617553026170138,
        "mrr_at_20": 0.5583628555240837,
        "mrr_at_3": 0.528951486697966,
        "mrr_at_5": 0.542243740219093,
        "nauc_cv_recall_at_1000_diff1": NaN,
        "nauc_cv_recall_at_1000_max": NaN,
        "nauc_cv_recall_at_1000_std": NaN,
        "nauc_cv_recall_at_100_diff1": 0.4805358684051926,
        "nauc_cv_recall_at_100_max": 0.5649594006452747,
        "nauc_cv_recall_at_100_std": 0.32360974466378195,
        "nauc_cv_recall_at_10_diff1": 0.5013034837210644,
        "nauc_cv_recall_at_10_max": 0.4802128509459776,
        "nauc_cv_recall_at_10_std": 0.09412450554170432,
        "nauc_cv_recall_at_1_diff1": 0.636898011304436,
        "nauc_cv_recall_at_1_max": 0.44436198490104667,
        "nauc_cv_recall_at_1_std": -0.06652018253703539,
        "nauc_cv_recall_at_20_diff1": 0.47564828778050955,
        "nauc_cv_recall_at_20_max": 0.5259584288342394,
        "nauc_cv_recall_at_20_std": 0.1768940709215821,
        "nauc_cv_recall_at_3_diff1": 0.5205869375457675,
        "nauc_cv_recall_at_3_max": 0.450051437202706,
        "nauc_cv_recall_at_3_std": -0.029414267124329728,
        "nauc_cv_recall_at_5_diff1": 0.5001251296481215,
        "nauc_cv_recall_at_5_max": 0.4693890552265276,
        "nauc_cv_recall_at_5_std": 0.013796336174200773,
        "nauc_map_at_1000_diff1": 0.5818434859115754,
        "nauc_map_at_1000_max": 0.4430387835643193,
        "nauc_map_at_1000_std": -0.04099022306215756,
        "nauc_map_at_100_diff1": 0.5817200322199132,
        "nauc_map_at_100_max": 0.44314688497711546,
        "nauc_map_at_100_std": -0.040679605719069825,
        "nauc_map_at_10_diff1": 0.5806678508477698,
        "nauc_map_at_10_max": 0.4427501241681824,
        "nauc_map_at_10_std": -0.04102488719045883,
        "nauc_map_at_1_diff1": 0.6363475951973468,
        "nauc_map_at_1_max": 0.3978201419843627,
        "nauc_map_at_1_std": -0.07535068057179833,
        "nauc_map_at_20_diff1": 0.5811344454158822,
        "nauc_map_at_20_max": 0.4440615143544749,
        "nauc_map_at_20_std": -0.03955530709812017,
        "nauc_map_at_3_diff1": 0.583539903148956,
        "nauc_map_at_3_max": 0.4347198346189301,
        "nauc_map_at_3_std": -0.05914956536629059,
        "nauc_map_at_5_diff1": 0.5808229323614098,
        "nauc_map_at_5_max": 0.44138202029415413,
        "nauc_map_at_5_std": -0.05072257931247744,
        "nauc_mrr_at_1000_diff1": 0.5881203904403035,
        "nauc_mrr_at_1000_max": 0.4484481284666203,
        "nauc_mrr_at_1000_std": -0.041015672924594425,
        "nauc_mrr_at_100_diff1": 0.5880202802699318,
        "nauc_mrr_at_100_max": 0.4485244130022475,
        "nauc_mrr_at_100_std": -0.04073803891469471,
        "nauc_mrr_at_10_diff1": 0.5872948949505256,
        "nauc_mrr_at_10_max": 0.44803331196596113,
        "nauc_mrr_at_10_std": -0.040942756000374045,
        "nauc_mrr_at_1_diff1": 0.636898011304436,
        "nauc_mrr_at_1_max": 0.44436198490104667,
        "nauc_mrr_at_1_std": -0.06652018253703539,
        "nauc_mrr_at_20_diff1": 0.5873601429560038,
        "nauc_mrr_at_20_max": 0.4491342783654011,
        "nauc_mrr_at_20_std": -0.039490970673790156,
        "nauc_mrr_at_3_diff1": 0.5876254651867967,
        "nauc_mrr_at_3_max": 0.4441519579742525,
        "nauc_mrr_at_3_std": -0.05530094979107773,
        "nauc_mrr_at_5_diff1": 0.5853848397651132,
        "nauc_mrr_at_5_max": 0.44757418986482955,
        "nauc_mrr_at_5_std": -0.047728167237815616,
        "nauc_ndcg_at_1000_diff1": 0.5746984338116712,
        "nauc_ndcg_at_1000_max": 0.44886091973812225,
        "nauc_ndcg_at_1000_std": -0.02776328674880611,
        "nauc_ndcg_at_100_diff1": 0.5718934034391514,
        "nauc_ndcg_at_100_max": 0.4519133095623923,
        "nauc_ndcg_at_100_std": -0.01859333456676269,
        "nauc_ndcg_at_10_diff1": 0.5648965674150932,
        "nauc_ndcg_at_10_max": 0.4509288057994942,
        "nauc_ndcg_at_10_std": -0.01760326906724774,
        "nauc_ndcg_at_1_diff1": 0.636898011304436,
        "nauc_ndcg_at_1_max": 0.44436198490104667,
        "nauc_ndcg_at_1_std": -0.06652018253703539,
        "nauc_ndcg_at_20_diff1": 0.5653913906886788,
        "nauc_ndcg_at_20_max": 0.4567155165752001,
        "nauc_ndcg_at_20_std": -0.010364885098699228,
        "nauc_ndcg_at_3_diff1": 0.5691469740706386,
        "nauc_ndcg_at_3_max": 0.4377098844996301,
        "nauc_ndcg_at_3_std": -0.05395678784871217,
        "nauc_ndcg_at_5_diff1": 0.5637652891437743,
        "nauc_ndcg_at_5_max": 0.44804388763273256,
        "nauc_ndcg_at_5_std": -0.03867023871561297,
        "nauc_precision_at_1000_diff1": -0.1269295688966779,
        "nauc_precision_at_1000_max": 0.09576039350822045,
        "nauc_precision_at_1000_std": 0.09159920254296734,
        "nauc_precision_at_100_diff1": -0.007437154335484724,
        "nauc_precision_at_100_max": 0.20039321410244404,
        "nauc_precision_at_100_std": 0.1426867944558165,
        "nauc_precision_at_10_diff1": 0.2452553975868521,
        "nauc_precision_at_10_max": 0.37544079604903624,
        "nauc_precision_at_10_std": 0.10584035906560733,
        "nauc_precision_at_1_diff1": 0.636898011304436,
        "nauc_precision_at_1_max": 0.44436198490104667,
        "nauc_precision_at_1_std": -0.06652018253703539,
        "nauc_precision_at_20_diff1": 0.16916910475445357,
        "nauc_precision_at_20_max": 0.34642136478127744,
        "nauc_precision_at_20_std": 0.14261345610270082,
        "nauc_precision_at_3_diff1": 0.377439212377142,
        "nauc_precision_at_3_max": 0.4175722537265246,
        "nauc_precision_at_3_std": -0.001966043546048812,
        "nauc_precision_at_5_diff1": 0.32001958998919133,
        "nauc_precision_at_5_max": 0.4091917985758222,
        "nauc_precision_at_5_std": 0.037734817146087056,
        "nauc_recall_at_1000_diff1": NaN,
        "nauc_recall_at_1000_max": NaN,
        "nauc_recall_at_1000_std": NaN,
        "nauc_recall_at_100_diff1": 0.46741327337617883,
        "nauc_recall_at_100_max": 0.5601227994679975,
        "nauc_recall_at_100_std": 0.32393562317395125,
        "nauc_recall_at_10_diff1": 0.48441585851399666,
        "nauc_recall_at_10_max": 0.46628557295962697,
        "nauc_recall_at_10_std": 0.08341081487340105,
        "nauc_recall_at_1_diff1": 0.6363475951973468,
        "nauc_recall_at_1_max": 0.3978201419843627,
        "nauc_recall_at_1_std": -0.07535068057179833,
        "nauc_recall_at_20_diff1": 0.4621173128401141,
        "nauc_recall_at_20_max": 0.5117026275838669,
        "nauc_recall_at_20_std": 0.1626250437132122,
        "nauc_recall_at_3_diff1": 0.5164962617526161,
        "nauc_recall_at_3_max": 0.43204598915930476,
        "nauc_recall_at_3_std": -0.04234979378579455,
        "nauc_recall_at_5_diff1": 0.49384971068639183,
        "nauc_recall_at_5_max": 0.4557447504137923,
        "nauc_recall_at_5_std": -0.0012052087838667518,
        "ndcg_at_1": 0.45833,
        "ndcg_at_10": 0.59091,
        "ndcg_at_100": 0.6353,
        "ndcg_at_1000": 0.64262,
        "ndcg_at_20": 0.61038,
        "ndcg_at_3": 0.5348,