{
  "dataset_revision": "c9a9a6c3ef0765622a6de0af6ebb68f323ad73ba",
  "evaluation_time": 48.356528520584106,
  "kg_co2_emissions": null,
  "mteb_version": "1.14.1",
  "scores": {
    "test": [
      {
        "cv_recall_at_1": 0.329,
        "cv_recall_at_10": 0.599,
        "cv_recall_at_100": 0.751,
        "cv_recall_at_1000": 0.851,
        "cv_recall_at_20": 0.657,
        "cv_recall_at_3": 0.492,
        "cv_recall_at_5": 0.542,
        "hf_subset": "default",
        "languages": [
          "eng-Latn"
        ],
        "main_score": 0.46492,
        "map_at_1": 0.329,
        "map_at_10": 0.42189,
        "map_at_100": 0.42825,
        "map_at_1000": 0.42866,
        "map_at_20": 0.42593,
        "map_at_3": 0.4025,
        "map_at_5": 0.41405,
        "mrr_at_1": 0.329,
        "mrr_at_10": 0.4219277777777777,
        "mrr_at_100": 0.42830345620240934,
        "mrr_at_1000": 0.4286957438222649,
        "mrr_at_20": 0.42596962569164554,
        "mrr_at_3": 0.4024999999999998,
        "mrr_at_5": 0.4140499999999997,
        "nauc_cv_recall_at_1000_diff1": 0.22118073062290955,
        "nauc_cv_recall_at_1000_max": 0.3484340520825837,
        "nauc_cv_recall_at_1000_std": 0.271289099588132,
        "nauc_cv_recall_at_100_diff1": 0.3151051127355348,
        "nauc_cv_recall_at_100_max": 0.3956778936713964,
        "nauc_cv_recall_at_100_std": 0.2495175376887586,
        "nauc_cv_recall_at_10_diff1": 0.3598026585943281,
        "nauc_cv_recall_at_10_max": 0.36412098427583917,
        "nauc_cv_recall_at_10_std": 0.0729252987471962,
        "nauc_cv_recall_at_1_diff1": 0.48014966506514223,
        "nauc_cv_recall_at_1_max": 0.2804395112575141,
        "nauc_cv_recall_at_1_std": 0.04746098198717796,
        "nauc_cv_recall_at_20_diff1": 0.3692325712994173,
        "nauc_cv_recall_at_20_max": 0.37522127689761997,
        "nauc_cv_recall_at_20_std": 0.14494647285037632,
        "nauc_cv_recall_at_3_diff1": 0.4240862392440114,
        "nauc_cv_recall_at_3_max": 0.35920484079276727,
        "nauc_cv_recall_at_3_std": 0.04660884077150774,
        "nauc_cv_recall_at_5_diff1": 0.3993186558000575,
        "nauc_cv_recall_at_5_max": 0.3607991802708112,
        "nauc_cv_recall_at_5_std": 0.033385030475325865,
        "nauc_map_at_1000_diff1": 0.4437952396317114,
        "nauc_map_at_1000_max": 0.31816421599945327,
        "nauc_map_at_1000_std": 0.056598746601127375,
        "nauc_map_at_100_diff1": 0.44391951463638446,
        "nauc_map_at_100_max": 0.3183891752169483,
        "nauc_map_at_100_std": 0.056738797910687,
        "nauc_map_at_10_diff1": 0.4433494101595439,
        "nauc_map_at_10_max": 0.3179603154080035,
        "nauc_map_at_10_std": 0.05128662739139575,
        "nauc_map_at_1_diff1": 0.48014966506514223,
        "nauc_map_at_1_max": 0.2804395112575141,
        "nauc_map_at_1_std": 0.04746098198717796,
        "nauc_map_at_20_diff1": 0.444778154649432,
        "nauc_map_at_20_max": 0.3182550979373629,
        "nauc_map_at_20_std": 0.055205200384806766,
        "nauc_map_at_3_diff1": 0.45290708022813964,
        "nauc_map_at_3_max": 0.31707367227066335,
        "nauc_map_at_3_std": 0.04922208476639303,
        "nauc_map_at_5_diff1": 0.4474035304498997,
        "nauc_map_at_5_max": 0.31734789204809866,
        "nauc_map_at_5_std": 0.04660491752104569,
        "nauc_mrr_at_1000_diff1": 0.44370331964018916,
        "nauc_mrr_at_1000_max": 0.31808399595668846,
        "nauc_mrr_at_1000_std": 0.05655108354905683,
        "nauc_mrr_at_100_diff1": 0.4438120282477109,
        "nauc_mrr_at_100_max": 0.3182912799047865,
        "nauc_mrr_at_100_std": 0.05668195802059791,
        "nauc_mrr_at_10_diff1": 0.4432637013304661,
        "nauc_mrr_at_10_max": 0.31788692981966776,
        "nauc_mrr_at_10_std": 0.051245648964999085,
        "nauc_mrr_at_1_diff1": 0.48014966506514223,
        "nauc_mrr_at_1_max": 0.2804395112575141,
        "nauc_mrr_at_1_std": 0.04746098198717796,
        "nauc_mrr_at_20_diff1": 0.44469195301952164,
        "nauc_mrr_at_20_max": 0.3181812500366557,
        "nauc_mrr_at_20_std": 0.05516412700119084,
        "nauc_mrr_at_3_diff1": 0.45290708022813964,
        "nauc_mrr_at_3_max": 0.31707367227066335,
        "nauc_mrr_at_3_std": 0.04922208476639303,
        "nauc_mrr_at_5_diff1": 0.4474035304498997,
        "nauc_mrr_at_5_max": 0.31734789204809866,
        "nauc_mrr_at_5_std": 0.04660491752104569,
        "nauc_ndcg_at_1000_diff1": 0.4208294347119966,
        "nauc_ndcg_at_1000_max": 0.32675359943049515,
        "nauc_ndcg_at_1000_std": 0.0778020901079404,
        "nauc_ndcg_at_100_diff1": 0.42354921239544435,
        "nauc_ndcg_at_100_max": 0.33216360569482184,
        "nauc_ndcg_at_100_std": 0.08196916027497256,
        "nauc_ndcg_at_10_diff1": 0.4247919690071033,
        "nauc_ndcg_at_10_max": 0.3292634407930656,
        "nauc_ndcg_at_10_std": 0.0554815525525049,
        "nauc_ndcg_at_1_diff1": 0.48014966506514223,
        "nauc_ndcg_at_1_max": 0.2804395112575141,
        "nauc_ndcg_at_1_std": 0.04746098198717796,
        "nauc_ndcg_at_20_diff1": 0.42888603859808855,
        "nauc_ndcg_at_20_max": 0.3307635310552114,
        "nauc_ndcg_at_20_std": 0.07056726430076309,
        "nauc_ndcg_at_3_diff1": 0.44540872613954735,
        "nauc_ndcg_at_3_max": 0.32795961422684516,
        "nauc_ndcg_at_3_std": 0.04864217823353319,
        "nauc_ndcg_at_5_diff1": 0.43559223952131837,
        "nauc_ndcg_at_5_max": 0.32832423954086903,
        "nauc_ndcg_at_5_std": 0.04362509890485802,
        "nauc_precision_at_1000_diff1": 0.22118073062290727,
        "nauc_precision_at_1000_max": 0.3484340520825814,
        "nauc_precision_at_1000_std": 0.2712890995881306,
        "nauc_precision_at_100_diff1": 0.3179822082679228,
        "nauc_precision_at_100_max": 0.39829408686551576,
        "nauc_precision_at_100_std": 0.2503150183150184,
        "nauc_precision_at_10_diff1": 0.35980265859432753,
        "nauc_precision_at_10_max": 0.3641209842758386,
        "nauc_precision_at_10_std": 0.07292529874719615,
        "nauc_precision_at_1_diff1": 0.48014966506514223,
        "nauc_precision_at_1_max": 0.2804395112575141,
        "nauc_precision_at_1_std": 0.04746098198717796,
        "nauc_precision_at_20_diff1": 0.3692325712994169,
        "nauc_precision_at_20_max": 0.375221276897619,
        "nauc_precision_at_20_std": 0.14494647285037554,
        "nauc_precision_at_3_diff1": 0.42408623924401156,
        "nauc_precision_at_3_max": 0.35920484079276777,
        "nauc_precision_at_3_std": 0.046608840771507926,
        "nauc_precision_at_5_diff1": 0.39931865580005693,
        "nauc_precision_at_5_max": 0.360799180270811,
        "nauc_precision_at_5_std": 0.033385030475325955,
        "nauc_recall_at_1000_diff1": 0.22118073062290955,
        "nauc_recall_at_1000_max": 0.3484340520825837,
        "nauc_recall_at_1000_std": 0.271289099588132,
        "nauc_recall_at_100_diff1": 0.3179822082679226,
        "nauc_recall_at_100_max": 0.3982940868655151,
        "nauc_recall_at_100_std": 0.25031501831501846,
        "nauc_recall_at_10_diff1": 0.3598026585943281,
        "nauc_recall_at_10_max": 0.36412098427583917,
        "nauc_recall_at_10_std": 0.0729252987471962,
        "nauc_recall_at_1_diff1": 0.48014966506514223,
        "nauc_recall_at_1_max": 0.2804395112575141,
        "nauc_recall_at_1_std": 0.04746098198717796,
        "nauc_recall_at_20_diff1": 0.3692325712994173,
        "nauc_recall_at_20_max": 0.37522127689761997,
        "nauc_recall_at_20_std": 0.14494647285037632,
        "nauc_recall_at_3_diff1": 0.4240862392440114,
        "nauc_recall_at_3_max": 0.35920484079276727,
        "nauc_recall_at_3_std": 0.04660884077150774,
        "nauc_recall_at_5_diff1": 0.3993186558000575,
        "nauc_recall_at_5_max": 0.3607991802708112,
        "nauc_recall_at_5_std": 0.033385030475325865,
        "ndcg_at_1": 0.329,
        "ndcg_at_10": 0.46492,
        "ndcg_at_100": 0.49677,
        "ndcg_at_1000": 0.50914,
        "ndcg_at_20": 0.4796,