{
  "dataset_revision": "3bd28e9c45e15f299117c634799f7035c4de2d31",
  "evaluation_time": 17.523592710494995,
  "kg_co2_emissions": null,
  "mteb_version": "1.12.90",
  "scores": {
    "test": [
      {
        "cv_recall_at_1": 0.75714,
        "cv_recall_at_10": 0.87143,
        "cv_recall_at_100": 0.94286,
        "cv_recall_at_1000": 1.0,
        "cv_recall_at_20": 0.88571,
        "cv_recall_at_3": 0.82857,
        "cv_recall_at_5": 0.85714,
        "hf_subset": "default",
        "languages": [
          "eng-Latn"
        ],
        "main_score": 0.75714,
        "map_at_1": 0.04928,
        "map_at_10": 0.14238,
        "map_at_100": 0.25975,
        "map_at_1000": 0.33,
        "map_at_20": 0.1832,
        "map_at_3": 0.08106,
        "map_at_5": 0.10574,
        "mrr_at_1": 0.7571428571428571,
        "mrr_at_10": 0.7992857142857144,
        "mrr_at_100": 0.8018753503269448,
        "mrr_at_1000": 0.8022392070599913,
        "mrr_at_20": 0.8001785714285715,
        "mrr_at_3": 0.7904761904761906,
        "mrr_at_5": 0.796904761904762,
        "nauc_cv_recall_at_1000_diff1": NaN,
        "nauc_cv_recall_at_1000_max": NaN,
        "nauc_cv_recall_at_1000_std": NaN,
        "nauc_cv_recall_at_100_diff1": 0.15581232492997169,
        "nauc_cv_recall_at_100_max": 0.2811624649859951,
        "nauc_cv_recall_at_100_std": -0.12196545284780497,
        "nauc_cv_recall_at_10_diff1": 0.394540014958862,
        "nauc_cv_recall_at_10_max": 0.4610535313601873,
        "nauc_cv_recall_at_10_std": -0.14937493321936154,
        "nauc_cv_recall_at_1_diff1": 0.3099268419602683,
        "nauc_cv_recall_at_1_max": 0.6277204689460957,
        "nauc_cv_recall_at_1_std": 0.11781811503259924,
        "nauc_cv_recall_at_20_diff1": 0.39261983863312777,
        "nauc_cv_recall_at_20_max": 0.3849074513526345,
        "nauc_cv_recall_at_20_std": -0.18147840531561454,
        "nauc_cv_recall_at_3_diff1": 0.29657669519420665,
        "nauc_cv_recall_at_3_max": 0.5705233706385782,
        "nauc_cv_recall_at_3_std": 0.04756418696510771,
        "nauc_cv_recall_at_5_diff1": 0.37162293488824066,
        "nauc_cv_recall_at_5_max": 0.5234207968901848,
        "nauc_cv_recall_at_5_std": -0.06068999028182738,
        "nauc_map_at_1000_diff1": -0.14810539444535628,
        "nauc_map_at_1000_max": 0.42639970063449095,
        "nauc_map_at_1000_std": 0.35965851851847036,
        "nauc_map_at_100_diff1": -0.04654719636323819,
        "nauc_map_at_100_max": 0.20124568398625026,
        "nauc_map_at_100_std": 0.09779920001336984,
        "nauc_map_at_10_diff1": 0.19553982602379108,
        "nauc_map_at_10_max": -0.16962211647877953,
        "nauc_map_at_10_std": -0.2049718676191143,
        "nauc_map_at_1_diff1": 0.19831336261662813,
        "nauc_map_at_1_max": -0.26048526225990315,
        "nauc_map_at_1_std": -0.24848660044643464,
        "nauc_map_at_20_diff1": 0.11533311201293248,
        "nauc_map_at_20_max": -0.06940468788280867,
        "nauc_map_at_20_std": -0.15394999023265438,
        "nauc_map_at_3_diff1": 0.22661360439380449,
        "nauc_map_at_3_max": -0.24582246289343465,
        "nauc_map_at_3_std": -0.24358060859761363,
        "nauc_map_at_5_diff1": 0.2391073300885911,
        "nauc_map_at_5_max": -0.21313902222536138,
        "nauc_map_at_5_std": -0.22555952910665222,
        "nauc_mrr_at_1000_diff1": 0.3118072480358942,
        "nauc_mrr_at_1000_max": 0.5896434235555521,
        "nauc_mrr_at_1000_std": 0.07565750084460038,
        "nauc_mrr_at_100_diff1": 0.3114581767470047,
        "nauc_mrr_at_100_max": 0.5888175740478946,
        "nauc_mrr_at_100_std": 0.07590573329917173,
        "nauc_mrr_at_10_diff1": 0.31501956699434985,
        "nauc_mrr_at_10_max": 0.5906694492065899,
        "nauc_mrr_at_10_std": 0.07282707502971797,
        "nauc_mrr_at_1_diff1": 0.3099268419602683,
        "nauc_mrr_at_1_max": 0.6277204689460957,
        "nauc_mrr_at_1_std": 0.11781811503259924,
        "nauc_mrr_at_20_diff1": 0.31460997067981183,
        "nauc_mrr_at_20_max": 0.5883036453949262,
        "nauc_mrr_at_20_std": 0.07253787758405468,
        "nauc_mrr_at_3_diff1": 0.298829153668517,
        "nauc_mrr_at_3_max": 0.6036890630335515,
        "nauc_mrr_at_3_std": 0.09929911274966623,
        "nauc_mrr_at_5_diff1": 0.31309074738187426,
        "nauc_mrr_at_5_max": 0.5968819745150035,
        "nauc_mrr_at_5_std": 0.08124058142418439,
        "nauc_ndcg_at_1000_diff1": 0.023759962305708315,
        "nauc_ndcg_at_1000_max": 0.42118350886771483,
        "nauc_ndcg_at_1000_std": 0.21503403862781068,
        "nauc_ndcg_at_100_diff1": -0.10602196843045252,
        "nauc_ndcg_at_100_max": 0.4040222401408388,
        "nauc_ndcg_at_100_std": 0.3422251986340049,
        "nauc_ndcg_at_10_diff1": -0.14230825595892613,
        "nauc_ndcg_at_10_max": 0.5717619317460108,
        "nauc_ndcg_at_10_std": 0.35188240284777716,
        "nauc_ndcg_at_1_diff1": 0.3099268419602683,
        "nauc_ndcg_at_1_max": 0.6277204689460957,
        "nauc_ndcg_at_1_std": 0.11781811503259924,
        "nauc_ndcg_at_20_diff1": -0.15743789243142528,
        "nauc_ndcg_at_20_max": 0.5724054251457065,
        "nauc_ndcg_at_20_std": 0.3797961049903619,
        "nauc_ndcg_at_3_diff1": 0.02676887075350004,
        "nauc_ndcg_at_3_max": 0.5535721465155271,
        "nauc_ndcg_at_3_std": 0.22786549855388236,
        "nauc_ndcg_at_5_diff1": -0.04449400646171614,
        "nauc_ndcg_at_5_max": 0.555861797739005,
        "nauc_ndcg_at_5_std": 0.27833851228984907,
        "nauc_precision_at_1000_diff1": -0.19203752528557633,
        "nauc_precision_at_1000_max": 0.4830680560318716,
        "nauc_precision_at_1000_std": 0.5059538376358517,
        "nauc_precision_at_100_diff1": -0.29506043721080727,
        "nauc_precision_at_100_max": 0.658086670179558,
        "nauc_precision_at_100_std": 0.6166722456503947,
        "nauc_precision_at_10_diff1": -0.2282600490658613,
        "nauc_precision_at_10_max": 0.5965276467257976,
        "nauc_precision_at_10_std": 0.42049443291187055,
        "nauc_precision_at_1_diff1": 0.3099268419602683,
        "nauc_precision_at_1_max": 0.6277204689460957,
        "nauc_precision_at_1_std": 0.11781811503259924,
        "nauc_precision_at_20_diff1": -0.2777369235938004,
        "nauc_precision_at_20_max": 0.6422763272584597,
        "nauc_precision_at_20_std": 0.46973331485105685,
        "nauc_precision_at_3_diff1": -0.03905783426100687,
        "nauc_precision_at_3_max": 0.548195217505554,
        "nauc_precision_at_3_std": 0.2602422302381689,
        "nauc_precision_at_5_diff1": -0.12812907648800725,
        "nauc_precision_at_5_max": 0.5661902630852285,
        "nauc_precision_at_5_std": 0.33254144330289526,
        "nauc_recall_at_1000_diff1": 0.11552874226597364,
        "nauc_recall_at_1000_max": 0.1991754113531379,
        "nauc_recall_at_1000_std": 0.05667927260800616,
        "nauc_recall_at_100_diff1": -0.01602892704072587,
        "nauc_recall_at_100_max": -0.12257633928876718,
        "nauc_recall_at_100_std": -0.01682143204953458,
        "nauc_recall_at_10_diff1": 0.22298978148074566,
        "nauc_recall_at_10_max": -0.22859971193805304,
        "nauc_recall_at_10_std": -0.23715467924390157,
        "nauc_recall_at_1_diff1": 0.19831336261662813,
        "nauc_recall_at_1_max": -0.26048526225990315,
        "nauc_recall_at_1_std": -0.24848660044643464,
        "nauc_recall_at_20_diff1": 0.16037912600194174,
        "nauc_recall_at_20_max": -0.1835918931237162,
        "nauc_recall_at_20_std": -0.20833669696201074,
        "nauc_recall_at_3_diff1": 0.2179234117693627,
        "nauc_recall_at_3_max": -0.2525912771978034,
        "nauc_recall_at_3_std": -0.24319572308223014,
        "nauc_recall_at_5_diff1": 0.2530123469958082,
        "nauc_recall_at_5_max": -0.22138719273185706,
        "nauc_recall_at_5_std": -0.2215811361906131,
        "ndcg_at_1": 0.75714,
        "ndcg_at_10": 0.58385,
        "ndcg_at_100": 0.48629,
        "ndcg_at_1000": 0.59891,
        "ndcg_at_20": 0.52663,