{
  "dataset_revision": "34e35aeeb47a240e9a60609efa21dd00d6e2478f",
  "evaluation_time": 523.904242515564,
  "kg_co2_emissions": null,
  "mteb_version": "1.12.90",
  "scores": {
    "test": [
      {
        "cv_recall_at_1": 0.50296,
        "cv_recall_at_10": 0.67867,
        "cv_recall_at_100": 0.80207,
        "cv_recall_at_1000": 0.90797,
        "cv_recall_at_20": 0.71918,
        "cv_recall_at_3": 0.59883,
        "cv_recall_at_5": 0.63223,
        "hf_subset": "default",
        "languages": [
          "eng-Latn"
        ],
        "main_score": 0.50296,
        "map_at_1": 0.01743,
        "map_at_10": 0.18702,
        "map_at_100": 0.19992,
        "map_at_1000": 0.20163,
        "map_at_20": 0.19415,
        "map_at_3": 0.13926,
        "map_at_5": 0.16856,
        "mrr_at_1": 0.020809401784925335,
        "mrr_at_10": 0.30757755224265354,
        "mrr_at_100": 0.3127412453176731,
        "mrr_at_1000": 0.3131742235270453,
        "mrr_at_20": 0.3106655733183114,
        "mrr_at_3": 0.28876174486759937,
        "mrr_at_5": 0.30027318782951246,
        "nauc_cv_recall_at_1000_diff1": -0.16859046840753472,
        "nauc_cv_recall_at_1000_max": 0.025825747180792717,
        "nauc_cv_recall_at_1000_std": 0.10093428974009021,
        "nauc_cv_recall_at_100_diff1": -0.21029734576768694,
        "nauc_cv_recall_at_100_max": 0.014647522560512015,
        "nauc_cv_recall_at_100_std": 0.0507444053462594,
        "nauc_cv_recall_at_10_diff1": -0.27159676443421377,
        "nauc_cv_recall_at_10_max": 0.005491087955239775,
        "nauc_cv_recall_at_10_std": 0.02474251556064112,
        "nauc_cv_recall_at_1_diff1": -0.2932928014798219,
        "nauc_cv_recall_at_1_max": -0.002633536711876493,
        "nauc_cv_recall_at_1_std": -0.008456158086326292,
        "nauc_cv_recall_at_20_diff1": -0.25166875961614193,
        "nauc_cv_recall_at_20_max": 0.006747419978420269,
        "nauc_cv_recall_at_20_std": 0.035987294094302555,
        "nauc_cv_recall_at_3_diff1": -0.29779984100144863,
        "nauc_cv_recall_at_3_max": -0.0035652648610872604,
        "nauc_cv_recall_at_3_std": 0.014056845458600668,
        "nauc_cv_recall_at_5_diff1": -0.2888857057827477,
        "nauc_cv_recall_at_5_max": 7.1464099594732e-05,
        "nauc_cv_recall_at_5_std": 0.01823034964853647,
        "nauc_map_at_1000_diff1": -0.2714835648506667,
        "nauc_map_at_1000_max": 0.0048783333927581995,
        "nauc_map_at_1000_std": 0.10933153351257194,
        "nauc_map_at_100_diff1": -0.27106477649697597,
        "nauc_map_at_100_max": 0.004961279421023488,
        "nauc_map_at_100_std": 0.10869233131948694,
        "nauc_map_at_10_diff1": -0.27101224264468865,
        "nauc_map_at_10_max": 0.003129881807984945,
        "nauc_map_at_10_std": 0.09970024568152357,
        "nauc_map_at_1_diff1": -0.5746988023835725,
        "nauc_map_at_1_max": 0.009513570955681795,
        "nauc_map_at_1_std": 0.24050607736711668,
        "nauc_map_at_20_diff1": -0.27103409286809227,
        "nauc_map_at_20_max": 0.004505986343978161,
        "nauc_map_at_20_std": 0.10422239017835391,
        "nauc_map_at_3_diff1": -0.25758853794935105,
        "nauc_map_at_3_max": 0.0003165186809392022,
        "nauc_map_at_3_std": 0.073787815755662,
        "nauc_map_at_5_diff1": -0.26840871915761827,
        "nauc_map_at_5_max": 0.002542520569357188,
        "nauc_map_at_5_std": 0.0864360224226272,
        "nauc_mrr_at_1000_diff1": -0.352973203440373,
        "nauc_mrr_at_1000_max": 0.004279169460655329,
        "nauc_mrr_at_1000_std": 0.05010168406176362,
        "nauc_mrr_at_100_diff1": -0.35282838896266405,
        "nauc_mrr_at_100_max": 0.004246244348126371,
        "nauc_mrr_at_100_std": 0.0500103093583224,
        "nauc_mrr_at_10_diff1": -0.3544263028903223,
        "nauc_mrr_at_10_max": 0.003929367832392052,
        "nauc_mrr_at_10_std": 0.0478252958551306,
        "nauc_mrr_at_1_diff1": -0.5746988023835726,
        "nauc_mrr_at_1_max": 0.029047376939523493,
        "nauc_mrr_at_1_std": 0.2870259521668249,
        "nauc_mrr_at_20_diff1": -0.35339280008168317,
        "nauc_mrr_at_20_max": 0.004175461034327089,
        "nauc_mrr_at_20_std": 0.049148248185835845,
        "nauc_mrr_at_3_diff1": -0.3591723252785509,
        "nauc_mrr_at_3_max": 0.00403104720219049,
        "nauc_mrr_at_3_std": 0.0404960811268073,
        "nauc_mrr_at_5_diff1": -0.3585645562893135,
        "nauc_mrr_at_5_max": 0.0020548539639942804,
        "nauc_mrr_at_5_std": 0.045522727902755446,
        "nauc_ndcg_at_1000_diff1": -0.2685009406444735,
        "nauc_ndcg_at_1000_max": 0.005836111353149481,
        "nauc_ndcg_at_1000_std": 0.11311294743168826,
        "nauc_ndcg_at_100_diff1": -0.2626615425913708,
        "nauc_ndcg_at_100_max": 0.006500040666350577,
        "nauc_ndcg_at_100_std": 0.10412717822836703,
        "nauc_ndcg_at_10_diff1": -0.26986440689503255,
        "nauc_ndcg_at_10_max": 0.002259064902287912,
        "nauc_ndcg_at_10_std": 0.08351960465910635,
        "nauc_ndcg_at_1_diff1": -0.5746988023835727,
        "nauc_ndcg_at_1_max": 0.01860068455415359,
        "nauc_ndcg_at_1_std": 0.24591999227187353,
        "nauc_ndcg_at_20_diff1": -0.26557544406085987,
        "nauc_ndcg_at_20_max": 0.0047811746525403785,
        "nauc_ndcg_at_20_std": 0.09053231502866856,
        "nauc_ndcg_at_3_diff1": -0.3079122639483788,
        "nauc_ndcg_at_3_max": 0.001817933912863451,
        "nauc_ndcg_at_3_std": 0.05331981166099078,
        "nauc_ndcg_at_5_diff1": -0.29161633386458363,
        "nauc_ndcg_at_5_max": 0.00323633286273378,
        "nauc_ndcg_at_5_std": 0.07076540546903416,
        "nauc_precision_at_1000_diff1": -0.13140300790068282,
        "nauc_precision_at_1000_max": 0.005922440105917975,
        "nauc_precision_at_1000_std": 0.08342438590882045,
        "nauc_precision_at_100_diff1": -0.17052567611996527,
        "nauc_precision_at_100_max": 0.011026201381103823,
        "nauc_precision_at_100_std": 0.09223669236894032,
        "nauc_precision_at_10_diff1": -0.23209493838034498,
        "nauc_precision_at_10_max": 0.004908243372756972,
        "nauc_precision_at_10_std": 0.07007542762563608,
        "nauc_precision_at_1_diff1": -0.5746988023835727,
        "nauc_precision_at_1_max": 0.01860068455415359,
        "nauc_precision_at_1_std": 0.24591999227187353,
        "nauc_precision_at_20_diff1": -0.2109568972104465,
        "nauc_precision_at_20_max": 0.007714408837495573,
        "nauc_precision_at_20_std": 0.07965290786741164,
        "nauc_precision_at_3_diff1": -0.2870525654193057,
        "nauc_precision_at_3_max": -0.0007584139080774421,
        "nauc_precision_at_3_std": 0.0318750842480405,
        "nauc_precision_at_5_diff1": -0.25948022131281406,
        "nauc_precision_at_5_max": 0.004692362608818381,
        "nauc_precision_at_5_std": 0.04879698010109281,
        "nauc_recall_at_1000_diff1": -0.12358858307301535,
        "nauc_recall_at_1000_max": 0.009306080801565777,
        "nauc_recall_at_1000_std": 0.15591617596817545,
        "nauc_recall_at_100_diff1": -0.14715964976867443,
        "nauc_recall_at_100_max": 0.01041920443322213,
        "nauc_recall_at_100_std": 0.11606682272338587,
        "nauc_recall_at_10_diff1": -0.18845161575089034,
        "nauc_recall_at_10_max": 0.000650022994426268,
        "nauc_recall_at_10_std": 0.07614315809536469,
        "nauc_recall_at_1_diff1": -0.5746988023835725,
        "nauc_recall_at_1_max": 0.009513570955681795,
        "nauc_recall_at_1_std": 0.24050607736711668,
        "nauc_recall_at_20_diff1": -0.17338195050795077,
        "nauc_recall_at_20_max": 0.006581585832690798,
        "nauc_recall_at_20_std": 0.08663740977783436,
        "nauc_recall_at_3_diff1": -0.19307909748063756,
        "nauc_recall_at_3_max": 0.0003553588908448416,
        "nauc_recall_at_3_std": 0.0442289537166574,
        "nauc_recall_at_5_diff1": -0.19899176174509764,
        "nauc_recall_at_5_max": -0.0005095021106718202,
        "nauc_recall_at_5_std": 0.060914430592624226,