{
  "dataset_revision": "fec9c59496ddf4a34e01ca8080515722bd3cf970",
  "evaluation_time": 15.756592273712158,
  "kg_co2_emissions": null,
  "mteb_version": "1.14.15",
  "scores": {
    "test": [
      {
        "cv_recall_at_1": 0.274,
        "cv_recall_at_10": 0.548,
        "cv_recall_at_100": 0.834,
        "cv_recall_at_1000": 1.0,
        "cv_recall_at_20": 0.628,
        "cv_recall_at_3": 0.392,
        "cv_recall_at_5": 0.458,
        "hf_subset": "default",
        "languages": [
          "eng-Latn"
        ],
        "main_score": 0.36997,
        "map_at_1": 0.274,
        "map_at_10": 0.35329,
        "map_at_100": 0.36413,
        "map_at_1000": 0.36503,
        "map_at_20": 0.35891,
        "map_at_3": 0.32567,
        "map_at_5": 0.34087,
        "mrr_at_1": 0.274,
        "mrr_at_10": 0.35328888888888876,
        "mrr_at_100": 0.3641305092820594,
        "mrr_at_1000": 0.3650337866097008,
        "mrr_at_20": 0.3589137667801754,
        "mrr_at_3": 0.3256666666666667,
        "mrr_at_5": 0.34086666666666665,
        "nauc_cv_recall_at_1000_diff1": NaN,
        "nauc_cv_recall_at_1000_max": NaN,
        "nauc_cv_recall_at_1000_std": NaN,
        "nauc_cv_recall_at_100_diff1": 0.4108195982105783,
        "nauc_cv_recall_at_100_max": 0.3513699524165519,
        "nauc_cv_recall_at_100_std": 0.3340927699263115,
        "nauc_cv_recall_at_10_diff1": 0.3707691359200985,
        "nauc_cv_recall_at_10_max": 0.2438081840142132,
        "nauc_cv_recall_at_10_std": 0.15858559250312437,
        "nauc_cv_recall_at_1_diff1": 0.4619750027514469,
        "nauc_cv_recall_at_1_max": 0.2773571434618564,
        "nauc_cv_recall_at_1_std": 0.09954311870165566,
        "nauc_cv_recall_at_20_diff1": 0.4034132420804166,
        "nauc_cv_recall_at_20_max": 0.2844867960110151,
        "nauc_cv_recall_at_20_std": 0.15804197550908236,
        "nauc_cv_recall_at_3_diff1": 0.4065778999927638,
        "nauc_cv_recall_at_3_max": 0.2496459326186513,
        "nauc_cv_recall_at_3_std": 0.13659247619736797,
        "nauc_cv_recall_at_5_diff1": 0.39779343598416905,
        "nauc_cv_recall_at_5_max": 0.25945904777912304,
        "nauc_cv_recall_at_5_std": 0.17263041234541332,
        "nauc_map_at_1000_diff1": 0.4289400319756985,
        "nauc_map_at_1000_max": 0.2689506737673011,
        "nauc_map_at_1000_std": 0.12803419134610242,
        "nauc_map_at_100_diff1": 0.42885442258511014,
        "nauc_map_at_100_max": 0.2692582970619958,
        "nauc_map_at_100_std": 0.12843203024529296,
        "nauc_map_at_10_diff1": 0.4262212910098287,
        "nauc_map_at_10_max": 0.26616493787234696,
        "nauc_map_at_10_std": 0.1265953804223453,
        "nauc_map_at_1_diff1": 0.4619750027514469,
        "nauc_map_at_1_max": 0.2773571434618564,
        "nauc_map_at_1_std": 0.09954311870165566,
        "nauc_map_at_20_diff1": 0.4284448343118344,
        "nauc_map_at_20_max": 0.2690760269120174,
        "nauc_map_at_20_std": 0.12663495864569618,
        "nauc_map_at_3_diff1": 0.43187220501498585,
        "nauc_map_at_3_max": 0.2654933953846897,
        "nauc_map_at_3_std": 0.11997884284630515,
        "nauc_map_at_5_diff1": 0.4296497686024672,
        "nauc_map_at_5_max": 0.2687269018079568,
        "nauc_map_at_5_std": 0.12984081889984647,
        "nauc_mrr_at_1000_diff1": 0.4289400319756985,
        "nauc_mrr_at_1000_max": 0.2689506737673011,
        "nauc_mrr_at_1000_std": 0.12803419134610242,
        "nauc_mrr_at_100_diff1": 0.42885442258511014,
        "nauc_mrr_at_100_max": 0.2692582970619958,
        "nauc_mrr_at_100_std": 0.12843203024529296,
        "nauc_mrr_at_10_diff1": 0.4262212910098287,
        "nauc_mrr_at_10_max": 0.26616493787234696,
        "nauc_mrr_at_10_std": 0.1265953804223453,
        "nauc_mrr_at_1_diff1": 0.4619750027514469,
        "nauc_mrr_at_1_max": 0.2773571434618564,
        "nauc_mrr_at_1_std": 0.09954311870165566,
        "nauc_mrr_at_20_diff1": 0.4284448343118344,
        "nauc_mrr_at_20_max": 0.2690760269120174,
        "nauc_mrr_at_20_std": 0.12663495864569618,
        "nauc_mrr_at_3_diff1": 0.43187220501498585,
        "nauc_mrr_at_3_max": 0.2654933953846897,
        "nauc_mrr_at_3_std": 0.11997884284630515,
        "nauc_mrr_at_5_diff1": 0.4296497686024672,
        "nauc_mrr_at_5_max": 0.2687269018079568,
        "nauc_mrr_at_5_std": 0.12984081889984647,
        "nauc_ndcg_at_1000_diff1": 0.42490331218837485,
        "nauc_ndcg_at_1000_max": 0.26923686243472,
        "nauc_ndcg_at_1000_std": 0.13661973225278048,
        "nauc_ndcg_at_100_diff1": 0.4237501775481191,
        "nauc_ndcg_at_100_max": 0.2754123277695727,
        "nauc_ndcg_at_100_std": 0.14932637461067172,
        "nauc_ndcg_at_10_diff1": 0.4129110395057173,
        "nauc_ndcg_at_10_max": 0.2608695707815544,
        "nauc_ndcg_at_10_std": 0.1347290633153979,
        "nauc_ndcg_at_1_diff1": 0.4619750027514469,
        "nauc_ndcg_at_1_max": 0.2773571434618564,
        "nauc_ndcg_at_1_std": 0.09954311870165566,
        "nauc_ndcg_at_20_diff1": 0.4212506902996852,
        "nauc_ndcg_at_20_max": 0.2709472172227333,
        "nauc_ndcg_at_20_std": 0.13434839262447948,
        "nauc_ndcg_at_3_diff1": 0.4249611000998995,
        "nauc_ndcg_at_3_max": 0.2613207228374443,
        "nauc_ndcg_at_3_std": 0.12453307166402308,
        "nauc_ndcg_at_5_diff1": 0.42116772431902333,
        "nauc_ndcg_at_5_max": 0.26628491565434564,
        "nauc_ndcg_at_5_std": 0.14088721346867775,
        "nauc_precision_at_1000_diff1": 1.0,
        "nauc_precision_at_1000_max": 1.0,
        "nauc_precision_at_1000_std": 1.0,
        "nauc_precision_at_100_diff1": 0.4108195982105766,
        "nauc_precision_at_100_max": 0.3513699524165505,
        "nauc_precision_at_100_std": 0.3340927699263106,
        "nauc_precision_at_10_diff1": 0.37076913592009925,
        "nauc_precision_at_10_max": 0.24380818401421336,
        "nauc_precision_at_10_std": 0.1585855925031248,
        "nauc_precision_at_1_diff1": 0.4619750027514469,
        "nauc_precision_at_1_max": 0.2773571434618564,
        "nauc_precision_at_1_std": 0.09954311870165566,
        "nauc_precision_at_20_diff1": 0.40341324208041696,
        "nauc_precision_at_20_max": 0.2844867960110156,
        "nauc_precision_at_20_std": 0.1580419755090828,
        "nauc_precision_at_3_diff1": 0.4065778999927632,
        "nauc_precision_at_3_max": 0.2496459326186512,
        "nauc_precision_at_3_std": 0.136592476197368,
        "nauc_precision_at_5_diff1": 0.397793435984169,
        "nauc_precision_at_5_max": 0.25945904777912304,
        "nauc_precision_at_5_std": 0.1726304123454132,
        "nauc_recall_at_1000_diff1": NaN,
        "nauc_recall_at_1000_max": NaN,
        "nauc_recall_at_1000_std": NaN,
        "nauc_recall_at_100_diff1": 0.4108195982105783,
        "nauc_recall_at_100_max": 0.3513699524165519,
        "nauc_recall_at_100_std": 0.3340927699263115,
        "nauc_recall_at_10_diff1": 0.3707691359200985,
        "nauc_recall_at_10_max": 0.2438081840142132,
        "nauc_recall_at_10_std": 0.15858559250312437,
        "nauc_recall_at_1_diff1": 0.4619750027514469,
        "nauc_recall_at_1_max": 0.2773571434618564,
        "nauc_recall_at_1_std": 0.09954311870165566,
        "nauc_recall_at_20_diff1": 0.4034132420804166,
        "nauc_recall_at_20_max": 0.2844867960110151,
        "nauc_recall_at_20_std": 0.15804197550908236,
        "nauc_recall_at_3_diff1": 0.4065778999927638,
        "nauc_recall_at_3_max": 0.2496459326186513,
        "nauc_recall_at_3_std": 0.13659247619736797,
        "nauc_recall_at_5_diff1": 0.39779343598416905,
        "nauc_recall_at_5_max": 0.25945904777912304,
        "nauc_recall_at_5_std": 0.17263041234541332,
        "ndcg_at_1": 0.274,
        "ndcg_at_10": 0.39949,
        "ndcg_at_100": 0.45791,
        "ndcg_at_1000": 0.47973,
        "ndcg_at_20": 0.41982,
        "ndcg_at_3": 0.34269,
        "ndcg_at_5": 0.36997,
        "precision_at_1": 0.274,
        "precision_at_10": 0.0548,
        "precision_at_100": 0.00834,