{
  "dataset_revision": "8270b3751ce6b95bec362fb38fbcd2a4aa400cfc",
  "evaluation_time": 28.769615650177002,
  "kg_co2_emissions": null,
  "mteb_version": "1.14.15",
  "scores": {
    "test": [
      {
        "cv_recall_at_1": 0.06,
        "cv_recall_at_10": 0.16,
        "cv_recall_at_100": 0.42,
        "cv_recall_at_1000": 1.0,
        "cv_recall_at_20": 0.23,
        "cv_recall_at_3": 0.09,
        "cv_recall_at_5": 0.09,
        "hf_subset": "default",
        "languages": [
          "eng-Latn"
        ],
        "main_score": 0.08123,
        "map_at_1": 0.06,
        "map_at_10": 0.08121,
        "map_at_100": 0.09109,
        "map_at_1000": 0.0932,
        "map_at_20": 0.08728,
        "map_at_3": 0.07,
        "map_at_5": 0.075,
        "mrr_at_1": 0.06,
        "mrr_at_10": 0.08202777777777777,
        "mrr_at_100": 0.09121283057539557,
        "mrr_at_1000": 0.09323295120835003,
        "mrr_at_20": 0.08731412520228309,
        "mrr_at_3": 0.07333333333333333,
        "mrr_at_5": 0.07333333333333333,
        "nauc_cv_recall_at_1000_diff1": NaN,
        "nauc_cv_recall_at_1000_max": NaN,
        "nauc_cv_recall_at_1000_std": NaN,
        "nauc_cv_recall_at_100_diff1": 0.16483915286310502,
        "nauc_cv_recall_at_100_max": 0.43260232781190855,
        "nauc_cv_recall_at_100_std": 0.2827721181014594,
        "nauc_cv_recall_at_10_diff1": 0.058591949608234696,
        "nauc_cv_recall_at_10_max": 0.34500307266861274,
        "nauc_cv_recall_at_10_std": 0.20777001075434018,
        "nauc_cv_recall_at_1_diff1": 0.1739558179053752,
        "nauc_cv_recall_at_1_max": 0.33887845452106247,
        "nauc_cv_recall_at_1_std": 0.3941507915213307,
        "nauc_cv_recall_at_20_diff1": 0.19142477997590027,
        "nauc_cv_recall_at_20_max": 0.3804243376397552,
        "nauc_cv_recall_at_20_std": 0.09292109638352061,
        "nauc_cv_recall_at_3_diff1": 0.37417643025370423,
        "nauc_cv_recall_at_3_max": 0.5592523030140416,
        "nauc_cv_recall_at_3_std": 0.42455952061532964,
        "nauc_cv_recall_at_5_diff1": 0.37417643025370423,
        "nauc_cv_recall_at_5_max": 0.5592523030140416,
        "nauc_cv_recall_at_5_std": 0.42455952061532964,
        "nauc_map_at_1000_diff1": 0.22211997448946572,
        "nauc_map_at_1000_max": 0.4226703021544981,
        "nauc_map_at_1000_std": 0.35509700498369534,
        "nauc_map_at_100_diff1": 0.22279977014716346,
        "nauc_map_at_100_max": 0.4252031145284334,
        "nauc_map_at_100_std": 0.3563523572828241,
        "nauc_map_at_10_diff1": 0.22192935627611637,
        "nauc_map_at_10_max": 0.42415004690257796,
        "nauc_map_at_10_std": 0.3662952971659471,
        "nauc_map_at_1_diff1": 0.1739558179053752,
        "nauc_map_at_1_max": 0.33887845452106247,
        "nauc_map_at_1_std": 0.3941507915213307,
        "nauc_map_at_20_diff1": 0.2235370957493086,
        "nauc_map_at_20_max": 0.42363627165734064,
        "nauc_map_at_20_std": 0.3493697046949435,
        "nauc_map_at_3_diff1": 0.2436659128368275,
        "nauc_map_at_3_max": 0.433324389589482,
        "nauc_map_at_3_std": 0.45655257004867944,
        "nauc_map_at_5_diff1": 0.24691888024326974,
        "nauc_map_at_5_max": 0.44856452911188616,
        "nauc_map_at_5_std": 0.408639656560236,
        "nauc_mrr_at_1000_diff1": 0.24970464634892656,
        "nauc_mrr_at_1000_max": 0.4293471710105555,
        "nauc_mrr_at_1000_std": 0.3328740535666148,
        "nauc_mrr_at_100_diff1": 0.24973309243013533,
        "nauc_mrr_at_100_max": 0.43118294840439664,
        "nauc_mrr_at_100_std": 0.3336076391475648,
        "nauc_mrr_at_10_diff1": 0.23498849214811451,
        "nauc_mrr_at_10_max": 0.424442907589755,
        "nauc_mrr_at_10_std": 0.3482117751660398,
        "nauc_mrr_at_1_diff1": 0.1739558179053752,
        "nauc_mrr_at_1_max": 0.33887845452106247,
        "nauc_mrr_at_1_std": 0.3941507915213307,
        "nauc_mrr_at_20_diff1": 0.25119430080323674,
        "nauc_mrr_at_20_max": 0.43033456107778606,
        "nauc_mrr_at_20_std": 0.3270902377687649,
        "nauc_mrr_at_3_diff1": 0.29341171305217445,
        "nauc_mrr_at_3_max": 0.4590823718808692,
        "nauc_mrr_at_3_std": 0.3990413932726785,
        "nauc_mrr_at_5_diff1": 0.29341171305217445,
        "nauc_mrr_at_5_max": 0.4590823718808692,
        "nauc_mrr_at_5_std": 0.3990413932726785,
        "nauc_ndcg_at_1000_diff1": 0.2138824549051445,
        "nauc_ndcg_at_1000_max": 0.4161443897516234,
        "nauc_ndcg_at_1000_std": 0.3158045285204317,
        "nauc_ndcg_at_100_diff1": 0.21009464889600732,
        "nauc_ndcg_at_100_max": 0.4347151408518815,
        "nauc_ndcg_at_100_std": 0.3206930265791543,
        "nauc_ndcg_at_10_diff1": 0.2036918358650856,
        "nauc_ndcg_at_10_max": 0.41509671780130775,
        "nauc_ndcg_at_10_std": 0.30358830108810564,
        "nauc_ndcg_at_1_diff1": 0.1739558179053752,
        "nauc_ndcg_at_1_max": 0.33887845452106247,
        "nauc_ndcg_at_1_std": 0.3941507915213307,
        "nauc_ndcg_at_20_diff1": 0.2130246179818501,
        "nauc_ndcg_at_20_max": 0.4125222189697398,
        "nauc_ndcg_at_20_std": 0.25841208063962756,
        "nauc_ndcg_at_3_diff1": 0.25874820773692664,
        "nauc_ndcg_at_3_max": 0.45375846655090646,
        "nauc_ndcg_at_3_std": 0.47005365661247767,
        "nauc_ndcg_at_5_diff1": 0.26232291688461556,
        "nauc_ndcg_at_5_max": 0.4758317739319828,
        "nauc_ndcg_at_5_std": 0.3924146371401771,
        "nauc_precision_at_1000_diff1": NaN,
        "nauc_precision_at_1000_max": NaN,
        "nauc_precision_at_1000_std": NaN,
        "nauc_precision_at_100_diff1": 0.1842618546314115,
        "nauc_precision_at_100_max": 0.4588010385315887,
        "nauc_precision_at_100_std": 0.30947983001149604,
        "nauc_precision_at_10_diff1": 0.155266606188892,
        "nauc_precision_at_10_max": 0.3810704566071967,
        "nauc_precision_at_10_std": 0.16837012397943735,
        "nauc_precision_at_1_diff1": 0.1739558179053752,
        "nauc_precision_at_1_max": 0.33887845452106247,
        "nauc_precision_at_1_std": 0.3941507915213307,
        "nauc_precision_at_20_diff1": 0.19142477997590027,
        "nauc_precision_at_20_max": 0.3804243376397553,
        "nauc_precision_at_20_std": 0.0929210963835207,
        "nauc_precision_at_3_diff1": 0.2959484840354171,
        "nauc_precision_at_3_max": 0.504158840890797,
        "nauc_precision_at_3_std": 0.5033539039441909,
        "nauc_precision_at_5_diff1": 0.2952508720150253,
        "nauc_precision_at_5_max": 0.5357123691977462,
        "nauc_precision_at_5_std": 0.35025489669975846,
        "nauc_recall_at_1000_diff1": NaN,
        "nauc_recall_at_1000_max": NaN,
        "nauc_recall_at_1000_std": NaN,
        "nauc_recall_at_100_diff1": 0.18426185463141187,
        "nauc_recall_at_100_max": 0.4588010385315888,
        "nauc_recall_at_100_std": 0.30947983001149604,
        "nauc_recall_at_10_diff1": 0.15526660618889215,
        "nauc_recall_at_10_max": 0.38107045660719685,
        "nauc_recall_at_10_std": 0.16837012397943757,
        "nauc_recall_at_1_diff1": 0.1739558179053752,
        "nauc_recall_at_1_max": 0.33887845452106247,
        "nauc_recall_at_1_std": 0.3941507915213307,
        "nauc_recall_at_20_diff1": 0.19142477997590027,
        "nauc_recall_at_20_max": 0.3804243376397552,
        "nauc_recall_at_20_std": 0.09292109638352061,
        "nauc_recall_at_3_diff1": 0.29594848403541707,
        "nauc_recall_at_3_max": 0.5041588408907967,
        "nauc_recall_at_3_std": 0.503353903944191,
        "nauc_recall_at_5_diff1": 0.2952508720150256,
        "nauc_recall_at_5_max": 0.5357123691977462,
        "nauc_recall_at_5_std": 0.3502548966997586,
        "ndcg_at_1": 0.06,
        "ndcg_at_10": 0.09692,
        "ndcg_at_100": 0.14955,
        "ndcg_at_1000": 0.22068,
        "ndcg_at_20": 0.11779,
        "ndcg_at_3": 0.07262,
        "ndcg_at_5": 0.08123,
        "precision_at_1": 0.06,
        "precision_at_10": 0.015,
        "precision_at_100": 0.0041,