{
  "dataset_revision": "94c519d850dba2b0058c2fc9b5da6142a59aa285",
  "evaluation_time": 2032.3265976905823,
  "kg_co2_emissions": null,
  "mteb_version": "1.12.84",
  "scores": {
    "test": [
      {
        "cv_recall_at_1": 0.14214,
        "cv_recall_at_10": 0.38615,
        "cv_recall_at_100": 0.64896,
        "cv_recall_at_1000": 0.83731,
        "cv_recall_at_20": 0.47277,
        "cv_recall_at_3": 0.24846,
        "cv_recall_at_5": 0.30413,
        "hf_subset": "default",
        "languages": [
          "eng-Latn"
        ],
        "main_score": 0.25322,
        "map_at_1": 0.14189,
        "map_at_10": 0.21201,
        "map_at_100": 0.22241,
        "map_at_1000": 0.22322,
        "map_at_20": 0.21802,
        "map_at_3": 0.18826,
        "map_at_5": 0.20104,
        "mrr_at_1": 0.14213553388347086,
        "mrr_at_10": 0.21213452172567082,
        "mrr_at_100": 0.22253810455058598,
        "mrr_at_1000": 0.22334262930582421,
        "mrr_at_20": 0.21815238887195898,
        "mrr_at_3": 0.18843044094357164,
        "mrr_at_5": 0.2011486204884563,
        "nauc_cv_recall_at_1000_diff1": 0.2738151451376307,
        "nauc_cv_recall_at_1000_max": 0.5931214969636025,
        "nauc_cv_recall_at_1000_std": 0.7501777008032257,
        "nauc_cv_recall_at_100_diff1": 0.2743373648460172,
        "nauc_cv_recall_at_100_max": 0.46575688991474795,
        "nauc_cv_recall_at_100_std": 0.576698437786742,
        "nauc_cv_recall_at_10_diff1": 0.28264363675897997,
        "nauc_cv_recall_at_10_max": 0.35455403543397274,
        "nauc_cv_recall_at_10_std": 0.3409080895780153,
        "nauc_cv_recall_at_1_diff1": 0.43574527435374394,
        "nauc_cv_recall_at_1_max": 0.30366809286647123,
        "nauc_cv_recall_at_1_std": 0.19297182230123075,
        "nauc_cv_recall_at_20_diff1": 0.27117097023604686,
        "nauc_cv_recall_at_20_max": 0.38504583058673747,
        "nauc_cv_recall_at_20_std": 0.4083714618245761,
        "nauc_cv_recall_at_3_diff1": 0.3290103271052618,
        "nauc_cv_recall_at_3_max": 0.3175734967043012,
        "nauc_cv_recall_at_3_std": 0.2572722720243564,
        "nauc_cv_recall_at_5_diff1": 0.30524189503214394,
        "nauc_cv_recall_at_5_max": 0.3267082717032173,
        "nauc_cv_recall_at_5_std": 0.28295915343267924,
        "nauc_map_at_1000_diff1": 0.36629495836246867,
        "nauc_map_at_1000_max": 0.32247650003298395,
        "nauc_map_at_1000_std": 0.254260785723814,
        "nauc_map_at_100_diff1": 0.3661110091807752,
        "nauc_map_at_100_max": 0.32235486608870173,
        "nauc_map_at_100_std": 0.25427301752910086,
        "nauc_map_at_10_diff1": 0.3666371005486745,
        "nauc_map_at_10_max": 0.3179934234214588,
        "nauc_map_at_10_std": 0.2447703790002406,
        "nauc_map_at_1_diff1": 0.43743514555841434,
        "nauc_map_at_1_max": 0.30350123194006623,
        "nauc_map_at_1_std": 0.1933581414080973,
        "nauc_map_at_20_diff1": 0.3656297660643177,
        "nauc_map_at_20_max": 0.3206298829457058,
        "nauc_map_at_20_std": 0.2506027371516703,
        "nauc_map_at_3_diff1": 0.37914731231852516,
        "nauc_map_at_3_max": 0.31014982499900495,
        "nauc_map_at_3_std": 0.22582773571427692,
        "nauc_map_at_5_diff1": 0.37107276727666866,
        "nauc_map_at_5_max": 0.3129587682028005,
        "nauc_map_at_5_std": 0.23406545136024842,
        "nauc_mrr_at_1000_diff1": 0.365694119656496,
        "nauc_mrr_at_1000_max": 0.3225064538045288,
        "nauc_mrr_at_1000_std": 0.25372446071677807,
        "nauc_mrr_at_100_diff1": 0.36550943256415147,
        "nauc_mrr_at_100_max": 0.32238352603484055,
        "nauc_mrr_at_100_std": 0.2537390594412823,
        "nauc_mrr_at_10_diff1": 0.36604292281022704,
        "nauc_mrr_at_10_max": 0.318023509003043,
        "nauc_mrr_at_10_std": 0.2442321947644308,
        "nauc_mrr_at_1_diff1": 0.43574527435374394,
        "nauc_mrr_at_1_max": 0.30366809286647123,
        "nauc_mrr_at_1_std": 0.19297182230123075,
        "nauc_mrr_at_20_diff1": 0.36503648073161493,
        "nauc_mrr_at_20_max": 0.32065493374494664,
        "nauc_mrr_at_20_std": 0.2500569829241322,
        "nauc_mrr_at_3_diff1": 0.3783635531911808,
        "nauc_mrr_at_3_max": 0.3099868426780373,
        "nauc_mrr_at_3_std": 0.2250798843091142,
        "nauc_mrr_at_5_diff1": 0.37029885694565495,
        "nauc_mrr_at_5_max": 0.3128479822671293,
        "nauc_mrr_at_5_std": 0.23345888219471445,
        "nauc_ndcg_at_1000_diff1": 0.34587426274769756,
        "nauc_ndcg_at_1000_max": 0.35296786555677756,
        "nauc_ndcg_at_1000_std": 0.31690613840921944,
        "nauc_ndcg_at_100_diff1": 0.34177689609578826,
        "nauc_ndcg_at_100_max": 0.3503176936120679,
        "nauc_ndcg_at_100_std": 0.31898929198056136,
        "nauc_ndcg_at_10_diff1": 0.34181459809724857,
        "nauc_ndcg_at_10_max": 0.328190780924741,
        "nauc_ndcg_at_10_std": 0.2720579741726425,
        "nauc_ndcg_at_1_diff1": 0.43743514555841434,
        "nauc_ndcg_at_1_max": 0.30350123194006623,
        "nauc_ndcg_at_1_std": 0.1933581414080973,
        "nauc_ndcg_at_20_diff1": 0.33852580543057287,
        "nauc_ndcg_at_20_max": 0.33728315846227197,
        "nauc_ndcg_at_20_std": 0.29215613689258596,
        "nauc_ndcg_at_3_diff1": 0.3646193686577447,
        "nauc_ndcg_at_3_max": 0.31244948573813575,
        "nauc_ndcg_at_3_std": 0.23509499886693777,
        "nauc_ndcg_at_5_diff1": 0.35161503224004037,
        "nauc_ndcg_at_5_max": 0.31712039236583617,
        "nauc_ndcg_at_5_std": 0.24853289096733608,
        "nauc_precision_at_1000_diff1": 0.27273524762384516,
        "nauc_precision_at_1000_max": 0.5914908390552021,
        "nauc_precision_at_1000_std": 0.7492366648909354,
        "nauc_precision_at_100_diff1": 0.2743373648460168,
        "nauc_precision_at_100_max": 0.46575688991474795,
        "nauc_precision_at_100_std": 0.5766984377867421,
        "nauc_precision_at_10_diff1": 0.28267830445192166,
        "nauc_precision_at_10_max": 0.35462752640006245,
        "nauc_precision_at_10_std": 0.34090808957801505,
        "nauc_precision_at_1_diff1": 0.43743514555841434,
        "nauc_precision_at_1_max": 0.30350123194006623,
        "nauc_precision_at_1_std": 0.1933581414080973,
        "nauc_precision_at_20_diff1": 0.2711325060911637,
        "nauc_precision_at_20_max": 0.3851281672816333,
        "nauc_precision_at_20_std": 0.4085615041031749,
        "nauc_precision_at_3_diff1": 0.32949775513819174,
        "nauc_precision_at_3_max": 0.3181893480026203,
        "nauc_precision_at_3_std": 0.2578284990482501,
        "nauc_precision_at_5_diff1": 0.30599236424623105,
        "nauc_precision_at_5_max": 0.32728294271527764,
        "nauc_precision_at_5_std": 0.28316104447138657,
        "nauc_recall_at_1000_diff1": 0.2735240225347363,
        "nauc_recall_at_1000_max": 0.5932571091213296,
        "nauc_recall_at_1000_std": 0.7502902830528209,
        "nauc_recall_at_100_diff1": 0.274464026101684,
        "nauc_recall_at_100_max": 0.4658591197876539,
        "nauc_recall_at_100_std": 0.5765276833211775,
        "nauc_recall_at_10_diff1": 0.2826783044519219,
        "nauc_recall_at_10_max": 0.3546275264000627,
        "nauc_recall_at_10_std": 0.3409080895780153,
        "nauc_recall_at_1_diff1": 0.43743514555841434,
        "nauc_recall_at_1_max": 0.30350123194006623,
        "nauc_recall_at_1_std": 0.1933581414080973,
        "nauc_recall_at_20_diff1": 0.27116932602660276,
        "nauc_recall_at_20_max": 0.385175879145329,
        "nauc_recall_at_20_std": 0.4085181212052684,
        "nauc_recall_at_3_diff1": 0.3294977551381917,
        "nauc_recall_at_3_max": 0.3181893480026203,
        "nauc_recall_at_3_std": 0.25782849904825034,
        "nauc_recall_at_5_diff1": 0.3059923642462314,
        "nauc_recall_at_5_max": 0.3272829427152781,
        "nauc_recall_at_5_std": 0.2831610444713866,
        "ndcg_at_1": 0.14189,
        "ndcg_at_10": 0.25322,
        "ndcg_at_100": 0.30753,
        "ndcg_at_1000": 0.33093,