{
  "dataset_revision": "aaee58895a66e4d619168849267ed2bb40d37043",
  "evaluation_time": 637.0611886978149,
  "kg_co2_emissions": null,
  "mteb_version": "1.12.84",
  "scores": {
    "test": [
      {
        "cv_recall_at_1": 0.14225,
        "cv_recall_at_10": 0.3711,
        "cv_recall_at_100": 0.63325,
        "cv_recall_at_1000": 0.8308,
        "cv_recall_at_20": 0.4508,
        "cv_recall_at_3": 0.2426,
        "cv_recall_at_5": 0.2962,
        "hf_subset": "default",
        "languages": [
          "eng-Latn"
        ],
        "main_score": 0.24665,
        "map_at_1": 0.14215,
        "map_at_10": 0.20805,
        "map_at_100": 0.21816,
        "map_at_1000": 0.21898,
        "map_at_20": 0.2136,
        "map_at_3": 0.18584,
        "map_at_5": 0.19808,
        "mrr_at_1": 0.14225,
        "mrr_at_10": 0.20809535714285854,
        "mrr_at_100": 0.21821117637519633,
        "mrr_at_1000": 0.21903244279521142,
        "mrr_at_20": 0.21365230710680844,
        "mrr_at_3": 0.18589166666666862,
        "mrr_at_5": 0.19812916666666722,
        "nauc_cv_recall_at_1000_diff1": 0.1374166886265108,
        "nauc_cv_recall_at_1000_max": 0.4326023231571799,
        "nauc_cv_recall_at_1000_std": 0.5371027114383197,
        "nauc_cv_recall_at_100_diff1": 0.1859457721091746,
        "nauc_cv_recall_at_100_max": 0.37897087843161015,
        "nauc_cv_recall_at_100_std": 0.3801615793616046,
        "nauc_cv_recall_at_10_diff1": 0.24411979633870634,
        "nauc_cv_recall_at_10_max": 0.31955568154632447,
        "nauc_cv_recall_at_10_std": 0.15577379453785636,
        "nauc_cv_recall_at_1_diff1": 0.43018478049486225,
        "nauc_cv_recall_at_1_max": 0.3132376136367806,
        "nauc_cv_recall_at_1_std": 0.04846489768168653,
        "nauc_cv_recall_at_20_diff1": 0.22602718014627493,
        "nauc_cv_recall_at_20_max": 0.3316118262662824,
        "nauc_cv_recall_at_20_std": 0.21054304754429856,
        "nauc_cv_recall_at_3_diff1": 0.3032334244956384,
        "nauc_cv_recall_at_3_max": 0.308301563672542,
        "nauc_cv_recall_at_3_std": 0.08475358897537363,
        "nauc_cv_recall_at_5_diff1": 0.27115644663985733,
        "nauc_cv_recall_at_5_max": 0.3128647962090153,
        "nauc_cv_recall_at_5_std": 0.11554840469255882,
        "nauc_map_at_1000_diff1": 0.3436467125060594,
        "nauc_map_at_1000_max": 0.31323974428346524,
        "nauc_map_at_1000_std": 0.09113461601378964,
        "nauc_map_at_100_diff1": 0.34347632151089674,
        "nauc_map_at_100_max": 0.31324681175801156,
        "nauc_map_at_100_std": 0.0911844476249971,
        "nauc_map_at_10_diff1": 0.34583327161961397,
        "nauc_map_at_10_max": 0.31087876312089413,
        "nauc_map_at_10_std": 0.0819667272939276,
        "nauc_map_at_1_diff1": 0.4308567698038146,
        "nauc_map_at_1_max": 0.31313330076808726,
        "nauc_map_at_1_std": 0.048642072248903705,
        "nauc_map_at_20_diff1": 0.3440655791308437,
        "nauc_map_at_20_max": 0.3119640515148501,
        "nauc_map_at_20_std": 0.08682389789331668,
        "nauc_map_at_3_diff1": 0.36217978931296785,
        "nauc_map_at_3_max": 0.30861261807449575,
        "nauc_map_at_3_std": 0.06565290770639244,
        "nauc_map_at_5_diff1": 0.3511167742174239,
        "nauc_map_at_5_max": 0.3097889051312141,
        "nauc_map_at_5_std": 0.07493591815578858,
        "nauc_mrr_at_1000_diff1": 0.3433908476595087,
        "nauc_mrr_at_1000_max": 0.3132831686651032,
        "nauc_mrr_at_1000_std": 0.09105210117570409,
        "nauc_mrr_at_100_diff1": 0.3432209969084996,
        "nauc_mrr_at_100_max": 0.31329014350682705,
        "nauc_mrr_at_100_std": 0.09110207533826178,
        "nauc_mrr_at_10_diff1": 0.34557725180410864,
        "nauc_mrr_at_10_max": 0.3109217636298925,
        "nauc_mrr_at_10_std": 0.08188747150218671,
        "nauc_mrr_at_1_diff1": 0.43018478049486225,
        "nauc_mrr_at_1_max": 0.3132376136367806,
        "nauc_mrr_at_1_std": 0.04846489768168653,
        "nauc_mrr_at_20_diff1": 0.3438109296410951,
        "nauc_mrr_at_20_max": 0.31200750537885574,
        "nauc_mrr_at_20_std": 0.08674305106857981,
        "nauc_mrr_at_3_diff1": 0.36191163048605396,
        "nauc_mrr_at_3_max": 0.30865755294985336,
        "nauc_mrr_at_3_std": 0.06557455228533765,
        "nauc_mrr_at_5_diff1": 0.35085778529185385,
        "nauc_mrr_at_5_max": 0.30983244732505644,
        "nauc_mrr_at_5_std": 0.07485758391758571,
        "nauc_ndcg_at_1000_diff1": 0.309216176636288,
        "nauc_ndcg_at_1000_max": 0.32619689821644354,
        "nauc_ndcg_at_1000_std": 0.14728501394403046,
        "nauc_ndcg_at_100_diff1": 0.3055060583350281,
        "nauc_ndcg_at_100_max": 0.3255442418423197,
        "nauc_ndcg_at_100_std": 0.14920089955599194,
        "nauc_ndcg_at_10_diff1": 0.31576995334315505,
        "nauc_ndcg_at_10_max": 0.3131255785064659,
        "nauc_ndcg_at_10_std": 0.10267909300234637,
        "nauc_ndcg_at_1_diff1": 0.4308567698038146,
        "nauc_ndcg_at_1_max": 0.31313330076808726,
        "nauc_ndcg_at_1_std": 0.048642072248903705,
        "nauc_ndcg_at_20_diff1": 0.3101266740624065,
        "nauc_ndcg_at_20_max": 0.31681047684725033,
        "nauc_ndcg_at_20_std": 0.11932009857835636,
        "nauc_ndcg_at_3_diff1": 0.34498997548370164,
        "nauc_ndcg_at_3_max": 0.3084426214505432,
        "nauc_ndcg_at_3_std": 0.07112303928163569,
        "nauc_ndcg_at_5_diff1": 0.32728459943297505,
        "nauc_ndcg_at_5_max": 0.3105551753088202,
        "nauc_ndcg_at_5_std": 0.08666800363917986,
        "nauc_precision_at_1000_diff1": 0.13741668862651063,
        "nauc_precision_at_1000_max": 0.43260232315717956,
        "nauc_precision_at_1000_std": 0.5371027114383187,
        "nauc_precision_at_100_diff1": 0.1859457721091744,
        "nauc_precision_at_100_max": 0.37897087843161026,
        "nauc_precision_at_100_std": 0.38016157936160416,
        "nauc_precision_at_10_diff1": 0.24411979633870629,
        "nauc_precision_at_10_max": 0.3195556815463242,
        "nauc_precision_at_10_std": 0.15577379453785628,
        "nauc_precision_at_1_diff1": 0.4308567698038146,
        "nauc_precision_at_1_max": 0.31313330076808726,
        "nauc_precision_at_1_std": 0.048642072248903705,
        "nauc_precision_at_20_diff1": 0.22602718014627443,
        "nauc_precision_at_20_max": 0.3316118262662818,
        "nauc_precision_at_20_std": 0.21054304754429795,
        "nauc_precision_at_3_diff1": 0.3032334244956383,
        "nauc_precision_at_3_max": 0.3083015636725422,
        "nauc_precision_at_3_std": 0.08475358897537373,
        "nauc_precision_at_5_diff1": 0.2711564466398571,
        "nauc_precision_at_5_max": 0.31286479620901536,
        "nauc_precision_at_5_std": 0.1155484046925588,
        "nauc_recall_at_1000_diff1": 0.1374166886265108,
        "nauc_recall_at_1000_max": 0.4326023231571799,
        "nauc_recall_at_1000_std": 0.5371027114383197,
        "nauc_recall_at_100_diff1": 0.1859457721091746,
        "nauc_recall_at_100_max": 0.37897087843161015,
        "nauc_recall_at_100_std": 0.3801615793616046,
        "nauc_recall_at_10_diff1": 0.24411979633870634,
        "nauc_recall_at_10_max": 0.31955568154632447,
        "nauc_recall_at_10_std": 0.15577379453785636,
        "nauc_recall_at_1_diff1": 0.4308567698038146,
        "nauc_recall_at_1_max": 0.31313330076808726,
        "nauc_recall_at_1_std": 0.048642072248903705,
        "nauc_recall_at_20_diff1": 0.22602718014627493,
        "nauc_recall_at_20_max": 0.3316118262662824,
        "nauc_recall_at_20_std": 0.21054304754429856,
        "nauc_recall_at_3_diff1": 0.3032334244956384,
        "nauc_recall_at_3_max": 0.308301563672542,
        "nauc_recall_at_3_std": 0.08475358897537363,
        "nauc_recall_at_5_diff1": 0.27115644663985733,
        "nauc_recall_at_5_max": 0.3128647962090153,
        "nauc_recall_at_5_std": 0.11554840469255882,
        "ndcg_at_1": 0.14215,
        "ndcg_at_10": 0.24665,
        "ndcg_at_100": 0.30043,
        "ndcg_at_1000": 0.32483,