{
  "dataset_revision": "044af162d55f82ab603fa16ffcf7f1e4dbf300e9",
  "evaluation_time": 30.84842872619629,
  "kg_co2_emissions": null,
  "mteb_version": "1.12.90",
  "scores": {
    "test": [
      {
        "cv_recall_at_1": 0.01343,
        "cv_recall_at_10": 0.07131,
        "cv_recall_at_100": 0.39569,
        "cv_recall_at_1000": 0.91433,
        "cv_recall_at_20": 0.12063,
        "cv_recall_at_3": 0.0345,
        "cv_recall_at_5": 0.04561,
        "hf_subset": "default",
        "languages": [
          "eng-Latn"
        ],
        "main_score": 0.03809,
        "map_at_1": 0.01343,
        "map_at_10": 0.02804,
        "map_at_100": 0.03742,
        "map_at_1000": 0.03951,
        "map_at_20": 0.0312,
        "map_at_3": 0.02227,
        "map_at_5": 0.0247,
        "mrr_at_1": 0.013429034498726558,
        "mrr_at_10": 0.028036417160056885,
        "mrr_at_100": 0.037420008046085314,
        "mrr_at_1000": 0.039505486644354056,
        "mrr_at_20": 0.031201242210305073,
        "mrr_at_3": 0.022265956625762126,
        "mrr_at_5": 0.024697074940186765,
        "nauc_cv_recall_at_1000_diff1": 0.050583394811374374,
        "nauc_cv_recall_at_1000_max": -0.18376667036878835,
        "nauc_cv_recall_at_1000_std": 0.1298217845164567,
        "nauc_cv_recall_at_100_diff1": 0.027698576038987024,
        "nauc_cv_recall_at_100_max": -0.009117749373629837,
        "nauc_cv_recall_at_100_std": 0.006829941177572575,
        "nauc_cv_recall_at_10_diff1": 0.16070351829818008,
        "nauc_cv_recall_at_10_max": -0.06294639384504126,
        "nauc_cv_recall_at_10_std": -0.008037027217108009,
        "nauc_cv_recall_at_1_diff1": 0.38564376924174965,
        "nauc_cv_recall_at_1_max": -0.14158948678291924,
        "nauc_cv_recall_at_1_std": -0.04672599956819156,
        "nauc_cv_recall_at_20_diff1": 0.08493892106912637,
        "nauc_cv_recall_at_20_max": -0.015163802751554916,
        "nauc_cv_recall_at_20_std": 0.021963421659727856,
        "nauc_cv_recall_at_3_diff1": 0.24266018554188226,
        "nauc_cv_recall_at_3_max": -0.09291021576633819,
        "nauc_cv_recall_at_3_std": -0.02148263688905047,
        "nauc_cv_recall_at_5_diff1": 0.21381393860129796,
        "nauc_cv_recall_at_5_max": -0.11435865792008686,
        "nauc_cv_recall_at_5_std": -0.019942360767102027,
        "nauc_map_at_1000_diff1": 0.20370724207547133,
        "nauc_map_at_1000_max": -0.07702226966924787,
        "nauc_map_at_1000_std": -0.014549893563493205,
        "nauc_map_at_100_diff1": 0.20105115841633822,
        "nauc_map_at_100_max": -0.0738589428173749,
        "nauc_map_at_100_std": -0.015012934920928511,
        "nauc_map_at_10_diff1": 0.2501026724956375,
        "nauc_map_at_10_max": -0.09835226805301363,
        "nauc_map_at_10_std": -0.024470727792863956,
        "nauc_map_at_1_diff1": 0.38564376924174965,
        "nauc_map_at_1_max": -0.14158948678291924,
        "nauc_map_at_1_std": -0.04672599956819156,
        "nauc_map_at_20_diff1": 0.2244173819284951,
        "nauc_map_at_20_max": -0.08444395428873437,
        "nauc_map_at_20_std": -0.016020286898738696,
        "nauc_map_at_3_diff1": 0.2910544924422312,
        "nauc_map_at_3_max": -0.10878289402033367,
        "nauc_map_at_3_std": -0.03140611440353479,
        "nauc_map_at_5_diff1": 0.2743756933858256,
        "nauc_map_at_5_max": -0.11562364386231114,
        "nauc_map_at_5_std": -0.02997097324144088,
        "nauc_mrr_at_1000_diff1": 0.20370724207547133,
        "nauc_mrr_at_1000_max": -0.07702226966924787,
        "nauc_mrr_at_1000_std": -0.014549893563493205,
        "nauc_mrr_at_100_diff1": 0.20105115841633822,
        "nauc_mrr_at_100_max": -0.0738589428173749,
        "nauc_mrr_at_100_std": -0.015012934920928511,
        "nauc_mrr_at_10_diff1": 0.2501026724956375,
        "nauc_mrr_at_10_max": -0.09835226805301363,
        "nauc_mrr_at_10_std": -0.024470727792863956,
        "nauc_mrr_at_1_diff1": 0.38564376924174965,
        "nauc_mrr_at_1_max": -0.14158948678291924,
        "nauc_mrr_at_1_std": -0.04672599956819156,
        "nauc_mrr_at_20_diff1": 0.2244173819284951,
        "nauc_mrr_at_20_max": -0.08444395428873437,
        "nauc_mrr_at_20_std": -0.016020286898738696,
        "nauc_mrr_at_3_diff1": 0.2910544924422312,
        "nauc_mrr_at_3_max": -0.10878289402033367,
        "nauc_mrr_at_3_std": -0.03140611440353479,
        "nauc_mrr_at_5_diff1": 0.2743756933858256,
        "nauc_mrr_at_5_max": -0.11562364386231114,
        "nauc_mrr_at_5_std": -0.02997097324144088,
        "nauc_ndcg_at_1000_diff1": 0.13406325540576058,
        "nauc_ndcg_at_1000_max": -0.07106041428299001,
        "nauc_ndcg_at_1000_std": 0.012519681774848902,
        "nauc_ndcg_at_100_diff1": 0.10175722112103643,
        "nauc_ndcg_at_100_max": -0.03450295253160438,
        "nauc_ndcg_at_100_std": -0.0014070304908460896,
        "nauc_ndcg_at_10_diff1": 0.21195276364011353,
        "nauc_ndcg_at_10_max": -0.08376357345515494,
        "nauc_ndcg_at_10_std": -0.017452778189587872,
        "nauc_ndcg_at_1_diff1": 0.38564376924174965,
        "nauc_ndcg_at_1_max": -0.14158948678291924,
        "nauc_ndcg_at_1_std": -0.04672599956819156,
        "nauc_ndcg_at_20_diff1": 0.15751370600120412,
        "nauc_ndcg_at_20_max": -0.05224769346714892,
        "nauc_ndcg_at_20_std": 0.0017388040866098441,
        "nauc_ndcg_at_3_diff1": 0.27420783124692033,
        "nauc_ndcg_at_3_max": -0.10323505279682847,
        "nauc_ndcg_at_3_std": -0.028002766346549326,
        "nauc_ndcg_at_5_diff1": 0.2515210601839793,
        "nauc_ndcg_at_5_max": -0.11470427341623049,
        "nauc_ndcg_at_5_std": -0.026194743288170313,
        "nauc_precision_at_1000_diff1": 0.050583394811373666,
        "nauc_precision_at_1000_max": -0.18376667036878533,
        "nauc_precision_at_1000_std": 0.1298217845164564,
        "nauc_precision_at_100_diff1": 0.027698576038987212,
        "nauc_precision_at_100_max": -0.009117749373629547,
        "nauc_precision_at_100_std": 0.006829941177572595,
        "nauc_precision_at_10_diff1": 0.16070351829818025,
        "nauc_precision_at_10_max": -0.06294639384504118,
        "nauc_precision_at_10_std": -0.008037027217107877,
        "nauc_precision_at_1_diff1": 0.38564376924174965,
        "nauc_precision_at_1_max": -0.14158948678291924,
        "nauc_precision_at_1_std": -0.04672599956819156,
        "nauc_precision_at_20_diff1": 0.08493892106912652,
        "nauc_precision_at_20_max": -0.015163802751554795,
        "nauc_precision_at_20_std": 0.021963421659728005,
        "nauc_precision_at_3_diff1": 0.24266018554188226,
        "nauc_precision_at_3_max": -0.09291021576633826,
        "nauc_precision_at_3_std": -0.02148263688905037,
        "nauc_precision_at_5_diff1": 0.2138139386012981,
        "nauc_precision_at_5_max": -0.11435865792008668,
        "nauc_precision_at_5_std": -0.019942360767101795,
        "nauc_recall_at_1000_diff1": 0.050583394811374374,
        "nauc_recall_at_1000_max": -0.18376667036878835,
        "nauc_recall_at_1000_std": 0.1298217845164567,
        "nauc_recall_at_100_diff1": 0.027698576038987024,
        "nauc_recall_at_100_max": -0.009117749373629837,
        "nauc_recall_at_100_std": 0.006829941177572575,
        "nauc_recall_at_10_diff1": 0.16070351829818008,
        "nauc_recall_at_10_max": -0.06294639384504126,
        "nauc_recall_at_10_std": -0.008037027217108009,
        "nauc_recall_at_1_diff1": 0.38564376924174965,
        "nauc_recall_at_1_max": -0.14158948678291924,
        "nauc_recall_at_1_std": -0.04672599956819156,
        "nauc_recall_at_20_diff1": 0.08493892106912637,
        "nauc_recall_at_20_max": -0.015163802751554916,
        "nauc_recall_at_20_std": 0.021963421659727856,
        "nauc_recall_at_3_diff1": 0.24266018554188226,
        "nauc_recall_at_3_max": -0.09291021576633819,
        "nauc_recall_at_3_std": -0.02148263688905047,
        "nauc_recall_at_5_diff1": 0.21381393860129796,
        "nauc_recall_at_5_max": -0.11435865792008686,