{
  "dataset_revision": "82374b0bbacda6114f39ff9c5b925fa1512ca5d7",
  "evaluation_time": 6706.1236164569855,
  "kg_co2_emissions": null,
  "mteb_version": "1.12.49",
  "scores": {
    "test": [
      {
        "hf_subset": "default",
        "languages": [
          "rus-Cyrl"
        ],
        "main_score": 0.77829,
        "map_at_1": 0.6628,
        "map_at_10": 0.74297,
        "map_at_100": 0.74605,
        "map_at_1000": 0.74616,
        "map_at_20": 0.745,
        "map_at_3": 0.72798,
        "map_at_5": 0.73735,
        "mrr_at_1": 0.6628,
        "mrr_at_10": 0.7429651984126956,
        "mrr_at_100": 0.7460477460722268,
        "mrr_at_1000": 0.7461577611433811,
        "mrr_at_20": 0.7449991904496391,
        "mrr_at_3": 0.7279833333333295,
        "mrr_at_5": 0.7373533333333278,
        "nauc_map_at_1000_diff1": 0.736622372105114,
        "nauc_map_at_1000_max": 0.2785780089829999,
        "nauc_map_at_1000_std": -0.12538403863036626,
        "nauc_map_at_100_diff1": 0.736591113069233,
        "nauc_map_at_100_max": 0.278629822051765,
        "nauc_map_at_100_std": -0.12528993786819634,
        "nauc_map_at_10_diff1": 0.735870437568321,
        "nauc_map_at_10_max": 0.27767073687451005,
        "nauc_map_at_10_std": -0.12669765074968925,
        "nauc_map_at_1_diff1": 0.7685605026496174,
        "nauc_map_at_1_max": 0.2607596681487257,
        "nauc_map_at_1_std": -0.1411672866572636,
        "nauc_map_at_20_diff1": 0.7361901227143981,
        "nauc_map_at_20_max": 0.27832148807921264,
        "nauc_map_at_20_std": -0.1256774912739158,
        "nauc_map_at_3_diff1": 0.7357124992282189,
        "nauc_map_at_3_max": 0.2773130064080976,
        "nauc_map_at_3_std": -0.13280535901836082,
        "nauc_map_at_5_diff1": 0.7359724459749499,
        "nauc_map_at_5_max": 0.27765224706350766,
        "nauc_map_at_5_std": -0.12820598831363197,
        "nauc_mrr_at_1000_diff1": 0.736622372105114,
        "nauc_mrr_at_1000_max": 0.2785780089829999,
        "nauc_mrr_at_1000_std": -0.12538403863036626,
        "nauc_mrr_at_100_diff1": 0.736591113069233,
        "nauc_mrr_at_100_max": 0.278629822051765,
        "nauc_mrr_at_100_std": -0.12528993786819634,
        "nauc_mrr_at_10_diff1": 0.735870437568321,
        "nauc_mrr_at_10_max": 0.27767073687451005,
        "nauc_mrr_at_10_std": -0.12669765074968925,
        "nauc_mrr_at_1_diff1": 0.7685605026496174,
        "nauc_mrr_at_1_max": 0.2607596681487257,
        "nauc_mrr_at_1_std": -0.1411672866572636,
        "nauc_mrr_at_20_diff1": 0.7361901227143981,
        "nauc_mrr_at_20_max": 0.27832148807921264,
        "nauc_mrr_at_20_std": -0.1256774912739158,
        "nauc_mrr_at_3_diff1": 0.7357124992282189,
        "nauc_mrr_at_3_max": 0.2773130064080976,
        "nauc_mrr_at_3_std": -0.13280535901836082,
        "nauc_mrr_at_5_diff1": 0.7359724459749499,
        "nauc_mrr_at_5_max": 0.27765224706350766,
        "nauc_mrr_at_5_std": -0.12820598831363197,
        "nauc_ndcg_at_1000_diff1": 0.7277173684457977,
        "nauc_ndcg_at_1000_max": 0.2898972707524927,
        "nauc_ndcg_at_1000_std": -0.11010798697822632,
        "nauc_ndcg_at_100_diff1": 0.7267230572665282,
        "nauc_ndcg_at_100_max": 0.2915612438336247,
        "nauc_ndcg_at_100_std": -0.1063534267721977,
        "nauc_ndcg_at_10_diff1": 0.722880620753823,
        "nauc_ndcg_at_10_max": 0.28550851315972114,
        "nauc_ndcg_at_10_std": -0.11473460727592111,
        "nauc_ndcg_at_1_diff1": 0.7685605026496174,
        "nauc_ndcg_at_1_max": 0.2607596681487257,
        "nauc_ndcg_at_1_std": -0.1411672866572636,
        "nauc_ndcg_at_20_diff1": 0.723874221154429,
        "nauc_ndcg_at_20_max": 0.2885783635417774,
        "nauc_ndcg_at_20_std": -0.10999364231956645,
        "nauc_ndcg_at_3_diff1": 0.7241076074815131,
        "nauc_ndcg_at_3_max": 0.28389069376109455,
        "nauc_ndcg_at_3_std": -0.12858987660153443,
        "nauc_ndcg_at_5_diff1": 0.7237464488506445,
        "nauc_ndcg_at_5_max": 0.2848893748301354,
        "nauc_ndcg_at_5_std": -0.1193694550404816,
        "nauc_precision_at_1000_diff1": 0.5513122740845418,
        "nauc_precision_at_1000_max": 0.6604196133899108,
        "nauc_precision_at_1000_std": 0.34105721496518665,
        "nauc_precision_at_100_diff1": 0.6132841015193903,
        "nauc_precision_at_100_max": 0.5157860113742464,
        "nauc_precision_at_100_std": 0.22783401239283466,
        "nauc_precision_at_10_diff1": 0.6480069855804411,
        "nauc_precision_at_10_max": 0.3316448142516633,
        "nauc_precision_at_10_std": -0.03906716204052076,
        "nauc_precision_at_1_diff1": 0.7685605026496174,
        "nauc_precision_at_1_max": 0.2607596681487257,
        "nauc_precision_at_1_std": -0.1411672866572636,
        "nauc_precision_at_20_diff1": 0.6326144239747181,
        "nauc_precision_at_20_max": 0.3745387578108166,
        "nauc_precision_at_20_std": 0.02833384956546615,
        "nauc_precision_at_3_diff1": 0.6813643670664915,
        "nauc_precision_at_3_max": 0.3084338969066664,
        "nauc_precision_at_3_std": -0.11251669503261442,
        "nauc_precision_at_5_diff1": 0.669733578584559,
        "nauc_precision_at_5_max": 0.3172746976905631,
        "nauc_precision_at_5_std": -0.07766486585466084,
        "nauc_recall_at_1000_diff1": 0.5513122740845461,
        "nauc_recall_at_1000_max": 0.6604196133899095,
        "nauc_recall_at_1000_std": 0.3410572149651935,
        "nauc_recall_at_100_diff1": 0.613284101519397,
        "nauc_recall_at_100_max": 0.5157860113742444,
        "nauc_recall_at_100_std": 0.22783401239283643,
        "nauc_recall_at_10_diff1": 0.6480069855804396,
        "nauc_recall_at_10_max": 0.33164481425166403,
        "nauc_recall_at_10_std": -0.03906716204051677,
        "nauc_recall_at_1_diff1": 0.7685605026496174,
        "nauc_recall_at_1_max": 0.2607596681487257,
        "nauc_recall_at_1_std": -0.1411672866572636,
        "nauc_recall_at_20_diff1": 0.6326144239747162,
        "nauc_recall_at_20_max": 0.3745387578108153,
        "nauc_recall_at_20_std": 0.02833384956546687,
        "nauc_recall_at_3_diff1": 0.6813643670664928,
        "nauc_recall_at_3_max": 0.3084338969066667,
        "nauc_recall_at_3_std": -0.11251669503261486,
        "nauc_recall_at_5_diff1": 0.6697335785845574,
        "nauc_recall_at_5_max": 0.31727469769056577,
        "nauc_recall_at_5_std": -0.07766486585465927,
        "ndcg_at_1": 0.6628,
        "ndcg_at_10": 0.77829,
        "ndcg_at_100": 0.79304,
        "ndcg_at_1000": 0.79604,
        "ndcg_at_20": 0.78568,
        "ndcg_at_3": 0.74804,
        "ndcg_at_5": 0.7648,
        "precision_at_1": 0.6628,
        "precision_at_10": 0.08876,
        "precision_at_100": 0.00956,
        "precision_at_1000": 0.00098,
        "precision_at_20": 0.04584,
        "precision_at_3": 0.26857,
        "precision_at_5": 0.16922,
        "recall_at_1": 0.6628,
        "recall_at_10": 0.8876,
        "recall_at_100": 0.956,
        "recall_at_1000": 0.9798,
        "recall_at_20": 0.9168,
        "recall_at_3": 0.8057,
        "recall_at_5": 0.8461
      }
    ]
  },
  "task_name": "RiaNewsRetrieval"
}