{
  "dataset_revision": "82374b0bbacda6114f39ff9c5b925fa1512ca5d7",
  "evaluation_time": 8407.387542963028,
  "kg_co2_emissions": null,
  "mteb_version": "1.12.13",
  "scores": {
    "test": [
      {
        "hf_subset": "default",
        "languages": [
          "rus-Cyrl"
        ],
        "main_score": 0.21399,
        "map_at_1": 0.1178,
        "map_at_10": 0.17757,
        "map_at_100": 0.18793,
        "map_at_1000": 0.18894,
        "map_at_20": 0.183,
        "map_at_3": 0.15583,
        "map_at_5": 0.16727,
        "mrr_at_1": 0.1177,
        "mrr_at_10": 0.17755480158730091,
        "mrr_at_100": 0.18791106939389726,
        "mrr_at_1000": 0.18892163083507366,
        "mrr_at_20": 0.1829802027096558,
        "mrr_at_3": 0.15581666666666613,
        "mrr_at_5": 0.16723666666666664,
        "nauc_map_at_1000_diff1": 0.19509072205927874,
        "nauc_map_at_1000_max": -0.05698388226597771,
        "nauc_map_at_1000_std": 0.023384624175560326,
        "nauc_map_at_100_diff1": 0.194780154899173,
        "nauc_map_at_100_max": -0.05721729541640484,
        "nauc_map_at_100_std": 0.02328343888758741,
        "nauc_map_at_10_diff1": 0.197044262525598,
        "nauc_map_at_10_max": -0.0580716235306154,
        "nauc_map_at_10_std": 0.01921319388814793,
        "nauc_map_at_1_diff1": 0.2635921237139731,
        "nauc_map_at_1_max": -0.04162716154048146,
        "nauc_map_at_1_std": 0.005021211552410983,
        "nauc_map_at_20_diff1": 0.1948685164179803,
        "nauc_map_at_20_max": -0.057718507929916785,
        "nauc_map_at_20_std": 0.020807626496100295,
        "nauc_map_at_3_diff1": 0.21121185955152175,
        "nauc_map_at_3_max": -0.0504757994404597,
        "nauc_map_at_3_std": 0.010859187174452788,
        "nauc_map_at_5_diff1": 0.20398953447632293,
        "nauc_map_at_5_max": -0.0551976692631014,
        "nauc_map_at_5_std": 0.01591048171951362,
        "nauc_mrr_at_1000_diff1": 0.19528777401211422,
        "nauc_mrr_at_1000_max": -0.05711474596974316,
        "nauc_mrr_at_1000_std": 0.022975760762962746,
        "nauc_mrr_at_100_diff1": 0.19497666442983838,
        "nauc_mrr_at_100_max": -0.05734785493994615,
        "nauc_mrr_at_100_std": 0.02287562454392325,
        "nauc_mrr_at_10_diff1": 0.1972395152077446,
        "nauc_mrr_at_10_max": -0.058200007365471366,
        "nauc_mrr_at_10_std": 0.01880447552671766,
        "nauc_mrr_at_1_diff1": 0.26426275542737787,
        "nauc_mrr_at_1_max": -0.042244333649801714,
        "nauc_mrr_at_1_std": 0.004129060521046601,
        "nauc_mrr_at_20_diff1": 0.19506402721199192,
        "nauc_mrr_at_20_max": -0.05784829904403075,
        "nauc_mrr_at_20_std": 0.020401214603877352,
        "nauc_mrr_at_3_diff1": 0.21154091565079297,
        "nauc_mrr_at_3_max": -0.05060900598197686,
        "nauc_mrr_at_3_std": 0.010453380722202409,
        "nauc_mrr_at_5_diff1": 0.20422982012391455,
        "nauc_mrr_at_5_max": -0.055277715152079056,
        "nauc_mrr_at_5_std": 0.015538757272245435,
        "nauc_ndcg_at_1000_diff1": 0.1699945852597461,
        "nauc_ndcg_at_1000_max": -0.0573518599749066,
        "nauc_ndcg_at_1000_std": 0.04866436666075962,
        "nauc_ndcg_at_100_diff1": 0.16339375731295147,
        "nauc_ndcg_at_100_max": -0.06244567364325957,
        "nauc_ndcg_at_100_std": 0.04825626914976966,
        "nauc_ndcg_at_10_diff1": 0.1719587958014591,
        "nauc_ndcg_at_10_max": -0.06647936671221506,
        "nauc_ndcg_at_10_std": 0.028143693942017798,
        "nauc_ndcg_at_1_diff1": 0.2635921237139731,
        "nauc_ndcg_at_1_max": -0.04162716154048146,
        "nauc_ndcg_at_1_std": 0.005021211552410983,
        "nauc_ndcg_at_20_diff1": 0.16510251861455622,
        "nauc_ndcg_at_20_max": -0.06538458335398885,
        "nauc_ndcg_at_20_std": 0.033568182940389324,
        "nauc_ndcg_at_3_diff1": 0.1978095446969383,
        "nauc_ndcg_at_3_max": -0.052609849234541935,
        "nauc_ndcg_at_3_std": 0.01294242918513137,
        "nauc_ndcg_at_5_diff1": 0.1862664986981508,
        "nauc_ndcg_at_5_max": -0.06037989586084608,
        "nauc_ndcg_at_5_std": 0.021279818578905957,
        "nauc_precision_at_1000_diff1": 0.06535832318318927,
        "nauc_precision_at_1000_max": -0.015840835181519314,
        "nauc_precision_at_1000_std": 0.2287286731283724,
        "nauc_precision_at_100_diff1": 0.0754474415028977,
        "nauc_precision_at_100_max": -0.07223808922142634,
        "nauc_precision_at_100_std": 0.13588025977814538,
        "nauc_precision_at_10_diff1": 0.1154685014444484,
        "nauc_precision_at_10_max": -0.08617093439596533,
        "nauc_precision_at_10_std": 0.04921725783540188,
        "nauc_precision_at_1_diff1": 0.2635921237139731,
        "nauc_precision_at_1_max": -0.04162716154048146,
        "nauc_precision_at_1_std": 0.005021211552410983,
        "nauc_precision_at_20_diff1": 0.09645618402702169,
        "nauc_precision_at_20_max": -0.08254085552592046,
        "nauc_precision_at_20_std": 0.06544467749343179,
        "nauc_precision_at_3_diff1": 0.16626682993577324,
        "nauc_precision_at_3_max": -0.05759870092079344,
        "nauc_precision_at_3_std": 0.017998165859190028,
        "nauc_precision_at_5_diff1": 0.14590601511538198,
        "nauc_precision_at_5_max": -0.07260212412705366,
        "nauc_precision_at_5_std": 0.0341544510758044,
        "nauc_recall_at_1000_diff1": 0.06535832318318979,
        "nauc_recall_at_1000_max": -0.01584083518151871,
        "nauc_recall_at_1000_std": 0.22872867312837214,
        "nauc_recall_at_100_diff1": 0.07544744150289781,
        "nauc_recall_at_100_max": -0.0722380892214261,
        "nauc_recall_at_100_std": 0.1358802597781447,
        "nauc_recall_at_10_diff1": 0.1154685014444487,
        "nauc_recall_at_10_max": -0.08617093439596515,
        "nauc_recall_at_10_std": 0.049217257835402,
        "nauc_recall_at_1_diff1": 0.2635921237139731,
        "nauc_recall_at_1_max": -0.04162716154048146,
        "nauc_recall_at_1_std": 0.005021211552410983,
        "nauc_recall_at_20_diff1": 0.09645618402702212,
        "nauc_recall_at_20_max": -0.08254085552592012,
        "nauc_recall_at_20_std": 0.06544467749343233,
        "nauc_recall_at_3_diff1": 0.1662668299357731,
        "nauc_recall_at_3_max": -0.057598700920793666,
        "nauc_recall_at_3_std": 0.01799816585918972,
        "nauc_recall_at_5_diff1": 0.14590601511538204,
        "nauc_recall_at_5_max": -0.07260212412705343,
        "nauc_recall_at_5_std": 0.034154451075804435,
        "ndcg_at_1": 0.1178,
        "ndcg_at_10": 0.21399,
        "ndcg_at_100": 0.2711,
        "ndcg_at_1000": 0.30058,
        "ndcg_at_20": 0.23381,
        "ndcg_at_3": 0.16852,
        "ndcg_at_5": 0.18914,
        "precision_at_1": 0.1178,
        "precision_at_10": 0.0332,
        "precision_at_100": 0.00615,
        "precision_at_1000": 0.00085,
        "precision_at_20": 0.02053,
        "precision_at_3": 0.06843,
        "precision_at_5": 0.05108,
        "recall_at_1": 0.1178,
        "recall_at_10": 0.332,
        "recall_at_100": 0.6149,
        "recall_at_1000": 0.8526,
        "recall_at_20": 0.4105,
        "recall_at_3": 0.2053,
        "recall_at_5": 0.2554
      }
    ]
  },
  "task_name": "RiaNewsRetrieval"
}