{
  "dataset_revision": "de9d86b3b84231dc21f76c7b7af1f28e2f57f6e3",
  "evaluation_time": 15.269661903381348,
  "kg_co2_emissions": null,
  "mteb_version": "1.12.25",
  "scores": {
    "test": [
      {
        "cosine_pearson": 0.32801558362670724,
        "cosine_spearman": 0.568169227758792,
        "euclidean_pearson": 0.42118576462370577,
        "euclidean_spearman": 0.568169227758792,
        "manhattan_pearson": 0.423347132585459,
        "manhattan_spearman": 0.5698056491833908,
        "hf_subset": "ru",
        "languages": [
          "rus-Cyrl"
        ],
        "main_score": 0.568169227758792
      }
    ]
  },
  "task_name": "STS22"
}