{
  "dataset_revision": "0d2e86e6d36927f4676ee6127c4e38e3867ce0ce",
  "task_name": "VATEXV2ARetrieval",
  "mteb_version": "2.12.32",
  "scores": {
    "test": [
      {
        "ndcg_at_1": 0.122,
        "ndcg_at_3": 0.17792,
        "ndcg_at_5": 0.19913,
        "ndcg_at_10": 0.23091,
        "ndcg_at_20": 0.25178,
        "ndcg_at_100": 0.32969,
        "ndcg_at_1000": 0.34696,
        "map_at_1": 0.122,
        "map_at_3": 0.16317,
        "map_at_5": 0.17482,
        "map_at_10": 0.18798,
        "map_at_20": 0.19378,
        "map_at_100": 0.20485,
        "map_at_1000": 0.20557,
        "recall_at_1": 0.122,
        "recall_at_3": 0.221,
        "recall_at_5": 0.273,
        "recall_at_10": 0.371,
        "recall_at_20": 0.453,
        "recall_at_100": 0.868,
        "recall_at_1000": 1.0,
        "accuracy": 0.122,
        "precision_at_1": 0.122,
        "precision_at_3": 0.07367,
        "precision_at_5": 0.0546,
        "precision_at_10": 0.0371,
        "precision_at_20": 0.02265,
        "precision_at_100": 0.00868,
        "precision_at_1000": 0.001,
        "mrr_at_1": 0.122,
        "mrr_at_3": 0.163167,
        "mrr_at_5": 0.174817,
        "mrr_at_10": 0.187688,
        "mrr_at_20": 0.193623,
        "mrr_at_100": 0.204683,
        "mrr_at_1000": 0.205409,
        "nauc_ndcg_at_1_max": -0.043754,
        "nauc_ndcg_at_1_std": -0.112091,
        "nauc_ndcg_at_1_diff1": 0.225459,
        "nauc_ndcg_at_3_max": -0.030057,
        "nauc_ndcg_at_3_std": -0.087518,
        "nauc_ndcg_at_3_diff1": 0.207056,
        "nauc_ndcg_at_5_max": -0.026008,
        "nauc_ndcg_at_5_std": -0.080243,
        "nauc_ndcg_at_5_diff1": 0.19861,
        "nauc_ndcg_at_10_max": -0.05207,
        "nauc_ndcg_at_10_std": -0.103982,
        "nauc_ndcg_at_10_diff1": 0.185616,
        "nauc_ndcg_at_20_max": -0.047884,
        "nauc_ndcg_at_20_std": -0.102866,
        "nauc_ndcg_at_20_diff1": 0.186198,
        "nauc_ndcg_at_100_max": -0.045084,
        "nauc_ndcg_at_100_std": -0.068386,
        "nauc_ndcg_at_100_diff1": 0.167971,
        "nauc_ndcg_at_1000_max": -0.04478,
        "nauc_ndcg_at_1000_std": -0.087746,
        "nauc_ndcg_at_1000_diff1": 0.183972,
        "nauc_map_at_1_max": -0.043754,
        "nauc_map_at_1_std": -0.112091,
        "nauc_map_at_1_diff1": 0.225459,
        "nauc_map_at_3_max": -0.033234,
        "nauc_map_at_3_std": -0.091835,
        "nauc_map_at_3_diff1": 0.211138,
        "nauc_map_at_5_max": -0.031104,
        "nauc_map_at_5_std": -0.088184,
        "nauc_map_at_5_diff1": 0.205561,
        "nauc_map_at_10_max": -0.043532,
        "nauc_map_at_10_std": -0.099073,
        "nauc_map_at_10_diff1": 0.198849,
        "nauc_map_at_20_max": -0.042409,
        "nauc_map_at_20_std": -0.098702,
        "nauc_map_at_20_diff1": 0.198991,
        "nauc_map_at_100_max": -0.042678,
        "nauc_map_at_100_std": -0.093533,
        "nauc_map_at_100_diff1": 0.195227,
        "nauc_map_at_1000_max": -0.042535,
        "nauc_map_at_1000_std": -0.094286,
        "nauc_map_at_1000_diff1": 0.195966,
        "nauc_recall_at_1_max": -0.043754,
        "nauc_recall_at_1_std": -0.112091,
        "nauc_recall_at_1_diff1": 0.225459,
        "nauc_recall_at_3_max": -0.022514,
        "nauc_recall_at_3_std": -0.07766,
        "nauc_recall_at_3_diff1": 0.197415,
        "nauc_recall_at_5_max": -0.01396,
        "nauc_recall_at_5_std": -0.061534,
        "nauc_recall_at_5_diff1": 0.182789,
        "nauc_recall_at_10_max": -0.075137,
        "nauc_recall_at_10_std": -0.119239,
        "nauc_recall_at_10_diff1": 0.155237,
        "nauc_recall_at_20_max": -0.061655,
        "nauc_recall_at_20_std": -0.115977,
        "nauc_recall_at_20_diff1": 0.156964,
        "nauc_recall_at_100_max": -0.038702,
        "nauc_recall_at_100_std": 0.190544,
        "nauc_recall_at_100_diff1": -0.034377,
        "nauc_recall_at_1000_max": NaN,
        "nauc_recall_at_1000_std": NaN,
        "nauc_recall_at_1000_diff1": NaN,
        "nauc_precision_at_1_max": -0.043754,
        "nauc_precision_at_1_std": -0.112091,
        "nauc_precision_at_1_diff1": 0.225459,
        "nauc_precision_at_3_max": -0.022514,
        "nauc_precision_at_3_std": -0.07766,
        "nauc_precision_at_3_diff1": 0.197415,
        "nauc_precision_at_5_max": -0.01396,
        "nauc_precision_at_5_std": -0.061534,
        "nauc_precision_at_5_diff1": 0.182789,
        "nauc_precision_at_10_max": -0.075137,
        "nauc_precision_at_10_std": -0.119239,
        "nauc_precision_at_10_diff1": 0.155237,
        "nauc_precision_at_20_max": -0.061655,
        "nauc_precision_at_20_std": -0.115977,
        "nauc_precision_at_20_diff1": 0.156964,
        "nauc_precision_at_100_max": -0.038702,
        "nauc_precision_at_100_std": 0.190544,
        "nauc_precision_at_100_diff1": -0.034377,
        "nauc_precision_at_1000_max": NaN,
        "nauc_precision_at_1000_std": NaN,
        "nauc_precision_at_1000_diff1": NaN,
        "nauc_mrr_at_1_max": -0.043754,
        "nauc_mrr_at_1_std": -0.112091,
        "nauc_mrr_at_1_diff1": 0.225459,
        "nauc_mrr_at_3_max": -0.033234,
        "nauc_mrr_at_3_std": -0.091835,
        "nauc_mrr_at_3_diff1": 0.211138,
        "nauc_mrr_at_5_max": -0.031104,
        "nauc_mrr_at_5_std": -0.088184,
        "nauc_mrr_at_5_diff1": 0.205561,
        "nauc_mrr_at_10_max": -0.043249,
        "nauc_mrr_at_10_std": -0.09856,
        "nauc_mrr_at_10_diff1": 0.199469,
        "nauc_mrr_at_20_max": -0.042279,
        "nauc_mrr_at_20_std": -0.098039,
        "nauc_mrr_at_20_diff1": 0.198995,
        "nauc_mrr_at_100_max": -0.042565,
        "nauc_mrr_at_100_std": -0.093136,
        "nauc_mrr_at_100_diff1": 0.19553,
        "nauc_mrr_at_1000_max": -0.042421,
        "nauc_mrr_at_1000_std": -0.093888,
        "nauc_mrr_at_1000_diff1": 0.196269,
        "hit_rate_at_1": 0.122,
        "hit_rate_at_3": 0.221,
        "hit_rate_at_5": 0.273,
        "hit_rate_at_10": 0.371,
        "hit_rate_at_20": 0.453,
        "hit_rate_at_100": 0.868,
        "hit_rate_at_1000": 1.0,
        "main_score": 0.23091,
        "hf_subset": "default",
        "languages": [
          "eng-Latn"
        ],
        "mteb_version": "2.12.32"
      }
    ]
  },
  "evaluation_time": 445.80314660072327,
  "kg_co2_emissions": null,
  "date": null
}