{
  "dataset_revision": "0d2e86e6d36927f4676ee6127c4e38e3867ce0ce",
  "task_name": "VATEXV2ARetrieval",
  "mteb_version": "2.12.32",
  "scores": {
    "test": [
      {
        "ndcg_at_1": 0.21,
        "ndcg_at_3": 0.28295,
        "ndcg_at_5": 0.30508,
        "ndcg_at_10": 0.33263,
        "ndcg_at_20": 0.356,
        "ndcg_at_100": 0.42281,
        "ndcg_at_1000": 0.43395,
        "map_at_1": 0.21,
        "map_at_3": 0.26467,
        "map_at_5": 0.27712,
        "map_at_10": 0.28871,
        "map_at_20": 0.2948,
        "map_at_100": 0.30504,
        "map_at_1000": 0.30549,
        "recall_at_1": 0.21,
        "recall_at_3": 0.336,
        "recall_at_5": 0.389,
        "recall_at_10": 0.473,
        "recall_at_20": 0.568,
        "recall_at_100": 0.914,
        "recall_at_1000": 1.0,
        "accuracy": 0.21,
        "precision_at_1": 0.21,
        "precision_at_3": 0.112,
        "precision_at_5": 0.0778,
        "precision_at_10": 0.0473,
        "precision_at_20": 0.0284,
        "precision_at_100": 0.00914,
        "precision_at_1000": 0.001,
        "mrr_at_1": 0.21,
        "mrr_at_3": 0.264667,
        "mrr_at_5": 0.276867,
        "mrr_at_10": 0.288697,
        "mrr_at_20": 0.29475,
        "mrr_at_100": 0.304942,
        "mrr_at_1000": 0.30539,
        "nauc_ndcg_at_1_max": 0.106778,
        "nauc_ndcg_at_1_std": -0.074346,
        "nauc_ndcg_at_1_diff1": 0.411834,
        "nauc_ndcg_at_3_max": 0.116152,
        "nauc_ndcg_at_3_std": -0.072532,
        "nauc_ndcg_at_3_diff1": 0.408008,
        "nauc_ndcg_at_5_max": 0.1022,
        "nauc_ndcg_at_5_std": -0.081035,
        "nauc_ndcg_at_5_diff1": 0.396412,
        "nauc_ndcg_at_10_max": 0.087574,
        "nauc_ndcg_at_10_std": -0.078764,
        "nauc_ndcg_at_10_diff1": 0.393518,
        "nauc_ndcg_at_20_max": 0.090128,
        "nauc_ndcg_at_20_std": -0.077933,
        "nauc_ndcg_at_20_diff1": 0.38838,
        "nauc_ndcg_at_100_max": 0.101133,
        "nauc_ndcg_at_100_std": -0.061903,
        "nauc_ndcg_at_100_diff1": 0.380835,
        "nauc_ndcg_at_1000_max": 0.098645,
        "nauc_ndcg_at_1000_std": -0.070415,
        "nauc_ndcg_at_1000_diff1": 0.389987,
        "nauc_map_at_1_max": 0.106778,
        "nauc_map_at_1_std": -0.074346,
        "nauc_map_at_1_diff1": 0.411834,
        "nauc_map_at_3_max": 0.112877,
        "nauc_map_at_3_std": -0.072834,
        "nauc_map_at_3_diff1": 0.407268,
        "nauc_map_at_5_max": 0.104982,
        "nauc_map_at_5_std": -0.077724,
        "nauc_map_at_5_diff1": 0.400656,
        "nauc_map_at_10_max": 0.098512,
        "nauc_map_at_10_std": -0.076901,
        "nauc_map_at_10_diff1": 0.399158,
        "nauc_map_at_20_max": 0.099584,
        "nauc_map_at_20_std": -0.07639,
        "nauc_map_at_20_diff1": 0.398081,
        "nauc_map_at_100_max": 0.100985,
        "nauc_map_at_100_std": -0.074062,
        "nauc_map_at_100_diff1": 0.396101,
        "nauc_map_at_1000_max": 0.100917,
        "nauc_map_at_1000_std": -0.074247,
        "nauc_map_at_1000_diff1": 0.396567,
        "nauc_recall_at_1_max": 0.106778,
        "nauc_recall_at_1_std": -0.074346,
        "nauc_recall_at_1_diff1": 0.411834,
        "nauc_recall_at_3_max": 0.125227,
        "nauc_recall_at_3_std": -0.071776,
        "nauc_recall_at_3_diff1": 0.410556,
        "nauc_recall_at_5_max": 0.093555,
        "nauc_recall_at_5_std": -0.090704,
        "nauc_recall_at_5_diff1": 0.384498,
        "nauc_recall_at_10_max": 0.052488,
        "nauc_recall_at_10_std": -0.083646,
        "nauc_recall_at_10_diff1": 0.377271,
        "nauc_recall_at_20_max": 0.057344,
        "nauc_recall_at_20_std": -0.082756,
        "nauc_recall_at_20_diff1": 0.35324,
        "nauc_recall_at_100_max": 0.161461,
        "nauc_recall_at_100_std": 0.162519,
        "nauc_recall_at_100_diff1": 0.185363,
        "nauc_recall_at_1000_max": NaN,
        "nauc_recall_at_1000_std": NaN,
        "nauc_recall_at_1000_diff1": NaN,
        "nauc_precision_at_1_max": 0.106778,
        "nauc_precision_at_1_std": -0.074346,
        "nauc_precision_at_1_diff1": 0.411834,
        "nauc_precision_at_3_max": 0.125227,
        "nauc_precision_at_3_std": -0.071776,
        "nauc_precision_at_3_diff1": 0.410556,
        "nauc_precision_at_5_max": 0.093555,
        "nauc_precision_at_5_std": -0.090704,
        "nauc_precision_at_5_diff1": 0.384498,
        "nauc_precision_at_10_max": 0.052488,
        "nauc_precision_at_10_std": -0.083646,
        "nauc_precision_at_10_diff1": 0.377271,
        "nauc_precision_at_20_max": 0.057344,
        "nauc_precision_at_20_std": -0.082756,
        "nauc_precision_at_20_diff1": 0.35324,
        "nauc_precision_at_100_max": 0.161461,
        "nauc_precision_at_100_std": 0.162519,
        "nauc_precision_at_100_diff1": 0.185363,
        "nauc_precision_at_1000_max": NaN,
        "nauc_precision_at_1000_std": NaN,
        "nauc_precision_at_1000_diff1": NaN,
        "nauc_mrr_at_1_max": 0.106778,
        "nauc_mrr_at_1_std": -0.074346,
        "nauc_mrr_at_1_diff1": 0.411834,
        "nauc_mrr_at_3_max": 0.112877,
        "nauc_mrr_at_3_std": -0.072834,
        "nauc_mrr_at_3_diff1": 0.407268,
        "nauc_mrr_at_5_max": 0.105091,
        "nauc_mrr_at_5_std": -0.077305,
        "nauc_mrr_at_5_diff1": 0.401483,
        "nauc_mrr_at_10_max": 0.098738,
        "nauc_mrr_at_10_std": -0.076868,
        "nauc_mrr_at_10_diff1": 0.39922,
        "nauc_mrr_at_20_max": 0.099439,
        "nauc_mrr_at_20_std": -0.076278,
        "nauc_mrr_at_20_diff1": 0.39857,
        "nauc_mrr_at_100_max": 0.100928,
        "nauc_mrr_at_100_std": -0.073849,
        "nauc_mrr_at_100_diff1": 0.396611,
        "nauc_mrr_at_1000_max": 0.100861,
        "nauc_mrr_at_1000_std": -0.074034,
        "nauc_mrr_at_1000_diff1": 0.397078,
        "hit_rate_at_1": 0.21,
        "hit_rate_at_3": 0.336,
        "hit_rate_at_5": 0.389,
        "hit_rate_at_10": 0.473,
        "hit_rate_at_20": 0.568,
        "hit_rate_at_100": 0.914,
        "hit_rate_at_1000": 1.0,
        "main_score": 0.33263,
        "hf_subset": "default",
        "languages": [
          "eng-Latn"
        ],
        "mteb_version": "2.12.32"
      }
    ]
  },
  "evaluation_time": 660.7461783885956,
  "kg_co2_emissions": null,
  "date": null
}