{
  "dataset_revision": "10c7ce0eb32d620f1f685bfedde2724066068a1c",
  "task_name": "WorldSense1MinVideoAudioCentricQA",
  "mteb_version": "2.12.32",
  "scores": {
    "test": [
      {
        "ndcg_at_1": 0.2531,
        "ndcg_at_3": 0.55441,
        "ndcg_at_5": 0.64779,
        "ndcg_at_10": 0.64779,
        "ndcg_at_20": 0.64779,
        "ndcg_at_100": 0.64779,
        "ndcg_at_1000": 0.64779,
        "map_at_1": 0.2531,
        "map_at_3": 0.47596,
        "map_at_5": 0.53017,
        "map_at_10": 0.53017,
        "map_at_20": 0.53017,
        "map_at_100": 0.53017,
        "map_at_1000": 0.53017,
        "recall_at_1": 0.2531,
        "recall_at_3": 0.78319,
        "recall_at_5": 1.0,
        "recall_at_10": 1.0,
        "recall_at_20": 1.0,
        "recall_at_100": 1.0,
        "recall_at_1000": 1.0,
        "accuracy": 0.2531,
        "precision_at_1": 0.2531,
        "precision_at_3": 0.26106,
        "precision_at_5": 0.2,
        "precision_at_10": 0.1,
        "precision_at_20": 0.05,
        "precision_at_100": 0.01,
        "precision_at_1000": 0.001,
        "mrr_at_1": 0.253104,
        "mrr_at_3": 0.475963,
        "mrr_at_5": 0.530166,
        "mrr_at_10": 0.530166,
        "mrr_at_20": 0.530166,
        "mrr_at_100": 0.530166,
        "mrr_at_1000": 0.530166,
        "nauc_ndcg_at_1_max": 0.022287,
        "nauc_ndcg_at_1_std": -0.031281,
        "nauc_ndcg_at_1_diff1": -0.09367,
        "nauc_ndcg_at_3_max": 0.030266,
        "nauc_ndcg_at_3_std": 0.02633,
        "nauc_ndcg_at_3_diff1": -0.044748,
        "nauc_ndcg_at_5_max": 0.026474,
        "nauc_ndcg_at_5_std": -0.001918,
        "nauc_ndcg_at_5_diff1": -0.07511,
        "nauc_ndcg_at_10_max": 0.026474,
        "nauc_ndcg_at_10_std": -0.001918,
        "nauc_ndcg_at_10_diff1": -0.07511,
        "nauc_ndcg_at_20_max": 0.026474,
        "nauc_ndcg_at_20_std": -0.001918,
        "nauc_ndcg_at_20_diff1": -0.07511,
        "nauc_ndcg_at_100_max": 0.026474,
        "nauc_ndcg_at_100_std": -0.001918,
        "nauc_ndcg_at_100_diff1": -0.07511,
        "nauc_ndcg_at_1000_max": 0.026474,
        "nauc_ndcg_at_1000_std": -0.001918,
        "nauc_ndcg_at_1000_diff1": -0.07511,
        "nauc_map_at_1_max": 0.022287,
        "nauc_map_at_1_std": -0.031281,
        "nauc_map_at_1_diff1": -0.09367,
        "nauc_map_at_3_max": 0.028331,
        "nauc_map_at_3_std": 0.011975,
        "nauc_map_at_3_diff1": -0.059734,
        "nauc_map_at_5_max": 0.026252,
        "nauc_map_at_5_std": -0.003496,
        "nauc_map_at_5_diff1": -0.076268,
        "nauc_map_at_10_max": 0.026252,
        "nauc_map_at_10_std": -0.003496,
        "nauc_map_at_10_diff1": -0.076268,
        "nauc_map_at_20_max": 0.026252,
        "nauc_map_at_20_std": -0.003496,
        "nauc_map_at_20_diff1": -0.076268,
        "nauc_map_at_100_max": 0.026252,
        "nauc_map_at_100_std": -0.003496,
        "nauc_map_at_100_diff1": -0.076268,
        "nauc_map_at_1000_max": 0.026252,
        "nauc_map_at_1000_std": -0.003496,
        "nauc_map_at_1000_diff1": -0.076268,
        "nauc_recall_at_1_max": 0.022287,
        "nauc_recall_at_1_std": -0.031281,
        "nauc_recall_at_1_diff1": -0.09367,
        "nauc_recall_at_3_max": 0.038053,
        "nauc_recall_at_3_std": 0.084343,
        "nauc_recall_at_3_diff1": 0.017605,
        "nauc_recall_at_5_max": NaN,
        "nauc_recall_at_5_std": NaN,
        "nauc_recall_at_5_diff1": NaN,
        "nauc_recall_at_10_max": NaN,
        "nauc_recall_at_10_std": NaN,
        "nauc_recall_at_10_diff1": NaN,
        "nauc_recall_at_20_max": NaN,
        "nauc_recall_at_20_std": NaN,
        "nauc_recall_at_20_diff1": NaN,
        "nauc_recall_at_100_max": NaN,
        "nauc_recall_at_100_std": NaN,
        "nauc_recall_at_100_diff1": NaN,
        "nauc_recall_at_1000_max": NaN,
        "nauc_recall_at_1000_std": NaN,
        "nauc_recall_at_1000_diff1": NaN,
        "nauc_precision_at_1_max": 0.022287,
        "nauc_precision_at_1_std": -0.031281,
        "nauc_precision_at_1_diff1": -0.09367,
        "nauc_precision_at_3_max": 0.038053,
        "nauc_precision_at_3_std": 0.084343,
        "nauc_precision_at_3_diff1": 0.017605,
        "nauc_precision_at_5_max": NaN,
        "nauc_precision_at_5_std": NaN,
        "nauc_precision_at_5_diff1": NaN,
        "nauc_precision_at_10_max": NaN,
        "nauc_precision_at_10_std": NaN,
        "nauc_precision_at_10_diff1": NaN,
        "nauc_precision_at_20_max": NaN,
        "nauc_precision_at_20_std": NaN,
        "nauc_precision_at_20_diff1": NaN,
        "nauc_precision_at_100_max": NaN,
        "nauc_precision_at_100_std": NaN,
        "nauc_precision_at_100_diff1": NaN,
        "nauc_precision_at_1000_max": NaN,
        "nauc_precision_at_1000_std": NaN,
        "nauc_precision_at_1000_diff1": NaN,
        "nauc_mrr_at_1_max": 0.022287,
        "nauc_mrr_at_1_std": -0.031281,
        "nauc_mrr_at_1_diff1": -0.09367,
        "nauc_mrr_at_3_max": 0.028331,
        "nauc_mrr_at_3_std": 0.011975,
        "nauc_mrr_at_3_diff1": -0.059734,
        "nauc_mrr_at_5_max": 0.026252,
        "nauc_mrr_at_5_std": -0.003496,
        "nauc_mrr_at_5_diff1": -0.076268,
        "nauc_mrr_at_10_max": 0.026252,
        "nauc_mrr_at_10_std": -0.003496,
        "nauc_mrr_at_10_diff1": -0.076268,
        "nauc_mrr_at_20_max": 0.026252,
        "nauc_mrr_at_20_std": -0.003496,
        "nauc_mrr_at_20_diff1": -0.076268,
        "nauc_mrr_at_100_max": 0.026252,
        "nauc_mrr_at_100_std": -0.003496,
        "nauc_mrr_at_100_diff1": -0.076268,
        "nauc_mrr_at_1000_max": 0.026252,
        "nauc_mrr_at_1000_std": -0.003496,
        "nauc_mrr_at_1000_diff1": -0.076268,
        "hit_rate_at_1": 0.2531,
        "hit_rate_at_3": 0.78319,
        "hit_rate_at_5": 1.0,
        "hit_rate_at_10": 1.0,
        "hit_rate_at_20": 1.0,
        "hit_rate_at_100": 1.0,
        "hit_rate_at_1000": 1.0,
        "main_score": 0.2531,
        "hf_subset": "default",
        "languages": [
          "eng-Latn"
        ],
        "mteb_version": "2.12.32"
      }
    ]
  },
  "evaluation_time": 542.3540403842926,
  "kg_co2_emissions": null,
  "date": null
}