{
  "dataset_revision": "7640cf8132cca1f99995ac71512a670e3c965cf1",
  "mteb_dataset_name": "MarathiNewsClassification",
  "mteb_version": "1.7.5",
  "test": {
    "accuracy": 0.695654296875,
    "accuracy_stderr": 0.04901820911020044,
    "evaluation_time": 27.57,
    "f1": 0.6433506902803117,
    "f1_stderr": 0.04811772224336286,
    "main_score": 0.695654296875
  }
}