{
    "dataset_revision": "3cb0752b182e5d5d740df547748b06663c8e0bd9",
    "mteb_dataset_name": "SadeemQuestionRetrieval",
    "mteb_version": "1.8.3",
    "test": {
      "evaluation_time": 67.58,
      "map_at_1": 0.32408,
      "map_at_10": 0.58825,
      "map_at_100": 0.58921,
      "map_at_1000": 0.58925,
      "map_at_20": 0.58904,
      "map_at_3": 0.5809,
      "map_at_5": 0.58657,
      "mrr_at_1": 0.30302,
      "mrr_at_10": 0.57539,
      "mrr_at_100": 0.57635,
      "mrr_at_1000": 0.57638,
      "mrr_at_20": 0.57618,
      "mrr_at_3": 0.56909,
      "mrr_at_5": 0.57364,
      "ndcg_at_1": 0.32408,
      "ndcg_at_10": 0.68539,
      "ndcg_at_100": 0.68952,
      "ndcg_at_1000": 0.69052,
      "ndcg_at_20": 0.68821,
      "ndcg_at_3": 0.67141,
      "ndcg_at_5": 0.68144,
      "precision_at_1": 0.32408,
      "precision_at_10": 0.09713,
      "precision_at_100": 0.00989,
      "precision_at_1000": 0.001,
      "precision_at_20": 0.04911,
      "precision_at_3": 0.31179,
      "precision_at_5": 0.19186,
      "recall_at_1": 0.32408,
      "recall_at_10": 0.97128,
      "recall_at_100": 0.98947,
      "recall_at_1000": 0.99761,
      "recall_at_20": 0.98229,
      "recall_at_3": 0.93538,
      "recall_at_5": 0.95931
    }
  }