{
  "dataset_revision": "bb34dd6690cf17aa731d75d45388c5801b8c4e4b",
  "mteb_dataset_name": "TamilNewsClassification",
  "mteb_version": "1.7.5",
  "test": {
    "accuracy": 0.36669921875,
    "accuracy_stderr": 0.02951659146569823,
    "evaluation_time": 30.84,
    "f1": 0.371458957905607,
    "f1_stderr": 0.026955143258914037,
    "main_score": 0.36669921875
  }
}