{
  "dataset_revision": "fe2b0e055eaac82d8f6801ebc8e85d8832248133",
  "evaluation_time": 36.80075192451477,
  "kg_co2_emissions": null,
  "mteb_version": "1.14.15",
  "scores": {
    "test": [
      {
        "cv_recall_at_1": 0.14,
        "cv_recall_at_10": 0.326,
        "cv_recall_at_100": 0.7,
        "cv_recall_at_1000": 1.0,
        "cv_recall_at_20": 0.418,
        "cv_recall_at_3": 0.216,
        "cv_recall_at_5": 0.26,
        "hf_subset": "default",
        "languages": [
          "eng-Latn"
        ],
        "main_score": 0.20018,
        "map_at_1": 0.14,
        "map_at_10": 0.18964,
        "map_at_100": 0.20214,
        "map_at_1000": 0.20383,
        "map_at_20": 0.1961,
        "map_at_3": 0.17067,
        "map_at_5": 0.18057,
        "mrr_at_1": 0.14,
        "mrr_at_10": 0.18963650793650794,
        "mrr_at_100": 0.20214010057097828,
        "mrr_at_1000": 0.20383485850905744,
        "mrr_at_20": 0.19610020934517847,
        "mrr_at_3": 0.17066666666666666,
        "mrr_at_5": 0.18056666666666668,
        "nauc_cv_recall_at_1000_diff1": NaN,
        "nauc_cv_recall_at_1000_max": NaN,
        "nauc_cv_recall_at_1000_std": NaN,
        "nauc_cv_recall_at_100_diff1": 0.1943109349666728,
        "nauc_cv_recall_at_100_max": 0.30141596108809204,
        "nauc_cv_recall_at_100_std": 0.18449648711943784,
        "nauc_cv_recall_at_10_diff1": 0.3404131572137101,
        "nauc_cv_recall_at_10_max": 0.41392291253691765,
        "nauc_cv_recall_at_10_std": 0.14801998820770446,
        "nauc_cv_recall_at_1_diff1": 0.6383384954813527,
        "nauc_cv_recall_at_1_max": 0.5636386779243923,
        "nauc_cv_recall_at_1_std": 0.14467733039161593,
        "nauc_cv_recall_at_20_diff1": 0.2755412102074175,
        "nauc_cv_recall_at_20_max": 0.3530009092486914,
        "nauc_cv_recall_at_20_std": 0.10041369520222374,
        "nauc_cv_recall_at_3_diff1": 0.4578307594032993,
        "nauc_cv_recall_at_3_max": 0.45122371272185274,
        "nauc_cv_recall_at_3_std": 0.14290948032916234,
        "nauc_cv_recall_at_5_diff1": 0.38610621259865296,
        "nauc_cv_recall_at_5_max": 0.4313116128472723,
        "nauc_cv_recall_at_5_std": 0.12227458009308771,
        "nauc_map_at_1000_diff1": 0.5108013348607887,
        "nauc_map_at_1000_max": 0.49556810553994785,
        "nauc_map_at_1000_std": 0.14340316545286083,
        "nauc_map_at_100_diff1": 0.5089368235572634,
        "nauc_map_at_100_max": 0.49476477633650834,
        "nauc_map_at_100_std": 0.14332987871773434,
        "nauc_map_at_10_diff1": 0.5152119169569348,
        "nauc_map_at_10_max": 0.5016430069177228,
        "nauc_map_at_10_std": 0.14462347870066639,
        "nauc_map_at_1_diff1": 0.6383384954813527,
        "nauc_map_at_1_max": 0.5636386779243923,
        "nauc_map_at_1_std": 0.14467733039161593,
        "nauc_map_at_20_diff1": 0.5082693046372923,
        "nauc_map_at_20_max": 0.494718342086452,
        "nauc_map_at_20_std": 0.14051107087925876,
        "nauc_map_at_3_diff1": 0.5483175236158682,
        "nauc_map_at_3_max": 0.5119270005626352,
        "nauc_map_at_3_std": 0.14619814132999046,
        "nauc_map_at_5_diff1": 0.5256920920484943,
        "nauc_map_at_5_max": 0.5050437535335612,
        "nauc_map_at_5_std": 0.14038793888357393,
        "nauc_mrr_at_1000_diff1": 0.5108013348607887,
        "nauc_mrr_at_1000_max": 0.49556810553994785,
        "nauc_mrr_at_1000_std": 0.14340316545286083,
        "nauc_mrr_at_100_diff1": 0.5089368235572634,
        "nauc_mrr_at_100_max": 0.49476477633650834,
        "nauc_mrr_at_100_std": 0.14332987871773434,
        "nauc_mrr_at_10_diff1": 0.5152119169569348,
        "nauc_mrr_at_10_max": 0.5016430069177228,
        "nauc_mrr_at_10_std": 0.14462347870066639,
        "nauc_mrr_at_1_diff1": 0.6383384954813527,
        "nauc_mrr_at_1_max": 0.5636386779243923,
        "nauc_mrr_at_1_std": 0.14467733039161593,
        "nauc_mrr_at_20_diff1": 0.5082693046372923,
        "nauc_mrr_at_20_max": 0.494718342086452,
        "nauc_mrr_at_20_std": 0.14051107087925876,
        "nauc_mrr_at_3_diff1": 0.5483175236158682,
        "nauc_mrr_at_3_max": 0.5119270005626352,
        "nauc_mrr_at_3_std": 0.14619814132999046,
        "nauc_mrr_at_5_diff1": 0.5256920920484943,
        "nauc_mrr_at_5_max": 0.5050437535335612,
        "nauc_mrr_at_5_std": 0.14038793888357393,
        "nauc_ndcg_at_1000_diff1": 0.47546503263846057,
        "nauc_ndcg_at_1000_max": 0.4730852930430677,
        "nauc_ndcg_at_1000_std": 0.14451699521991915,
        "nauc_ndcg_at_100_diff1": 0.43918780468181184,
        "nauc_ndcg_at_100_max": 0.4525861264216166,
        "nauc_ndcg_at_100_std": 0.14813430958483342,
        "nauc_ndcg_at_10_diff1": 0.46325211944837963,
        "nauc_ndcg_at_10_max": 0.4755238714506355,
        "nauc_ndcg_at_10_std": 0.1451640297423185,
        "nauc_ndcg_at_1_diff1": 0.6383384954813527,
        "nauc_ndcg_at_1_max": 0.5636386779243923,
        "nauc_ndcg_at_1_std": 0.14467733039161593,
        "nauc_ndcg_at_20_diff1": 0.4411334690790833,
        "nauc_ndcg_at_20_max": 0.4545908778015437,
        "nauc_ndcg_at_20_std": 0.13045890758542045,
        "nauc_ndcg_at_3_diff1": 0.5221939167041364,
        "nauc_ndcg_at_3_max": 0.49457354247115864,
        "nauc_ndcg_at_3_std": 0.14534347661530161,
        "nauc_ndcg_at_5_diff1": 0.48489323636673515,
        "nauc_ndcg_at_5_max": 0.4834143750862925,
        "nauc_ndcg_at_5_std": 0.1353775207751414,
        "nauc_precision_at_1000_diff1": 1.0,
        "nauc_precision_at_1000_max": 1.0,
        "nauc_precision_at_1000_std": 1.0,
        "nauc_precision_at_100_diff1": 0.19431093496667312,
        "nauc_precision_at_100_max": 0.3014159610880925,
        "nauc_precision_at_100_std": 0.18449648711943817,
        "nauc_precision_at_10_diff1": 0.3404131572137099,
        "nauc_precision_at_10_max": 0.4139229125369173,
        "nauc_precision_at_10_std": 0.14801998820770462,
        "nauc_precision_at_1_diff1": 0.6383384954813527,
        "nauc_precision_at_1_max": 0.5636386779243923,
        "nauc_precision_at_1_std": 0.14467733039161593,
        "nauc_precision_at_20_diff1": 0.2755412102074174,
        "nauc_precision_at_20_max": 0.3530009092486912,
        "nauc_precision_at_20_std": 0.10041369520222365,
        "nauc_precision_at_3_diff1": 0.4578307594032993,
        "nauc_precision_at_3_max": 0.45122371272185285,
        "nauc_precision_at_3_std": 0.1429094803291628,
        "nauc_precision_at_5_diff1": 0.38610621259865285,
        "nauc_precision_at_5_max": 0.4313116128472727,
        "nauc_precision_at_5_std": 0.12227458009308804,
        "nauc_recall_at_1000_diff1": NaN,
        "nauc_recall_at_1000_max": NaN,
        "nauc_recall_at_1000_std": NaN,
        "nauc_recall_at_100_diff1": 0.1943109349666728,
        "nauc_recall_at_100_max": 0.30141596108809204,
        "nauc_recall_at_100_std": 0.18449648711943784,
        "nauc_recall_at_10_diff1": 0.3404131572137101,
        "nauc_recall_at_10_max": 0.41392291253691765,
        "nauc_recall_at_10_std": 0.14801998820770446,
        "nauc_recall_at_1_diff1": 0.6383384954813527,
        "nauc_recall_at_1_max": 0.5636386779243923,
        "nauc_recall_at_1_std": 0.14467733039161593,
        "nauc_recall_at_20_diff1": 0.2755412102074175,
        "nauc_recall_at_20_max": 0.3530009092486914,
        "nauc_recall_at_20_std": 0.10041369520222374,
        "nauc_recall_at_3_diff1": 0.4578307594032993,
        "nauc_recall_at_3_max": 0.45122371272185274,
        "nauc_recall_at_3_std": 0.14290948032916234,
        "nauc_recall_at_5_diff1": 0.38610621259865296,
        "nauc_recall_at_5_max": 0.4313116128472723,
        "nauc_recall_at_5_std": 0.12227458009308771,
        "ndcg_at_1": 0.14,
        "ndcg_at_10": 0.22178,
        "ndcg_at_100": 0.29502,
        "ndcg_at_1000": 0.33472,
        "ndcg_at_20": 0.24514,
        "ndcg_at_3": 0.18219,
        "ndcg_at_5": 0.20018,
        "precision_at_1": 0.14,
        "precision_at_10": 0.0326,
        "precision_at_100": 0.007,