{
  "dataset_revision": "0821bc71310cfa51d5c8131d4d8b9c4d537bd8c8",
  "evaluation_time": 73.33681082725525,
  "kg_co2_emissions": null,
  "mteb_version": "1.14.15",
  "scores": {
    "test": [
      {
        "cv_recall_at_1": 0.28,
        "cv_recall_at_10": 0.67,
        "cv_recall_at_100": 0.92,
        "cv_recall_at_1000": 1.0,
        "cv_recall_at_20": 0.71,
        "cv_recall_at_3": 0.5,
        "cv_recall_at_5": 0.58,
        "hf_subset": "default",
        "languages": [
          "eng-Latn"
        ],
        "main_score": 0.44845,
        "map_at_1": 0.28,
        "map_at_10": 0.41726,
        "map_at_100": 0.425,
        "map_at_1000": 0.42549,
        "map_at_20": 0.42028,
        "map_at_3": 0.38667,
        "map_at_5": 0.40417,
        "mrr_at_1": 0.28,
        "mrr_at_10": 0.41671428571428576,
        "mrr_at_100": 0.4244418064279869,
        "mrr_at_1000": 0.42492739397981305,
        "mrr_at_20": 0.4196951284010108,
        "mrr_at_3": 0.38500000000000006,
        "mrr_at_5": 0.4035,
        "nauc_cv_recall_at_1000_diff1": NaN,
        "nauc_cv_recall_at_1000_max": NaN,
        "nauc_cv_recall_at_1000_std": NaN,
        "nauc_cv_recall_at_100_diff1": -0.05718954248365932,
        "nauc_cv_recall_at_100_max": 0.5615662931839402,
        "nauc_cv_recall_at_100_std": 0.7516923436041081,
        "nauc_cv_recall_at_10_diff1": -0.19090585905097338,
        "nauc_cv_recall_at_10_max": 0.6584110646510131,
        "nauc_cv_recall_at_10_std": 0.5330026578185566,
        "nauc_cv_recall_at_1_diff1": 0.16598692664394651,
        "nauc_cv_recall_at_1_max": 0.4452623051567126,
        "nauc_cv_recall_at_1_std": 0.3140538577574166,
        "nauc_cv_recall_at_20_diff1": -0.16275966866186092,
        "nauc_cv_recall_at_20_max": 0.646906213516669,
        "nauc_cv_recall_at_20_std": 0.5563256305246183,
        "nauc_cv_recall_at_3_diff1": -0.096122584943371,
        "nauc_cv_recall_at_3_max": 0.6684610259826782,
        "nauc_cv_recall_at_3_std": 0.4076215856095933,
        "nauc_cv_recall_at_5_diff1": -0.1365179789302609,
        "nauc_cv_recall_at_5_max": 0.5976289288098207,
        "nauc_cv_recall_at_5_std": 0.37226107902603245,
        "nauc_map_at_1000_diff1": 0.02290130273084715,
        "nauc_map_at_1000_max": 0.548071312346396,
        "nauc_map_at_1000_std": 0.3431509175694228,
        "nauc_map_at_100_diff1": 0.023035522926500292,
        "nauc_map_at_100_max": 0.5481243666012099,
        "nauc_map_at_100_std": 0.343765707161693,
        "nauc_map_at_10_diff1": 0.019009704736545754,
        "nauc_map_at_10_max": 0.5515194516807846,
        "nauc_map_at_10_std": 0.3449228525930436,
        "nauc_map_at_1_diff1": 0.1698977596513771,
        "nauc_map_at_1_max": 0.4552349293256607,
        "nauc_map_at_1_std": 0.2536314877926139,
        "nauc_map_at_20_diff1": 0.021258373975554346,
        "nauc_map_at_20_max": 0.5501977396176536,
        "nauc_map_at_20_std": 0.3451008448257592,
        "nauc_map_at_3_diff1": 0.027947800501289654,
        "nauc_map_at_3_max": 0.5615419194304191,
        "nauc_map_at_3_std": 0.3374327981401433,
        "nauc_map_at_5_diff1": 0.022444182090860222,
        "nauc_map_at_5_max": 0.5443295202128533,
        "nauc_map_at_5_std": 0.3265094163994626,
        "nauc_mrr_at_1000_diff1": 0.037792737057000106,
        "nauc_mrr_at_1000_max": 0.5306581923448304,
        "nauc_mrr_at_1000_std": 0.36198678701734915,
        "nauc_mrr_at_100_diff1": 0.037904244512512376,
        "nauc_mrr_at_100_max": 0.5307371796485331,
        "nauc_mrr_at_100_std": 0.3625738495305344,
        "nauc_mrr_at_10_diff1": 0.0336578592994239,
        "nauc_mrr_at_10_max": 0.5344197389534955,
        "nauc_mrr_at_10_std": 0.3632912027558574,
        "nauc_mrr_at_1_diff1": 0.16598692664394651,
        "nauc_mrr_at_1_max": 0.4452623051567126,
        "nauc_mrr_at_1_std": 0.3140538577574166,
        "nauc_mrr_at_20_diff1": 0.03592134186381886,
        "nauc_mrr_at_20_max": 0.5330587540055658,
        "nauc_mrr_at_20_std": 0.36365157309531015,
        "nauc_mrr_at_3_diff1": 0.04203509201841499,
        "nauc_mrr_at_3_max": 0.5450312778658897,
        "nauc_mrr_at_3_std": 0.35278982227092975,
        "nauc_mrr_at_5_diff1": 0.036600215680544855,
        "nauc_mrr_at_5_max": 0.5283891078779852,
        "nauc_mrr_at_5_std": 0.3444903245689106,
        "nauc_ndcg_at_1000_diff1": 0.0005409786282632852,
        "nauc_ndcg_at_1000_max": 0.557765371086238,
        "nauc_ndcg_at_1000_std": 0.3620874514374281,
        "nauc_ndcg_at_100_diff1": -0.0004227472957878371,
        "nauc_ndcg_at_100_max": 0.5581112142072867,
        "nauc_ndcg_at_100_std": 0.3770164912688396,
        "nauc_ndcg_at_10_diff1": -0.027451154381326896,
        "nauc_ndcg_at_10_max": 0.5759121776535603,
        "nauc_ndcg_at_10_std": 0.3837759064006119,
        "nauc_ndcg_at_1_diff1": 0.1698977596513771,
        "nauc_ndcg_at_1_max": 0.4552349293256607,
        "nauc_ndcg_at_1_std": 0.2536314877926139,
        "nauc_ndcg_at_20_diff1": -0.018923679643943057,
        "nauc_ndcg_at_20_max": 0.5717611328008967,
        "nauc_ndcg_at_20_std": 0.3855482939373467,
        "nauc_ndcg_at_3_diff1": -0.005345292806580259,
        "nauc_ndcg_at_3_max": 0.589864220491107,
        "nauc_ndcg_at_3_std": 0.35634772055921166,
        "nauc_ndcg_at_5_diff1": -0.01736592260642203,
        "nauc_ndcg_at_5_max": 0.559198032314247,
        "nauc_ndcg_at_5_std": 0.3388356749504251,
        "nauc_precision_at_1000_diff1": NaN,
        "nauc_precision_at_1000_max": NaN,
        "nauc_precision_at_1000_std": NaN,
        "nauc_precision_at_100_diff1": -0.05718954248365978,
        "nauc_precision_at_100_max": 0.5615662931839398,
        "nauc_precision_at_100_std": 0.751692343604107,
        "nauc_precision_at_10_diff1": -0.1909058590509713,
        "nauc_precision_at_10_max": 0.6584110646510136,
        "nauc_precision_at_10_std": 0.5330026578185574,
        "nauc_precision_at_1_diff1": 0.1698977596513771,
        "nauc_precision_at_1_max": 0.4552349293256607,
        "nauc_precision_at_1_std": 0.2536314877926139,
        "nauc_precision_at_20_diff1": -0.16275966866186015,
        "nauc_precision_at_20_max": 0.6469062135166688,
        "nauc_precision_at_20_std": 0.5563256305246184,
        "nauc_precision_at_3_diff1": -0.09612258494337084,
        "nauc_precision_at_3_max": 0.6684610259826779,
        "nauc_precision_at_3_std": 0.4076215856095937,
        "nauc_precision_at_5_diff1": -0.13651797893026002,
        "nauc_precision_at_5_max": 0.597628928809821,
        "nauc_precision_at_5_std": 0.3722610790260329,
        "nauc_recall_at_1000_diff1": NaN,
        "nauc_recall_at_1000_max": NaN,
        "nauc_recall_at_1000_std": NaN,
        "nauc_recall_at_100_diff1": -0.05718954248365932,
        "nauc_recall_at_100_max": 0.5615662931839402,
        "nauc_recall_at_100_std": 0.7516923436041081,
        "nauc_recall_at_10_diff1": -0.19090585905097338,
        "nauc_recall_at_10_max": 0.6584110646510131,
        "nauc_recall_at_10_std": 0.5330026578185566,
        "nauc_recall_at_1_diff1": 0.1698977596513771,
        "nauc_recall_at_1_max": 0.4552349293256607,
        "nauc_recall_at_1_std": 0.2536314877926139,
        "nauc_recall_at_20_diff1": -0.16275966866186092,
        "nauc_recall_at_20_max": 0.646906213516669,
        "nauc_recall_at_20_std": 0.5563256305246183,
        "nauc_recall_at_3_diff1": -0.096122584943371,
        "nauc_recall_at_3_max": 0.6684610259826782,
        "nauc_recall_at_3_std": 0.4076215856095933,
        "nauc_recall_at_5_diff1": -0.1365179789302609,
        "nauc_recall_at_5_max": 0.5976289288098207,
        "nauc_recall_at_5_std": 0.37226107902603245,
        "ndcg_at_1": 0.28,
        "ndcg_at_10": 0.47865,
        "ndcg_at_100": 0.52677,
        "ndcg_at_1000": 0.53753,
        "ndcg_at_20": 0.48907,
        "ndcg_at_3": 0.41619,
        "ndcg_at_5": 0.44845,
        "precision_at_1": 0.28,
        "precision_at_10": 0.067,
        "precision_at_100": 0.0092,