{
  "dataset_revision": "5fe59d7e52732b86d11ee0e9c4a8cdb0e8ba7a6e",
  "evaluation_time": 74.40851640701294,
  "kg_co2_emissions": null,
  "mteb_version": "1.14.15",
  "scores": {
    "test": [
      {
        "cv_recall_at_1": 0.23,
        "cv_recall_at_10": 0.53,
        "cv_recall_at_100": 0.76,
        "cv_recall_at_1000": 1.0,
        "cv_recall_at_20": 0.61,
        "cv_recall_at_3": 0.38,
        "cv_recall_at_5": 0.43,
        "hf_subset": "default",
        "languages": [
          "eng-Latn"
        ],
        "main_score": 0.327,
        "map_at_1": 0.21,
        "map_at_10": 0.30566,
        "map_at_100": 0.31547,
        "map_at_1000": 0.31657,
        "map_at_20": 0.31133,
        "map_at_3": 0.28167,
        "map_at_5": 0.29267,
        "mrr_at_1": 0.23,
        "mrr_at_10": 0.3156746031746031,
        "mrr_at_100": 0.3254601138348874,
        "mrr_at_1000": 0.3265610689913019,
        "mrr_at_20": 0.3213241758241757,
        "mrr_at_3": 0.29166666666666663,
        "mrr_at_5": 0.30316666666666664,
        "nauc_cv_recall_at_1000_diff1": NaN,
        "nauc_cv_recall_at_1000_max": NaN,
        "nauc_cv_recall_at_1000_std": NaN,
        "nauc_cv_recall_at_100_diff1": -0.006359781950334248,
        "nauc_cv_recall_at_100_max": 0.5430691355888204,
        "nauc_cv_recall_at_100_std": 0.4596997490698272,
        "nauc_cv_recall_at_10_diff1": 0.08308017979628572,
        "nauc_cv_recall_at_10_max": 0.5721453215851762,
        "nauc_cv_recall_at_10_std": 0.2545189624599649,
        "nauc_cv_recall_at_1_diff1": 0.17789539512820113,
        "nauc_cv_recall_at_1_max": 0.43204038986592636,
        "nauc_cv_recall_at_1_std": -0.009472094690441003,
        "nauc_cv_recall_at_20_diff1": -0.02098409197347156,
        "nauc_cv_recall_at_20_max": 0.5650748568579761,
        "nauc_cv_recall_at_20_std": 0.3741181091656218,
        "nauc_cv_recall_at_3_diff1": 0.10990824734229203,
        "nauc_cv_recall_at_3_max": 0.616510279936579,
        "nauc_cv_recall_at_3_std": 0.1248148051880541,
        "nauc_cv_recall_at_5_diff1": 0.0806986513376077,
        "nauc_cv_recall_at_5_max": 0.6248585660220314,
        "nauc_cv_recall_at_5_std": 0.22141733102703817,
        "nauc_map_at_1000_diff1": 0.1526572027006709,
        "nauc_map_at_1000_max": 0.5299962487999986,
        "nauc_map_at_1000_std": 0.07656699308819963,
        "nauc_map_at_100_diff1": 0.15241863064910316,
        "nauc_map_at_100_max": 0.5301663175741202,
        "nauc_map_at_100_std": 0.0776350535363974,
        "nauc_map_at_10_diff1": 0.15792022337662764,
        "nauc_map_at_10_max": 0.5298177356615489,
        "nauc_map_at_10_std": 0.06920520130657719,
        "nauc_map_at_1_diff1": 0.2525377294249925,
        "nauc_map_at_1_max": 0.45356073922751683,
        "nauc_map_at_1_std": -0.04944019510032149,
        "nauc_map_at_20_diff1": 0.15111374679870085,
        "nauc_map_at_20_max": 0.529961239541217,
        "nauc_map_at_20_std": 0.07729346018356126,
        "nauc_map_at_3_diff1": 0.16157692832993492,
        "nauc_map_at_3_max": 0.5360219292045154,
        "nauc_map_at_3_std": 0.04172107834562945,
        "nauc_map_at_5_diff1": 0.15570547539001464,
        "nauc_map_at_5_max": 0.53800624291612,
        "nauc_map_at_5_std": 0.06658104533395676,
        "nauc_mrr_at_1000_diff1": 0.11823237600605414,
        "nauc_mrr_at_1000_max": 0.5212691085515011,
        "nauc_mrr_at_1000_std": 0.09520643817366876,
        "nauc_mrr_at_100_diff1": 0.11809775190018582,
        "nauc_mrr_at_100_max": 0.5214609438591693,
        "nauc_mrr_at_100_std": 0.09620581011777922,
        "nauc_mrr_at_10_diff1": 0.12388271932408514,
        "nauc_mrr_at_10_max": 0.5215436616204162,
        "nauc_mrr_at_10_std": 0.08789608700703568,
        "nauc_mrr_at_1_diff1": 0.17789539512820113,
        "nauc_mrr_at_1_max": 0.43204038986592636,
        "nauc_mrr_at_1_std": -0.009472094690441003,
        "nauc_mrr_at_20_diff1": 0.11709458086096404,
        "nauc_mrr_at_20_max": 0.5212632072880561,
        "nauc_mrr_at_20_std": 0.09564320422360603,
        "nauc_mrr_at_3_diff1": 0.12855140902292847,
        "nauc_mrr_at_3_max": 0.5246464194448699,
        "nauc_mrr_at_3_std": 0.05868082951588032,
        "nauc_mrr_at_5_diff1": 0.12130166158692024,
        "nauc_mrr_at_5_max": 0.5293317976745179,
        "nauc_mrr_at_5_std": 0.0848690117724686,
        "nauc_ndcg_at_1000_diff1": 0.13372164670347136,
        "nauc_ndcg_at_1000_max": 0.538140945351461,
        "nauc_ndcg_at_1000_std": 0.11386350497056077,
        "nauc_ndcg_at_100_diff1": 0.12258777943022443,
        "nauc_ndcg_at_100_max": 0.539138531606273,
        "nauc_ndcg_at_100_std": 0.14404291133909553,
        "nauc_ndcg_at_10_diff1": 0.1379040925491282,
        "nauc_ndcg_at_10_max": 0.5429870060366613,
        "nauc_ndcg_at_10_std": 0.11630716757265272,
        "nauc_ndcg_at_1_diff1": 0.2525377294249925,
        "nauc_ndcg_at_1_max": 0.45356073922751683,
        "nauc_ndcg_at_1_std": -0.04944019510032149,
        "nauc_ndcg_at_20_diff1": 0.11338858058945903,
        "nauc_ndcg_at_20_max": 0.5416827102797607,
        "nauc_ndcg_at_20_std": 0.1438549019021181,
        "nauc_ndcg_at_3_diff1": 0.14642325849636342,
        "nauc_ndcg_at_3_max": 0.5583865766196738,
        "nauc_ndcg_at_3_std": 0.06493605013926239,
        "nauc_ndcg_at_5_diff1": 0.1347770230227918,
        "nauc_ndcg_at_5_max": 0.5619629664272141,
        "nauc_ndcg_at_5_std": 0.10811411065414367,
        "nauc_precision_at_1000_diff1": NaN,
        "nauc_precision_at_1000_max": NaN,
        "nauc_precision_at_1000_std": NaN,
        "nauc_precision_at_100_diff1": -0.006359781950332713,
        "nauc_precision_at_100_max": 0.5430691355888206,
        "nauc_precision_at_100_std": 0.4596997490698282,
        "nauc_precision_at_10_diff1": 0.08308017979628633,
        "nauc_precision_at_10_max": 0.5721453215851767,
        "nauc_precision_at_10_std": 0.2545189624599656,
        "nauc_precision_at_1_diff1": 0.2525377294249925,
        "nauc_precision_at_1_max": 0.45356073922751683,
        "nauc_precision_at_1_std": -0.04944019510032149,
        "nauc_precision_at_20_diff1": -0.020984091973470707,
        "nauc_precision_at_20_max": 0.565074856857976,
        "nauc_precision_at_20_std": 0.37411810916562194,
        "nauc_precision_at_3_diff1": 0.10990824734229175,
        "nauc_precision_at_3_max": 0.6165102799365789,
        "nauc_precision_at_3_std": 0.12481480518805382,
        "nauc_precision_at_5_diff1": 0.08069865133760828,
        "nauc_precision_at_5_max": 0.6248585660220317,
        "nauc_precision_at_5_std": 0.22141733102703876,
        "nauc_recall_at_1000_diff1": NaN,
        "nauc_recall_at_1000_max": NaN,
        "nauc_recall_at_1000_std": NaN,
        "nauc_recall_at_100_diff1": -0.006359781950334248,
        "nauc_recall_at_100_max": 0.5430691355888204,
        "nauc_recall_at_100_std": 0.4596997490698272,
        "nauc_recall_at_10_diff1": 0.08308017979628572,
        "nauc_recall_at_10_max": 0.5721453215851762,
        "nauc_recall_at_10_std": 0.2545189624599649,
        "nauc_recall_at_1_diff1": 0.2525377294249925,
        "nauc_recall_at_1_max": 0.45356073922751683,
        "nauc_recall_at_1_std": -0.04944019510032149,
        "nauc_recall_at_20_diff1": -0.02098409197347156,
        "nauc_recall_at_20_max": 0.5650748568579761,
        "nauc_recall_at_20_std": 0.3741181091656218,
        "nauc_recall_at_3_diff1": 0.10990824734229203,
        "nauc_recall_at_3_max": 0.616510279936579,
        "nauc_recall_at_3_std": 0.1248148051880541,
        "nauc_recall_at_5_diff1": 0.0806986513376077,
        "nauc_recall_at_5_max": 0.6248585660220314,
        "nauc_recall_at_5_std": 0.22141733102703817,
        "ndcg_at_1": 0.21,
        "ndcg_at_10": 0.35903,
        "ndcg_at_100": 0.40793,
        "ndcg_at_1000": 0.43806,
        "ndcg_at_20": 0.37941,
        "ndcg_at_3": 0.30678,
        "ndcg_at_5": 0.327,
        "precision_at_1": 0.21,
        "precision_at_10": 0.053,
        "precision_at_100": 0.0076,