{
  "dataset_revision": "4661603cee25c1fd370e5478a2953203cf37155b",
  "task_name": "MSRVTTT2V",
  "mteb_version": "2.12.32",
  "scores": {
    "test": [
      {
        "ndcg_at_1": 0.44027,
        "ndcg_at_3": 0.53508,
        "ndcg_at_5": 0.56519,
        "ndcg_at_10": 0.59689,
        "ndcg_at_20": 0.61527,
        "ndcg_at_100": 0.63557,
        "ndcg_at_1000": 0.6417,
        "map_at_1": 0.44027,
        "map_at_3": 0.51232,
        "map_at_5": 0.52911,
        "map_at_10": 0.54202,
        "map_at_20": 0.54705,
        "map_at_100": 0.54993,
        "map_at_1000": 0.55019,
        "recall_at_1": 0.44027,
        "recall_at_3": 0.60068,
        "recall_at_5": 0.67349,
        "recall_at_10": 0.77247,
        "recall_at_20": 0.84528,
        "recall_at_100": 0.95336,
        "recall_at_1000": 1.0,
        "accuracy": 0.44027,
        "precision_at_1": 0.44027,
        "precision_at_3": 0.20023,
        "precision_at_5": 0.1347,
        "precision_at_10": 0.07725,
        "precision_at_20": 0.04226,
        "precision_at_100": 0.00953,
        "precision_at_1000": 0.001,
        "mrr_at_1": 0.440273,
        "mrr_at_3": 0.512325,
        "mrr_at_5": 0.529105,
        "mrr_at_10": 0.542018,
        "mrr_at_20": 0.547047,
        "mrr_at_100": 0.549927,
        "mrr_at_1000": 0.550186,
        "nauc_ndcg_at_1_max": 0.341785,
        "nauc_ndcg_at_1_std": -0.143865,
        "nauc_ndcg_at_1_diff1": 0.707906,
        "nauc_ndcg_at_3_max": 0.362799,
        "nauc_ndcg_at_3_std": -0.115219,
        "nauc_ndcg_at_3_diff1": 0.631584,
        "nauc_ndcg_at_5_max": 0.373687,
        "nauc_ndcg_at_5_std": -0.104318,
        "nauc_ndcg_at_5_diff1": 0.613943,
        "nauc_ndcg_at_10_max": 0.379187,
        "nauc_ndcg_at_10_std": -0.098921,
        "nauc_ndcg_at_10_diff1": 0.614459,
        "nauc_ndcg_at_20_max": 0.385856,
        "nauc_ndcg_at_20_std": -0.094422,
        "nauc_ndcg_at_20_diff1": 0.615946,
        "nauc_ndcg_at_100_max": 0.383044,
        "nauc_ndcg_at_100_std": -0.093748,
        "nauc_ndcg_at_100_diff1": 0.626854,
        "nauc_ndcg_at_1000_max": 0.375866,
        "nauc_ndcg_at_1000_std": -0.10366,
        "nauc_ndcg_at_1000_diff1": 0.632409,
        "nauc_map_at_1_max": 0.341785,
        "nauc_map_at_1_std": -0.143865,
        "nauc_map_at_1_diff1": 0.707906,
        "nauc_map_at_3_max": 0.35829,
        "nauc_map_at_3_std": -0.122209,
        "nauc_map_at_3_diff1": 0.650221,
        "nauc_map_at_5_max": 0.363516,
        "nauc_map_at_5_std": -0.116765,
        "nauc_map_at_5_diff1": 0.641032,
        "nauc_map_at_10_max": 0.365528,
        "nauc_map_at_10_std": -0.114816,
        "nauc_map_at_10_diff1": 0.641875,
        "nauc_map_at_20_max": 0.366959,
        "nauc_map_at_20_std": -0.114138,
        "nauc_map_at_20_diff1": 0.642535,
        "nauc_map_at_100_max": 0.366923,
        "nauc_map_at_100_std": -0.11398,
        "nauc_map_at_100_diff1": 0.644185,
        "nauc_map_at_1000_max": 0.366687,
        "nauc_map_at_1000_std": -0.114282,
        "nauc_map_at_1000_diff1": 0.644411,
        "nauc_recall_at_1_max": 0.341785,
        "nauc_recall_at_1_std": -0.143865,
        "nauc_recall_at_1_diff1": 0.707906,
        "nauc_recall_at_3_max": 0.376466,
        "nauc_recall_at_3_std": -0.093591,
        "nauc_recall_at_3_diff1": 0.573912,
        "nauc_recall_at_5_max": 0.411147,
        "nauc_recall_at_5_std": -0.059093,
        "nauc_recall_at_5_diff1": 0.517667,
        "nauc_recall_at_10_max": 0.445866,
        "nauc_recall_at_10_std": -0.022459,
        "nauc_recall_at_10_diff1": 0.489402,
        "nauc_recall_at_20_max": 0.522747,
        "nauc_recall_at_20_std": 0.045298,
        "nauc_recall_at_20_diff1": 0.451072,
        "nauc_recall_at_100_max": 0.690112,
        "nauc_recall_at_100_std": 0.338994,
        "nauc_recall_at_100_diff1": 0.401192,
        "nauc_recall_at_1000_max": NaN,
        "nauc_recall_at_1000_std": NaN,
        "nauc_recall_at_1000_diff1": NaN,
        "nauc_precision_at_1_max": 0.341785,
        "nauc_precision_at_1_std": -0.143865,
        "nauc_precision_at_1_diff1": 0.707906,
        "nauc_precision_at_3_max": 0.376466,
        "nauc_precision_at_3_std": -0.093591,
        "nauc_precision_at_3_diff1": 0.573912,
        "nauc_precision_at_5_max": 0.411147,
        "nauc_precision_at_5_std": -0.059093,
        "nauc_precision_at_5_diff1": 0.517667,
        "nauc_precision_at_10_max": 0.445866,
        "nauc_precision_at_10_std": -0.022459,
        "nauc_precision_at_10_diff1": 0.489402,
        "nauc_precision_at_20_max": 0.522747,
        "nauc_precision_at_20_std": 0.045298,
        "nauc_precision_at_20_diff1": 0.451072,
        "nauc_precision_at_100_max": 0.690112,
        "nauc_precision_at_100_std": 0.338994,
        "nauc_precision_at_100_diff1": 0.401192,
        "nauc_precision_at_1000_max": NaN,
        "nauc_precision_at_1000_std": NaN,
        "nauc_precision_at_1000_diff1": NaN,
        "nauc_mrr_at_1_max": 0.341785,
        "nauc_mrr_at_1_std": -0.143865,
        "nauc_mrr_at_1_diff1": 0.707906,
        "nauc_mrr_at_3_max": 0.35829,
        "nauc_mrr_at_3_std": -0.122209,
        "nauc_mrr_at_3_diff1": 0.650221,
        "nauc_mrr_at_5_max": 0.363516,
        "nauc_mrr_at_5_std": -0.116765,
        "nauc_mrr_at_5_diff1": 0.641032,
        "nauc_mrr_at_10_max": 0.365528,
        "nauc_mrr_at_10_std": -0.114816,
        "nauc_mrr_at_10_diff1": 0.641875,
        "nauc_mrr_at_20_max": 0.366959,
        "nauc_mrr_at_20_std": -0.114138,
        "nauc_mrr_at_20_diff1": 0.642535,
        "nauc_mrr_at_100_max": 0.366923,
        "nauc_mrr_at_100_std": -0.11398,
        "nauc_mrr_at_100_diff1": 0.644185,
        "nauc_mrr_at_1000_max": 0.366687,
        "nauc_mrr_at_1000_std": -0.114282,
        "nauc_mrr_at_1000_diff1": 0.644411,
        "hit_rate_at_1": 0.44027,
        "hit_rate_at_3": 0.60068,
        "hit_rate_at_5": 0.67349,
        "hit_rate_at_10": 0.77247,
        "hit_rate_at_20": 0.84528,
        "hit_rate_at_100": 0.95336,
        "hit_rate_at_1000": 1.0,
        "main_score": 0.59689,
        "hf_subset": "default",
        "languages": [
          "eng-Latn"
        ],
        "mteb_version": "2.12.32"
      }
    ]
  },
  "evaluation_time": 640.6983344554901,
  "kg_co2_emissions": null,
  "date": null
}