{
  "dataset_revision": "b672042dfc1bfc3b8b857ec1abee89bb69fe2476",
  "task_name": "OmniVideoBenchVideoCentricQA",
  "mteb_version": "2.12.32",
  "scores": {
    "test": [
      {
        "ndcg_at_1": 0.25737,
        "ndcg_at_3": 0.5598,
        "ndcg_at_5": 0.64949,
        "ndcg_at_10": 0.64949,
        "ndcg_at_20": 0.64949,
        "ndcg_at_100": 0.64949,
        "ndcg_at_1000": 0.64949,
        "map_at_1": 0.25737,
        "map_at_3": 0.48035,
        "map_at_5": 0.53242,
        "map_at_10": 0.53242,
        "map_at_20": 0.53242,
        "map_at_100": 0.53242,
        "map_at_1000": 0.53242,
        "recall_at_1": 0.25737,
        "recall_at_3": 0.79175,
        "recall_at_5": 1.0,
        "recall_at_10": 1.0,
        "recall_at_20": 1.0,
        "recall_at_100": 1.0,
        "recall_at_1000": 1.0,
        "accuracy": 0.25737,
        "precision_at_1": 0.25737,
        "precision_at_3": 0.26392,
        "precision_at_5": 0.2,
        "precision_at_10": 0.1,
        "precision_at_20": 0.05,
        "precision_at_100": 0.01,
        "precision_at_1000": 0.001,
        "mrr_at_1": 0.257367,
        "mrr_at_3": 0.480354,
        "mrr_at_5": 0.532417,
        "mrr_at_10": 0.532417,
        "mrr_at_20": 0.532417,
        "mrr_at_100": 0.532417,
        "mrr_at_1000": 0.532417,
        "nauc_ndcg_at_1_max": -0.029743,
        "nauc_ndcg_at_1_std": 0.046273,
        "nauc_ndcg_at_1_diff1": 0.002448,
        "nauc_ndcg_at_3_max": 0.030395,
        "nauc_ndcg_at_3_std": 0.050788,
        "nauc_ndcg_at_3_diff1": 0.047962,
        "nauc_ndcg_at_5_max": 0.001133,
        "nauc_ndcg_at_5_std": 0.046264,
        "nauc_ndcg_at_5_diff1": 0.024024,
        "nauc_ndcg_at_10_max": 0.001133,
        "nauc_ndcg_at_10_std": 0.046264,
        "nauc_ndcg_at_10_diff1": 0.024024,
        "nauc_ndcg_at_20_max": 0.001133,
        "nauc_ndcg_at_20_std": 0.046264,
        "nauc_ndcg_at_20_diff1": 0.024024,
        "nauc_ndcg_at_100_max": 0.001133,
        "nauc_ndcg_at_100_std": 0.046264,
        "nauc_ndcg_at_100_diff1": 0.024024,
        "nauc_ndcg_at_1000_max": 0.001133,
        "nauc_ndcg_at_1000_std": 0.046264,
        "nauc_ndcg_at_1000_diff1": 0.024024,
        "nauc_map_at_1_max": -0.029743,
        "nauc_map_at_1_std": 0.046273,
        "nauc_map_at_1_diff1": 0.002448,
        "nauc_map_at_3_max": 0.015418,
        "nauc_map_at_3_std": 0.048637,
        "nauc_map_at_3_diff1": 0.035837,
        "nauc_map_at_5_max": -0.00052,
        "nauc_map_at_5_std": 0.046207,
        "nauc_map_at_5_diff1": 0.022825,
        "nauc_map_at_10_max": -0.00052,
        "nauc_map_at_10_std": 0.046207,
        "nauc_map_at_10_diff1": 0.022825,
        "nauc_map_at_20_max": -0.00052,
        "nauc_map_at_20_std": 0.046207,
        "nauc_map_at_20_diff1": 0.022825,
        "nauc_map_at_100_max": -0.00052,
        "nauc_map_at_100_std": 0.046207,
        "nauc_map_at_100_diff1": 0.022825,
        "nauc_map_at_1000_max": -0.00052,
        "nauc_map_at_1000_std": 0.046207,
        "nauc_map_at_1000_diff1": 0.022825,
        "nauc_recall_at_1_max": -0.029743,
        "nauc_recall_at_1_std": 0.046273,
        "nauc_recall_at_1_diff1": 0.002448,
        "nauc_recall_at_3_max": 0.092567,
        "nauc_recall_at_3_std": 0.0604,
        "nauc_recall_at_3_diff1": 0.098822,
        "nauc_recall_at_5_max": NaN,
        "nauc_recall_at_5_std": NaN,
        "nauc_recall_at_5_diff1": NaN,
        "nauc_recall_at_10_max": NaN,
        "nauc_recall_at_10_std": NaN,
        "nauc_recall_at_10_diff1": NaN,
        "nauc_recall_at_20_max": NaN,
        "nauc_recall_at_20_std": NaN,
        "nauc_recall_at_20_diff1": NaN,
        "nauc_recall_at_100_max": NaN,
        "nauc_recall_at_100_std": NaN,
        "nauc_recall_at_100_diff1": NaN,
        "nauc_recall_at_1000_max": NaN,
        "nauc_recall_at_1000_std": NaN,
        "nauc_recall_at_1000_diff1": NaN,
        "nauc_precision_at_1_max": -0.029743,
        "nauc_precision_at_1_std": 0.046273,
        "nauc_precision_at_1_diff1": 0.002448,
        "nauc_precision_at_3_max": 0.092567,
        "nauc_precision_at_3_std": 0.0604,
        "nauc_precision_at_3_diff1": 0.098822,
        "nauc_precision_at_5_max": 1.0,
        "nauc_precision_at_5_std": 1.0,
        "nauc_precision_at_5_diff1": 1.0,
        "nauc_precision_at_10_max": 1.0,
        "nauc_precision_at_10_std": 1.0,
        "nauc_precision_at_10_diff1": 1.0,
        "nauc_precision_at_20_max": 1.0,
        "nauc_precision_at_20_std": 1.0,
        "nauc_precision_at_20_diff1": 1.0,
        "nauc_precision_at_100_max": 1.0,
        "nauc_precision_at_100_std": 1.0,
        "nauc_precision_at_100_diff1": 1.0,
        "nauc_precision_at_1000_max": 1.0,
        "nauc_precision_at_1000_std": 1.0,
        "nauc_precision_at_1000_diff1": 1.0,
        "nauc_mrr_at_1_max": -0.029743,
        "nauc_mrr_at_1_std": 0.046273,
        "nauc_mrr_at_1_diff1": 0.002448,
        "nauc_mrr_at_3_max": 0.015418,
        "nauc_mrr_at_3_std": 0.048637,
        "nauc_mrr_at_3_diff1": 0.035837,
        "nauc_mrr_at_5_max": -0.00052,
        "nauc_mrr_at_5_std": 0.046207,
        "nauc_mrr_at_5_diff1": 0.022825,
        "nauc_mrr_at_10_max": -0.00052,
        "nauc_mrr_at_10_std": 0.046207,
        "nauc_mrr_at_10_diff1": 0.022825,
        "nauc_mrr_at_20_max": -0.00052,
        "nauc_mrr_at_20_std": 0.046207,
        "nauc_mrr_at_20_diff1": 0.022825,
        "nauc_mrr_at_100_max": -0.00052,
        "nauc_mrr_at_100_std": 0.046207,
        "nauc_mrr_at_100_diff1": 0.022825,
        "nauc_mrr_at_1000_max": -0.00052,
        "nauc_mrr_at_1000_std": 0.046207,
        "nauc_mrr_at_1000_diff1": 0.022825,
        "hit_rate_at_1": 0.25737,
        "hit_rate_at_3": 0.79175,
        "hit_rate_at_5": 1.0,
        "hit_rate_at_10": 1.0,
        "hit_rate_at_20": 1.0,
        "hit_rate_at_100": 1.0,
        "hit_rate_at_1000": 1.0,
        "main_score": 0.25737,
        "hf_subset": "default",
        "languages": [
          "eng-Latn"
        ],
        "mteb_version": "2.12.32"
      }
    ]
  },
  "evaluation_time": 1408.8087866306305,
  "kg_co2_emissions": null,
  "date": null
}