{
  "dataset_revision": "0d2e86e6d36927f4676ee6127c4e38e3867ce0ce",
  "task_name": "VATEXV2ARetrieval",
  "mteb_version": "2.12.32",
  "scores": {
    "test": [
      {
        "ndcg_at_1": 0.235,
        "ndcg_at_3": 0.29362,
        "ndcg_at_5": 0.31453,
        "ndcg_at_10": 0.34066,
        "ndcg_at_20": 0.35952,
        "ndcg_at_100": 0.39821,
        "ndcg_at_1000": 0.42851,
        "map_at_1": 0.235,
        "map_at_3": 0.279,
        "map_at_5": 0.29055,
        "map_at_10": 0.3013,
        "map_at_20": 0.30642,
        "map_at_100": 0.31132,
        "map_at_1000": 0.31239,
        "recall_at_1": 0.235,
        "recall_at_3": 0.336,
        "recall_at_5": 0.387,
        "recall_at_10": 0.468,
        "recall_at_20": 0.543,
        "recall_at_100": 0.758,
        "recall_at_1000": 1.0,
        "accuracy": 0.235,
        "precision_at_1": 0.235,
        "precision_at_3": 0.112,
        "precision_at_5": 0.0774,
        "precision_at_10": 0.0468,
        "precision_at_20": 0.02715,
        "precision_at_100": 0.00758,
        "precision_at_1000": 0.001,
        "mrr_at_1": 0.235,
        "mrr_at_3": 0.279,
        "mrr_at_5": 0.29055,
        "mrr_at_10": 0.301298,
        "mrr_at_20": 0.306418,
        "mrr_at_100": 0.311321,
        "mrr_at_1000": 0.312387,
        "nauc_ndcg_at_1_max": 0.215749,
        "nauc_ndcg_at_1_std": 0.162897,
        "nauc_ndcg_at_1_diff1": 0.659088,
        "nauc_ndcg_at_3_max": 0.20736,
        "nauc_ndcg_at_3_std": 0.160595,
        "nauc_ndcg_at_3_diff1": 0.573386,
        "nauc_ndcg_at_5_max": 0.203471,
        "nauc_ndcg_at_5_std": 0.169633,
        "nauc_ndcg_at_5_diff1": 0.550515,
        "nauc_ndcg_at_10_max": 0.208789,
        "nauc_ndcg_at_10_std": 0.180227,
        "nauc_ndcg_at_10_diff1": 0.527419,
        "nauc_ndcg_at_20_max": 0.206453,
        "nauc_ndcg_at_20_std": 0.174932,
        "nauc_ndcg_at_20_diff1": 0.519437,
        "nauc_ndcg_at_100_max": 0.202795,
        "nauc_ndcg_at_100_std": 0.167235,
        "nauc_ndcg_at_100_diff1": 0.52326,
        "nauc_ndcg_at_1000_max": 0.205034,
        "nauc_ndcg_at_1000_std": 0.169284,
        "nauc_ndcg_at_1000_diff1": 0.54087,
        "nauc_map_at_1_max": 0.215749,
        "nauc_map_at_1_std": 0.162897,
        "nauc_map_at_1_diff1": 0.659088,
        "nauc_map_at_3_max": 0.208603,
        "nauc_map_at_3_std": 0.159373,
        "nauc_map_at_3_diff1": 0.591932,
        "nauc_map_at_5_max": 0.206266,
        "nauc_map_at_5_std": 0.163907,
        "nauc_map_at_5_diff1": 0.57923,
        "nauc_map_at_10_max": 0.208788,
        "nauc_map_at_10_std": 0.168226,
        "nauc_map_at_10_diff1": 0.569364,
        "nauc_map_at_20_max": 0.208258,
        "nauc_map_at_20_std": 0.166745,
        "nauc_map_at_20_diff1": 0.567349,
        "nauc_map_at_100_max": 0.207424,
        "nauc_map_at_100_std": 0.16583,
        "nauc_map_at_100_diff1": 0.567558,
        "nauc_map_at_1000_max": 0.207481,
        "nauc_map_at_1000_std": 0.165945,
        "nauc_map_at_1000_diff1": 0.568049,
        "nauc_recall_at_1_max": 0.215749,
        "nauc_recall_at_1_std": 0.162897,
        "nauc_recall_at_1_diff1": 0.659088,
        "nauc_recall_at_3_max": 0.204259,
        "nauc_recall_at_3_std": 0.164571,
        "nauc_recall_at_3_diff1": 0.523656,
        "nauc_recall_at_5_max": 0.195933,
        "nauc_recall_at_5_std": 0.187366,
        "nauc_recall_at_5_diff1": 0.471243,
        "nauc_recall_at_10_max": 0.209936,
        "nauc_recall_at_10_std": 0.219412,
        "nauc_recall_at_10_diff1": 0.403063,
        "nauc_recall_at_20_max": 0.199914,
        "nauc_recall_at_20_std": 0.200627,
        "nauc_recall_at_20_diff1": 0.364218,
        "nauc_recall_at_100_max": 0.176583,
        "nauc_recall_at_100_std": 0.151016,
        "nauc_recall_at_100_diff1": 0.323866,
        "nauc_recall_at_1000_max": NaN,
        "nauc_recall_at_1000_std": NaN,
        "nauc_recall_at_1000_diff1": NaN,
        "nauc_precision_at_1_max": 0.215749,
        "nauc_precision_at_1_std": 0.162897,
        "nauc_precision_at_1_diff1": 0.659088,
        "nauc_precision_at_3_max": 0.204259,
        "nauc_precision_at_3_std": 0.164571,
        "nauc_precision_at_3_diff1": 0.523656,
        "nauc_precision_at_5_max": 0.195933,
        "nauc_precision_at_5_std": 0.187366,
        "nauc_precision_at_5_diff1": 0.471243,
        "nauc_precision_at_10_max": 0.209936,
        "nauc_precision_at_10_std": 0.219412,
        "nauc_precision_at_10_diff1": 0.403063,
        "nauc_precision_at_20_max": 0.199914,
        "nauc_precision_at_20_std": 0.200627,
        "nauc_precision_at_20_diff1": 0.364218,
        "nauc_precision_at_100_max": 0.176583,
        "nauc_precision_at_100_std": 0.151016,
        "nauc_precision_at_100_diff1": 0.323866,
        "nauc_precision_at_1000_max": NaN,
        "nauc_precision_at_1000_std": NaN,
        "nauc_precision_at_1000_diff1": NaN,
        "nauc_mrr_at_1_max": 0.215749,
        "nauc_mrr_at_1_std": 0.162897,
        "nauc_mrr_at_1_diff1": 0.659088,
        "nauc_mrr_at_3_max": 0.208603,
        "nauc_mrr_at_3_std": 0.159373,
        "nauc_mrr_at_3_diff1": 0.591932,
        "nauc_mrr_at_5_max": 0.206266,
        "nauc_mrr_at_5_std": 0.163907,
        "nauc_mrr_at_5_diff1": 0.57923,
        "nauc_mrr_at_10_max": 0.208788,
        "nauc_mrr_at_10_std": 0.168226,
        "nauc_mrr_at_10_diff1": 0.569364,
        "nauc_mrr_at_20_max": 0.208258,
        "nauc_mrr_at_20_std": 0.166745,
        "nauc_mrr_at_20_diff1": 0.567349,
        "nauc_mrr_at_100_max": 0.207424,
        "nauc_mrr_at_100_std": 0.16583,
        "nauc_mrr_at_100_diff1": 0.567558,
        "nauc_mrr_at_1000_max": 0.207481,
        "nauc_mrr_at_1000_std": 0.165945,
        "nauc_mrr_at_1000_diff1": 0.568049,
        "hit_rate_at_1": 0.235,
        "hit_rate_at_3": 0.336,
        "hit_rate_at_5": 0.387,
        "hit_rate_at_10": 0.468,
        "hit_rate_at_20": 0.543,
        "hit_rate_at_100": 0.758,
        "hit_rate_at_1000": 1.0,
        "main_score": 0.34066,
        "hf_subset": "default",
        "languages": [
          "eng-Latn"
        ],
        "mteb_version": "2.12.32"
      }
    ]
  },
  "evaluation_time": 896.7808299064636,
  "kg_co2_emissions": null,
  "date": null
}