{
  "dataset_revision": "303f40ef3d50918d3dc43577d33f2f7344ad72c1",
  "evaluation_time": 29.511555194854736,
  "kg_co2_emissions": null,
  "mteb_version": "1.12.27",
  "scores": {
    "test": [
      {
        "hf_subset": "default",
        "languages": [
          "eng-Latn"
        ],
        "main_score": 0.13002,
        "map_at_1": 0.07768,
        "map_at_10": 0.11085,
        "map_at_100": 0.11708,
        "map_at_1000": 0.11801,
        "map_at_20": 0.11364,
        "map_at_3": 0.09998,
        "map_at_5": 0.10621,
        "mrr_at_1": 0.07767624020887728,
        "mrr_at_10": 0.11085001450536701,
        "mrr_at_100": 0.11708255536380366,
        "mrr_at_1000": 0.11800674541118196,
        "mrr_at_20": 0.11364001288367645,
        "mrr_at_3": 0.09997824194952132,
        "mrr_at_5": 0.10621192341166233,
        "nauc_map_at_1000_diff1": 0.23283415401344795,
        "nauc_map_at_1000_max": 0.038906770701046714,
        "nauc_map_at_1000_std": -0.09243661772677271,
        "nauc_map_at_100_diff1": 0.2332525090813427,
        "nauc_map_at_100_max": 0.03939930858852763,
        "nauc_map_at_100_std": -0.0924869378100102,
        "nauc_map_at_10_diff1": 0.24112088133397727,
        "nauc_map_at_10_max": 0.04286401733317547,
        "nauc_map_at_10_std": -0.09427969923970402,
        "nauc_map_at_1_diff1": 0.30539598588079686,
        "nauc_map_at_1_max": 0.07548371051141017,
        "nauc_map_at_1_std": -0.10581571907614212,
        "nauc_map_at_20_diff1": 0.2357747256711011,
        "nauc_map_at_20_max": 0.041429514205903004,
        "nauc_map_at_20_std": -0.09474222349377864,
        "nauc_map_at_3_diff1": 0.2511873383008409,
        "nauc_map_at_3_max": 0.04607596476894402,
        "nauc_map_at_3_std": -0.09604222770888346,
        "nauc_map_at_5_diff1": 0.24107305526887898,
        "nauc_map_at_5_max": 0.040693562903826176,
        "nauc_map_at_5_std": -0.09760049728060077,
        "nauc_mrr_at_1000_diff1": 0.23283415401344795,
        "nauc_mrr_at_1000_max": 0.038906770701046714,
        "nauc_mrr_at_1000_std": -0.09243661772677271,
        "nauc_mrr_at_100_diff1": 0.2332525090813427,
        "nauc_mrr_at_100_max": 0.03939930858852763,
        "nauc_mrr_at_100_std": -0.0924869378100102,
        "nauc_mrr_at_10_diff1": 0.24112088133397727,
        "nauc_mrr_at_10_max": 0.04286401733317547,
        "nauc_mrr_at_10_std": -0.09427969923970402,
        "nauc_mrr_at_1_diff1": 0.30539598588079686,
        "nauc_mrr_at_1_max": 0.07548371051141017,
        "nauc_mrr_at_1_std": -0.10581571907614212,
        "nauc_mrr_at_20_diff1": 0.2357747256711011,
        "nauc_mrr_at_20_max": 0.041429514205903004,
        "nauc_mrr_at_20_std": -0.09474222349377864,
        "nauc_mrr_at_3_diff1": 0.2511873383008409,
        "nauc_mrr_at_3_max": 0.04607596476894402,
        "nauc_mrr_at_3_std": -0.09604222770888346,
        "nauc_mrr_at_5_diff1": 0.24107305526887898,
        "nauc_mrr_at_5_max": 0.040693562903826176,
        "nauc_mrr_at_5_std": -0.09760049728060077,
        "nauc_ndcg_at_1000_diff1": 0.18413806770329608,
        "nauc_ndcg_at_1000_max": 0.013879710155480063,
        "nauc_ndcg_at_1000_std": -0.07457770474379605,
        "nauc_ndcg_at_100_diff1": 0.19508672917835365,
        "nauc_ndcg_at_100_max": 0.02139974140324108,
        "nauc_ndcg_at_100_std": -0.07842419599188688,
        "nauc_ndcg_at_10_diff1": 0.22398544342460683,
        "nauc_ndcg_at_10_max": 0.035525595514593424,
        "nauc_ndcg_at_10_std": -0.08950856784124563,
        "nauc_ndcg_at_1_diff1": 0.30539598588079686,
        "nauc_ndcg_at_1_max": 0.07548371051141017,
        "nauc_ndcg_at_1_std": -0.10581571907614212,
        "nauc_ndcg_at_20_diff1": 0.20832200729137645,
        "nauc_ndcg_at_20_max": 0.03237380314749807,
        "nauc_ndcg_at_20_std": -0.0910303859811975,
        "nauc_ndcg_at_3_diff1": 0.23847026472999458,
        "nauc_ndcg_at_3_max": 0.03894881121442856,
        "nauc_ndcg_at_3_std": -0.09494417278595343,
        "nauc_ndcg_at_5_diff1": 0.22356526642820915,
        "nauc_ndcg_at_5_max": 0.030885587527608283,
        "nauc_ndcg_at_5_std": -0.0972259950347608,
        "nauc_precision_at_1000_diff1": 0.04102856543688387,
        "nauc_precision_at_1000_max": -0.06010684859937452,
        "nauc_precision_at_1000_std": -0.012808701848639704,
        "nauc_precision_at_100_diff1": 0.11686880205776945,
        "nauc_precision_at_100_max": -0.016682087783757377,
        "nauc_precision_at_100_std": -0.043710651663836204,
        "nauc_precision_at_10_diff1": 0.19095565721909924,
        "nauc_precision_at_10_max": 0.0221698613875822,
        "nauc_precision_at_10_std": -0.07843663353203316,
        "nauc_precision_at_1_diff1": 0.30539598588079686,
        "nauc_precision_at_1_max": 0.07548371051141017,
        "nauc_precision_at_1_std": -0.10581571907614212,
        "nauc_precision_at_20_diff1": 0.15222158399585092,
        "nauc_precision_at_20_max": 0.016375115430478537,
        "nauc_precision_at_20_std": -0.08332454407669274,
        "nauc_precision_at_3_diff1": 0.20888101059118638,
        "nauc_precision_at_3_max": 0.022302495877739692,
        "nauc_precision_at_3_std": -0.09272074602258967,
        "nauc_precision_at_5_diff1": 0.185474572676916,
        "nauc_precision_at_5_max": 0.009420810612028603,
        "nauc_precision_at_5_std": -0.09676867865154604,
        "nauc_recall_at_1000_diff1": 0.04102856543688448,
        "nauc_recall_at_1000_max": -0.06010684859937413,
        "nauc_recall_at_1000_std": -0.012808701848638776,
        "nauc_recall_at_100_diff1": 0.11686880205776908,
        "nauc_recall_at_100_max": -0.016682087783757786,
        "nauc_recall_at_100_std": -0.043710651663836524,
        "nauc_recall_at_10_diff1": 0.1909556572190992,
        "nauc_recall_at_10_max": 0.02216986138758238,
        "nauc_recall_at_10_std": -0.07843663353203315,
        "nauc_recall_at_1_diff1": 0.30539598588079686,
        "nauc_recall_at_1_max": 0.07548371051141017,
        "nauc_recall_at_1_std": -0.10581571907614212,
        "nauc_recall_at_20_diff1": 0.15222158399585076,
        "nauc_recall_at_20_max": 0.016375115430478482,
        "nauc_recall_at_20_std": -0.08332454407669287,
        "nauc_recall_at_3_diff1": 0.2088810105911864,
        "nauc_recall_at_3_max": 0.022302495877739775,
        "nauc_recall_at_3_std": -0.09272074602258962,
        "nauc_recall_at_5_diff1": 0.1854745726769159,
        "nauc_recall_at_5_max": 0.00942081061202838,
        "nauc_recall_at_5_std": -0.09676867865154623,
        "ndcg_at_1": 0.07768,
        "ndcg_at_10": 0.13002,
        "ndcg_at_100": 0.16629,
        "ndcg_at_1000": 0.19581,
        "ndcg_at_20": 0.14024,
        "ndcg_at_3": 0.10732,
        "ndcg_at_5": 0.11845,
        "precision_at_1": 0.07768,
        "precision_at_10": 0.01919,
        "precision_at_100": 0.00375,
        "precision_at_1000": 0.00062,
        "precision_at_20": 0.01162,
        "precision_at_3": 0.04286,
        "precision_at_5": 0.03107,
        "recall_at_1": 0.07768,
        "recall_at_10": 0.19191,
        "recall_at_100": 0.37533,
        "recall_at_1000": 0.6188,
        "recall_at_20": 0.23238,
        "recall_at_3": 0.12859,
        "recall_at_5": 0.15535
      }
    ]
  },
  "task_name": "AlphaNLI"
}