{
  "dataset_revision": "12ca3b695563788fead87a982ad1a068284413f4",
  "mteb_dataset_name": "CUADRevenueProfitSharingLegalBenchClassification",
  "mteb_version": "1.7.7",
  "test": {
    "accuracy": 0.8863049095607234,
    "accuracy_stderr": 1.1102230246251565e-16,
    "ap": 0.8595864143749674,
    "ap_stderr": 0.0,
    "evaluation_time": 134.96,
    "f1": 0.8860004418587526,
    "f1_stderr": 1.1102230246251565e-16,
    "main_score": 0.8863049095607234
  }
}