{
  "dataset_revision": "2e6fedf42c9c104e83dfd95c3a453721e683e244",
  "mteb_dataset_name": "CzechProductReviewSentimentClassification",
  "mteb_version": "1.8.3",
  "test": {
    "accuracy": 0.5072265625,
    "accuracy_stderr": 0.01652931199134515,
    "evaluation_time": 23.05,
    "f1": 0.49126066609980706,
    "f1_stderr": 0.02164691351691928,
    "main_score": 0.5072265625
  }
}