{
  "dataset_revision": "5d01e3f6a661d48e127ab5d7e3aaa0dc8331438a",
  "mteb_dataset_name": "DanFEVER",
  "mteb_version": "1.2.1.dev0",
  "train": {
    "evaluation_time": 36.33,
    "map_at_1": 0.2786,
    "map_at_10": 0.34915,
    "map_at_100": 0.35034,
    "map_at_1000": 0.35035,
    "map_at_3": 0.34068,
    "map_at_5": 0.34621,
    "mrr_at_1": 0.27868,
    "mrr_at_10": 0.34922,
    "mrr_at_100": 0.3504,
    "mrr_at_1000": 0.35041,
    "mrr_at_3": 0.34076,
    "mrr_at_5": 0.34627,
    "ndcg_at_1": 0.27868,
    "ndcg_at_10": 0.37678,
    "ndcg_at_100": 0.38184,
    "ndcg_at_1000": 0.382,
    "ndcg_at_3": 0.35993,
    "ndcg_at_5": 0.36986,
    "precision_at_1": 0.27868,
    "precision_at_10": 0.04605,
    "precision_at_100": 0.00483,
    "precision_at_1000": 0.00048,
    "precision_at_3": 0.13845,
    "precision_at_5": 0.0879,
    "recall_at_1": 0.2786,
    "recall_at_10": 0.46022,
    "recall_at_100": 0.48219,
    "recall_at_1000": 0.48329,
    "recall_at_3": 0.41527,
    "recall_at_5": 0.43928
  }
}