{
  "dataset_revision": "e44b2640e32fffe4b29de547b14e4d6efb01f2ad",
  "mteb_dataset_name": "EstQA",
  "mteb_version": "1.6.10",
  "test": {
    "evaluation_time": 82.83,
    "map_at_1": 0.14594,
    "map_at_10": 0.348,
    "map_at_100": 0.35575,
    "map_at_1000": 0.35577,
    "map_at_3": 0.26783,
    "map_at_5": 0.33358,
    "mrr_at_1": 0.15755,
    "mrr_at_10": 0.35828,
    "mrr_at_100": 0.3658,
    "mrr_at_1000": 0.36582,
    "mrr_at_3": 0.28109,
    "mrr_at_5": 0.34395,
    "ndcg_at_1": 0.14594,
    "ndcg_at_10": 0.46684,
    "ndcg_at_100": 0.5014,
    "ndcg_at_1000": 0.50164,
    "ndcg_at_3": 0.31159,
    "ndcg_at_5": 0.43132,
    "precision_at_1": 0.14594,
    "precision_at_10": 0.08441,
    "precision_at_100": 0.00998,
    "precision_at_1000": 0.001,
    "precision_at_3": 0.14649,
    "precision_at_5": 0.1466,
    "recall_at_1": 0.14594,
    "recall_at_10": 0.84411,
    "recall_at_100": 0.99834,
    "recall_at_1000": 1.0,
    "recall_at_3": 0.43947,
    "recall_at_5": 0.733
  }
}