{
  "dataset_revision": "99d6f921d9dd4d09116a6312deceb22c16529cfb",
  "mteb_dataset_name": "EstQA",
  "mteb_version": "1.6.10",
  "test": {
    "evaluation_time": 35.42,
    "map_at_1": 0.733,
    "map_at_10": 0.82146,
    "map_at_100": 0.8228,
    "map_at_1000": 0.8228,
    "map_at_20": 0.82273,
    "map_at_3": 0.80459,
    "map_at_5": 0.81628,
    "mrr_at_1": 0.733,
    "mrr_at_10": 0.82146,
    "mrr_at_100": 0.8228,
    "mrr_at_1000": 0.8228,
    "mrr_at_20": 0.82273,
    "mrr_at_3": 0.80459,
    "mrr_at_5": 0.81628,
    "ndcg_at_1": 0.733,
    "ndcg_at_10": 0.86034,
    "ndcg_at_100": 0.86532,
    "ndcg_at_1000": 0.86532,
    "ndcg_at_20": 0.86496,
    "ndcg_at_3": 0.82715,
    "ndcg_at_5": 0.84792,
    "precision_at_1": 0.733,
    "precision_at_10": 0.09801,
    "precision_at_100": 0.01,
    "precision_at_1000": 0.001,
    "precision_at_20": 0.04992,
    "precision_at_3": 0.2974,
    "precision_at_5": 0.18839,
    "recall_at_1": 0.733,
    "recall_at_10": 0.9801,
    "recall_at_100": 1.0,
    "recall_at_1000": 1.0,
    "recall_at_20": 0.99834,
    "recall_at_3": 0.89221,
    "recall_at_5": 0.94196
  }
}