{
  "dataset_revision": "d096f402fdc76886458c0cfb5dedc829bea2b935",
  "mteb_dataset_name": "FilipinoShopeeReviewsClassification",
  "mteb_version": "1.7.58",
  "test": {
    "accuracy": 0.335791015625,
    "accuracy_stderr": 0.024496005063450725,
    "evaluation_time": 4.45,
    "f1": 0.32046860152589846,
    "f1_stderr": 0.02309877466734575,
    "main_score": 0.335791015625
  },
  "validation": {
    "accuracy": 0.33779296875,
    "accuracy_stderr": 0.0267342791129198,
    "evaluation_time": 6.34,
    "f1": 0.32315488500253814,
    "f1_stderr": 0.024768921377316615,
    "main_score": 0.33779296875
  }
}