{
  "dataset_revision": "1484d06fe7af23030c7c977b12556108d1f67039",
  "mteb_dataset_name": "FinancialPhrasebankClassification",
  "mteb_version": "1.6.36",
  "train": {
    "accuracy": 0.7821996466431095,
    "accuracy_stderr": 0.04284062949049833,
    "evaluation_time": 15.64,
    "f1": 0.7480794581650183,
    "f1_stderr": 0.03780535553880725,
    "main_score": 0.7821996466431095
  }
}