{
  "dataset_revision": "218ce687943a0da435d6d62751a4ab216be6cd40",
  "mteb_dataset_name": "HindiDiscourseClassification",
  "mteb_version": "1.7.14",
  "train": {
    "accuracy": 0.394580078125,
    "accuracy_stderr": 0.03347234746154177,
    "evaluation_time": 6.03,
    "f1": 0.32526446425415323,
    "f1_stderr": 0.019650476318047193,
    "main_score": 0.394580078125
  }
}