{
  "dataset_revision": "16abc16bea9e38262a8a3a74fd71ce2da51a5c3b",
  "mteb_dataset_name": "IndicCrosslingualSTS",
  "mteb_version": "1.7.15",
  "test": {
    "en-as": {
      "cos_sim": {
        "pearson": 0.47555549489993254,
        "spearman": 0.4576670514187138
      },
      "euclidean": {
        "pearson": 0.46661486840777633,
        "spearman": 0.4576670514187138
      },
      "manhattan": {
        "pearson": 0.4603656994362554,
        "spearman": 0.44882988659171386
      }
    },
    "en-bn": {
      "cos_sim": {
        "pearson": 0.5373161163227228,
        "spearman": 0.5482828600428461
      },
      "euclidean": {
        "pearson": 0.5209027161136183,
        "spearman": 0.5482828600428461
      },
      "manhattan": {
        "pearson": 0.5216392960655964,
        "spearman": 0.5463201969114684
      }
    },
    "en-gu": {
      "cos_sim": {
        "pearson": 0.49292981540590064,
        "spearman": 0.5195144255851953
      },
      "euclidean": {
        "pearson": 0.49078110147353876,
        "spearman": 0.5195144255851953
      },
      "manhattan": {
        "pearson": 0.48258082887043946,
        "spearman": 0.51158171573939
      }
    },
    "en-hi": {
      "cos_sim": {
        "pearson": 0.6378705358195362,
        "spearman": 0.644707977928238
      },
      "euclidean": {
        "pearson": 0.6199983014282475,
        "spearman": 0.644707977928238
      },
      "manhattan": {
        "pearson": 0.6148348771501904,
        "spearman": 0.6343584330238747
      }
    },
    "en-kn": {
      "cos_sim": {
        "pearson": 0.5677754956742882,
        "spearman": 0.5620861501733149
      },
      "euclidean": {
        "pearson": 0.5275190534412112,
        "spearman": 0.5620861501733149
      },
      "manhattan": {
        "pearson": 0.5310702474583724,
        "spearman": 0.5607695921081409
      }
    },
    "en-ml": {
      "cos_sim": {
        "pearson": 0.5515655939071619,
        "spearman": 0.5831765071447772
      },
      "euclidean": {
        "pearson": 0.553434510164889,
        "spearman": 0.5831765071447772
      },
      "manhattan": {
        "pearson": 0.5541340488641183,
        "spearman": 0.5770287985150414
      }
    },
    "en-mr": {
      "cos_sim": {
        "pearson": 0.4488195142274059,
        "spearman": 0.44069492362689155
      },
      "euclidean": {
        "pearson": 0.43461433557514006,
        "spearman": 0.4406948448232889
      },
      "manhattan": {
        "pearson": 0.4343562798051149,
        "spearman": 0.439004147346604
      }
    },
    "en-or": {
      "cos_sim": {
        "pearson": 0.07827341866265802,
        "spearman": 0.13091202976340055
      },
      "euclidean": {
        "pearson": 0.08216597605128603,
        "spearman": 0.13091202976340055
      },
      "manhattan": {
        "pearson": 0.08004519439482959,
        "spearman": 0.13397566048836274
      }
    },
    "en-pa": {
      "cos_sim": {
        "pearson": 0.5415264655963459,
        "spearman": 0.5169130851062151
      },
      "euclidean": {
        "pearson": 0.5336581084547132,
        "spearman": 0.5169130851062151
      },
      "manhattan": {
        "pearson": 0.5287421574559961,
        "spearman": 0.5122154010586134
      }
    },
    "en-ta": {
      "cos_sim": {
        "pearson": 0.48112639105157445,
        "spearman": 0.5020988459087952
      },
      "euclidean": {
        "pearson": 0.47002156849941895,
        "spearman": 0.5020988459087952
      },
      "manhattan": {
        "pearson": 0.4709852200774878,
        "spearman": 0.5042777203929921
      }
    },
    "en-te": {
      "cos_sim": {
        "pearson": 0.43500374615692305,
        "spearman": 0.4544249544537326
      },
      "euclidean": {
        "pearson": 0.42175556833077615,
        "spearman": 0.4544249544537326
      },
      "manhattan": {
        "pearson": 0.40947219839108917,
        "spearman": 0.4459731456040252
      }
    },
    "en-ur": {
      "cos_sim": {
        "pearson": 0.1407411406292167,
        "spearman": 0.1513164422185654
      },
      "euclidean": {
        "pearson": 0.14318011150983007,
        "spearman": 0.1513164422185654
      },
      "manhattan": {
        "pearson": 0.1456973138190262,
        "spearman": 0.14856313516465242
      }
    },
    "evaluation_time": 4.53
  }
}