{
  "dataset_revision": "c18a4f81a47ae6fa079fe9d32db288ddde38451d",
  "mteb_dataset_name": "IWSLT2017BitextMining",
  "mteb_version": "1.9.0",
  "validation": {
    "ar-en": {
      "accuracy": 0.954954954954955,
      "f1": 0.9456081081081081,
      "main_score": 0.9456081081081081,
      "precision": 0.9413788788788789,
      "recall": 0.954954954954955
    },
    "de-en": {
      "accuracy": 0.9808558558558559,
      "f1": 0.9769769769769769,
      "main_score": 0.9769769769769769,
      "precision": 0.975365990990991,
      "recall": 0.9808558558558559
    },
    "en-ar": {
      "accuracy": 0.9493243243243243,
      "f1": 0.9372184684684685,
      "main_score": 0.9372184684684685,
      "precision": 0.9316548691548692,
      "recall": 0.9493243243243243
    },
    "en-de": {
      "accuracy": 0.9707207207207207,
      "f1": 0.9639810264810265,
      "main_score": 0.9639810264810265,
      "precision": 0.9610735735735736,
      "recall": 0.9707207207207207
    },
    "en-fr": {
      "accuracy": 0.9719101123595506,
      "f1": 0.9657473612529792,
      "main_score": 0.9657473612529792,
      "precision": 0.9630337078651686,
      "recall": 0.9719101123595506
    },
    "en-it": {
      "accuracy": 0.961248654467169,
      "f1": 0.9519359363277555,
      "main_score": 0.9519359363277555,
      "precision": 0.9479009687836384,
      "recall": 0.961248654467169
    },
    "en-ja": {
      "accuracy": 0.7738231917336394,
      "f1": 0.7231954612551628,
      "main_score": 0.7231954612551628,
      "precision": 0.7038762232792084,
      "recall": 0.7738231917336394
    },
    "en-ko": {
      "accuracy": 0.7667804323094426,
      "f1": 0.7217129855355112,
      "main_score": 0.7217129855355112,
      "precision": 0.7031877362935384,
      "recall": 0.7667804323094426
    },
    "en-nl": {
      "accuracy": 0.9292123629112662,
      "f1": 0.9106679960119641,
      "main_score": 0.9106679960119641,
      "precision": 0.9022432701894317,
      "recall": 0.9292123629112662
    },
    "en-ro": {
      "accuracy": 0.9682713347921226,
      "f1": 0.9597217880587684,
      "main_score": 0.9597217880587684,
      "precision": 0.9559628008752735,
      "recall": 0.9682713347921226
    },
    "en-zh": {
      "accuracy": 0.8304891922639362,
      "f1": 0.7928543773253671,
      "main_score": 0.7928543773253671,
      "precision": 0.7775990031962728,
      "recall": 0.8304891922639362
    },
    "evaluation_time": 1228.14,
    "fr-en": {
      "accuracy": 0.9674157303370786,
      "f1": 0.9594970572498662,
      "main_score": 0.9594970572498662,
      "precision": 0.9562172284644195,
      "recall": 0.9674157303370786
    },
    "it-en": {
      "accuracy": 0.9709364908503767,
      "f1": 0.9628120354708084,
      "main_score": 0.9628120354708084,
      "precision": 0.9590958019375673,
      "recall": 0.9709364908503767
    },
    "it-nl": {
      "accuracy": 0.9020979020979021,
      "f1": 0.8783740069454354,
      "main_score": 0.8783740069454354,
      "precision": 0.8677988677988677,
      "recall": 0.9020979020979021
    },
    "it-ro": {
      "accuracy": 0.9562363238512035,
      "f1": 0.9461159737417943,
      "main_score": 0.9461159737417943,
      "precision": 0.9416223819943732,
      "recall": 0.9562363238512035
    },
    "ja-en": {
      "accuracy": 0.8610792192881745,
      "f1": 0.8338782279080784,
      "main_score": 0.8338782279080784,
      "precision": 0.8222254114045159,
      "recall": 0.8610792192881745
    },
    "ko-en": {
      "accuracy": 0.8065984072810012,
      "f1": 0.7696245733788396,
      "main_score": 0.7696245733788396,
      "precision": 0.7538301099734547,
      "recall": 0.8065984072810012
    },
    "nl-en": {
      "accuracy": 0.9441674975074775,
      "f1": 0.9301761382519109,
      "main_score": 0.9301761382519109,
      "precision": 0.9240943835161183,
      "recall": 0.9441674975074775
    },
    "nl-it": {
      "accuracy": 0.9000999000999002,
      "f1": 0.8740759240759242,
      "main_score": 0.8740759240759242,
      "precision": 0.862530326816041,
      "recall": 0.9000999000999002
    },
    "nl-ro": {
      "accuracy": 0.8970427163198248,
      "f1": 0.872289156626506,
      "main_score": 0.872289156626506,
      "precision": 0.8608068638189121,
      "recall": 0.8970427163198248
    },
    "ro-en": {
      "accuracy": 0.9693654266958425,
      "f1": 0.962253829321663,
      "main_score": 0.962253829321663,
      "precision": 0.9590080233406273,
      "recall": 0.9693654266958425
    },
    "ro-it": {
      "accuracy": 0.949671772428884,
      "f1": 0.9364905699697822,
      "main_score": 0.9364905699697822,
      "precision": 0.9305616338439096,
      "recall": 0.949671772428884
    },
    "ro-nl": {
      "accuracy": 0.8904709748083242,
      "f1": 0.864512595837897,
      "main_score": 0.864512595837897,
      "precision": 0.8529025191675794,
      "recall": 0.8904709748083242
    },
    "zh-en": {
      "accuracy": 0.8612059158134243,
      "f1": 0.8284251584592882,
      "main_score": 0.8284251584592882,
      "precision": 0.8144103147516115,
      "recall": 0.8612059158134243
    }
  }
}