{
  "dataset_revision": "12ca3b695563788fead87a982ad1a068284413f4",
  "mteb_dataset_name": "LearnedHandsDomesticViolenceLegalBenchClassification",
  "mteb_version": "1.7.7",
  "test": {
    "accuracy": 0.7931034482758621,
    "accuracy_stderr": 0.0,
    "ap": 0.7236046924991113,
    "ap_stderr": 0.0,
    "evaluation_time": 123.28,
    "f1": 0.7924178154825026,
    "f1_stderr": 0.0,
    "main_score": 0.7931034482758621
  }
}