{
  "dataset_revision": "6e346642246bfb4928c560ee08640dc84d074e8c",
  "mteb_dataset_name": "LEMBSummScreenFDRetrieval",
  "mteb_version": "1.6.11",
  "validation": {
    "evaluation_time": 5.16,
    "map_at_1": 0.48512,
    "map_at_10": 0.60025,
    "map_at_100": 0.60678,
    "map_at_1000": 0.60692,
    "map_at_20": 0.60473,
    "map_at_3": 0.5744,
    "map_at_5": 0.58973,
    "mrr_at_1": 0.48512,
    "mrr_at_10": 0.60025,
    "mrr_at_100": 0.60678,
    "mrr_at_1000": 0.60692,
    "mrr_at_20": 0.60473,
    "mrr_at_3": 0.5744,
    "mrr_at_5": 0.58973,
    "ndcg_at_1": 0.48512,
    "ndcg_at_10": 0.65772,
    "ndcg_at_100": 0.68776,
    "ndcg_at_1000": 0.69095,
    "ndcg_at_20": 0.6737,
    "ndcg_at_3": 0.60346,
    "ndcg_at_5": 0.63137,
    "precision_at_1": 0.48512,
    "precision_at_10": 0.08393,
    "precision_at_100": 0.00976,
    "precision_at_1000": 0.001,
    "precision_at_20": 0.04509,
    "precision_at_3": 0.22917,
    "precision_at_5": 0.15119,
    "recall_at_1": 0.48512,
    "recall_at_10": 0.83929,
    "recall_at_100": 0.97619,
    "recall_at_1000": 1.0,
    "recall_at_20": 0.90179,
    "recall_at_3": 0.6875,
    "recall_at_5": 0.75595
  }
}