{
  "dataset_revision": "ae763399273d8b20506b80cf6f6f9a31a6a2b238",
  "mteb_dataset_name": "MedicalQARetrieval",
  "mteb_version": "1.5.4",
  "test": {
    "evaluation_time": 29.86,
    "map_at_1": 0.43896,
    "map_at_10": 0.56803,
    "map_at_100": 0.57388,
    "map_at_1000": 0.5741,
    "map_at_3": 0.54167,
    "map_at_5": 0.55658,
    "mrr_at_1": 0.43896,
    "mrr_at_10": 0.56815,
    "mrr_at_100": 0.57401,
    "mrr_at_1000": 0.57423,
    "mrr_at_3": 0.54191,
    "mrr_at_5": 0.55671,
    "ndcg_at_1": 0.43896,
    "ndcg_at_10": 0.62856,
    "ndcg_at_100": 0.65666,
    "ndcg_at_1000": 0.66229,
    "ndcg_at_3": 0.57453,
    "ndcg_at_5": 0.60145,
    "precision_at_1": 0.43896,
    "precision_at_10": 0.08174,
    "precision_at_100": 0.00948,
    "precision_at_1000": 0.00099,
    "precision_at_3": 0.22314,
    "precision_at_5": 0.14697,
    "recall_at_1": 0.43896,
    "recall_at_10": 0.81738,
    "recall_at_100": 0.94824,
    "recall_at_1000": 0.99219,
    "recall_at_3": 0.66943,
    "recall_at_5": 0.73486
  }
}