{
  "dataset_revision": "12ca3b695563788fead87a982ad1a068284413f4",
  "mteb_dataset_name": "OPP115UserAccessEditAndDeletionLegalBenchClassification",
  "mteb_version": "1.7.7",
  "test": {
    "accuracy": 0.6688311688311688,
    "accuracy_stderr": 0.0,
    "ap": 0.6384569720576136,
    "ap_stderr": 0.0,
    "evaluation_time": 35.3,
    "f1": 0.6522094241868108,
    "f1_stderr": 0.0,
    "main_score": 0.6688311688311688
  }
}