{
  "dataset_revision": "12ca3b695563788fead87a982ad1a068284413f4",
  "mteb_dataset_name": "OPP115UserChoiceControlLegalBenchClassification",
  "mteb_version": "1.7.7",
  "test": {
    "accuracy": 0.7490297542043984,
    "accuracy_stderr": 0.0,
    "ap": 0.6795364612514945,
    "ap_stderr": 0.0,
    "evaluation_time": 88.62,
    "f1": 0.7476088291972769,
    "f1_stderr": 0.0,
    "main_score": 0.7490297542043984
  }
}