{
  "dataset_revision": "12ca3b695563788fead87a982ad1a068284413f4",
  "mteb_dataset_name": "OPP115DataSecurityLegalBenchClassification",
  "mteb_version": "1.7.7",
  "test": {
    "accuracy": 0.6799100449775113,
    "accuracy_stderr": 0.0,
    "ap": 0.6684028588244878,
    "ap_stderr": 1.1102230246251565e-16,
    "evaluation_time": 121.29,
    "f1": 0.6514808231792193,
    "f1_stderr": 0.0,
    "main_score": 0.6799100449775113
  }
}