{
  "dataset_revision": "12ca3b695563788fead87a982ad1a068284413f4",
  "mteb_dataset_name": "OverrulingLegalBenchClassification",
  "mteb_version": "1.7.7",
  "test": {
    "accuracy": 0.79345703125,
    "accuracy_stderr": 0.0,
    "ap": 0.746257824166095,
    "ap_stderr": 1.1102230246251565e-16,
    "evaluation_time": 162.92,
    "f1": 0.7933079616031286,
    "f1_stderr": 1.1102230246251565e-16,
    "main_score": 0.79345703125
  }
}