{
  "dataset_revision": "92ba517dfd22f6334111ad84154d16a2890f5b1d",
  "mteb_dataset_name": "PersianFoodSentimentClassification",
  "mteb_version": "1.6.8",
  "test": {
    "accuracy": 0.754157142857143,
    "accuracy_stderr": 0.02678870078588953,
    "ap": 0.6996761337233558,
    "ap_stderr": 0.030817672824351335,
    "evaluation_time": 257.99,
    "f1": 0.7516360065660039,
    "f1_stderr": 0.028930872253797677,
    "main_score": 0.754157142857143
  }
}