{
  "dataset_revision": "92ba517dfd22f6334111ad84154d16a2890f5b1d",
  "mteb_dataset_name": "PersianFoodSentimentClassification",
  "mteb_version": "1.7.13",
  "test": {
    "accuracy": 0.743701171875,
    "accuracy_stderr": 0.027541356633721408,
    "ap": 0.6905292631479201,
    "ap_stderr": 0.02991974545843889,
    "evaluation_time": 7.49,
    "f1": 0.740601460820036,
    "f1_stderr": 0.029892432663399013,
    "main_score": 0.743701171875
  },
  "validation": {
    "accuracy": 0.753564453125,
    "accuracy_stderr": 0.032625848225642,
    "ap": 0.7008866195287176,
    "ap_stderr": 0.034855399642854494,
    "evaluation_time": 8.44,
    "f1": 0.7510130825181032,
    "f1_stderr": 0.03460891571546719,
    "main_score": 0.753564453125
  }
}