{
  "dataset_revision": "bb30be7e9184e6b6b1d99bbfe1bb90a3a81842e6",
  "evaluation_time": 9.002334356307983,
  "kg_co2_emissions": null,
  "mteb_version": "1.12.27",
  "scores": {
    "test": [
      {
        "hf_subset": "default",
        "languages": [
          "eng-Latn"
        ],
        "main_score": 0.21081,
        "map_at_1": 0.10229,
        "map_at_10": 0.17501,
        "map_at_100": 0.18264,
        "map_at_1000": 0.18327,
        "map_at_20": 0.17926,
        "map_at_3": 0.15742,
        "map_at_5": 0.16737,
        "mrr_at_1": 0.10228509249183895,
        "mrr_at_10": 0.17501187453581343,
        "mrr_at_100": 0.18263963472290945,
        "mrr_at_1000": 0.1832720419948881,
        "mrr_at_20": 0.17926419241798108,
        "mrr_at_3": 0.15741748277112805,
        "mrr_at_5": 0.16737395719985482,
        "nauc_map_at_1000_diff1": 0.0521291714248459,
        "nauc_map_at_1000_max": 0.3597846425814511,
        "nauc_map_at_1000_std": -0.03937365082014574,
        "nauc_map_at_100_diff1": 0.052186504661738665,
        "nauc_map_at_100_max": 0.3599835028407457,
        "nauc_map_at_100_std": -0.0390526486560253,
        "nauc_map_at_10_diff1": 0.05385537799207987,
        "nauc_map_at_10_max": 0.35994473214385325,
        "nauc_map_at_10_std": -0.039665440095979804,
        "nauc_map_at_1_diff1": 0.11421837995865135,
        "nauc_map_at_1_max": 0.35016686656387896,
        "nauc_map_at_1_std": -0.06403364693460745,
        "nauc_map_at_20_diff1": 0.05285791823813618,
        "nauc_map_at_20_max": 0.35995788325752376,
        "nauc_map_at_20_std": -0.04029378522129769,
        "nauc_map_at_3_diff1": 0.06377808666624216,
        "nauc_map_at_3_max": 0.36882514381344633,
        "nauc_map_at_3_std": -0.045473601663403744,
        "nauc_map_at_5_diff1": 0.055570169367451724,
        "nauc_map_at_5_max": 0.36405741899330146,
        "nauc_map_at_5_std": -0.04284339736172858,
        "nauc_mrr_at_1000_diff1": 0.0521291714248459,
        "nauc_mrr_at_1000_max": 0.3597846425814511,
        "nauc_mrr_at_1000_std": -0.03937365082014574,
        "nauc_mrr_at_100_diff1": 0.052186504661738665,
        "nauc_mrr_at_100_max": 0.3599835028407457,
        "nauc_mrr_at_100_std": -0.0390526486560253,
        "nauc_mrr_at_10_diff1": 0.05385537799207987,
        "nauc_mrr_at_10_max": 0.35994473214385325,
        "nauc_mrr_at_10_std": -0.039665440095979804,
        "nauc_mrr_at_1_diff1": 0.11421837995865135,
        "nauc_mrr_at_1_max": 0.35016686656387896,
        "nauc_mrr_at_1_std": -0.06403364693460745,
        "nauc_mrr_at_20_diff1": 0.05285791823813618,
        "nauc_mrr_at_20_max": 0.35995788325752376,
        "nauc_mrr_at_20_std": -0.04029378522129769,
        "nauc_mrr_at_3_diff1": 0.06377808666624216,
        "nauc_mrr_at_3_max": 0.36882514381344633,
        "nauc_mrr_at_3_std": -0.045473601663403744,
        "nauc_mrr_at_5_diff1": 0.055570169367451724,
        "nauc_mrr_at_5_max": 0.36405741899330146,
        "nauc_mrr_at_5_std": -0.04284339736172858,
        "nauc_ndcg_at_1000_diff1": 0.029357294015558408,
        "nauc_ndcg_at_1000_max": 0.3481336761501595,
        "nauc_ndcg_at_1000_std": -0.029411110234175013,
        "nauc_ndcg_at_100_diff1": 0.0337248032740033,
        "nauc_ndcg_at_100_max": 0.35260684953497107,
        "nauc_ndcg_at_100_std": -0.023181360206798358,
        "nauc_ndcg_at_10_diff1": 0.03852002050982571,
        "nauc_ndcg_at_10_max": 0.3534467212169225,
        "nauc_ndcg_at_10_std": -0.027191902448831757,
        "nauc_ndcg_at_1_diff1": 0.11421837995865135,
        "nauc_ndcg_at_1_max": 0.35016686656387896,
        "nauc_ndcg_at_1_std": -0.06403364693460745,
        "nauc_ndcg_at_20_diff1": 0.03506409517397151,
        "nauc_ndcg_at_20_max": 0.35267737320804593,
        "nauc_ndcg_at_20_std": -0.029205919627075163,
        "nauc_ndcg_at_3_diff1": 0.05509950877288419,
        "nauc_ndcg_at_3_max": 0.3705608293354732,
        "nauc_ndcg_at_3_std": -0.03835775927276326,
        "nauc_ndcg_at_5_diff1": 0.042124394135025764,
        "nauc_ndcg_at_5_max": 0.3624856924010272,
        "nauc_ndcg_at_5_std": -0.03383234245906233,
        "nauc_precision_at_1000_diff1": -0.05652083279156618,
        "nauc_precision_at_1000_max": 0.2915791715149402,
        "nauc_precision_at_1000_std": -0.016294795360840067,
        "nauc_precision_at_100_diff1": -0.006384056515247897,
        "nauc_precision_at_100_max": 0.3312391091133401,
        "nauc_precision_at_100_std": 0.017484932258079813,
        "nauc_precision_at_10_diff1": 0.005690462033592721,
        "nauc_precision_at_10_max": 0.33612566712197006,
        "nauc_precision_at_10_std": 0.001190952983624605,
        "nauc_precision_at_1_diff1": 0.11421837995865135,
        "nauc_precision_at_1_max": 0.35016686656387896,
        "nauc_precision_at_1_std": -0.06403364693460745,
        "nauc_precision_at_20_diff1": -0.0042476122193588275,
        "nauc_precision_at_20_max": 0.332979753883932,
        "nauc_precision_at_20_std": -0.005390493945138951,
        "nauc_precision_at_3_diff1": 0.0362525946205781,
        "nauc_precision_at_3_max": 0.3738318925324718,
        "nauc_precision_at_3_std": -0.021579199463106748,
        "nauc_precision_at_5_diff1": 0.012806909485853217,
        "nauc_precision_at_5_max": 0.35758242010697283,
        "nauc_precision_at_5_std": -0.013166711906271462,
        "nauc_recall_at_1000_diff1": -0.05652083279156539,
        "nauc_recall_at_1000_max": 0.29157917151494117,
        "nauc_recall_at_1000_std": -0.01629479536083896,
        "nauc_recall_at_100_diff1": -0.006384056515248536,
        "nauc_recall_at_100_max": 0.33123910911333976,
        "nauc_recall_at_100_std": 0.017484932258079722,
        "nauc_recall_at_10_diff1": 0.005690462033592486,
        "nauc_recall_at_10_max": 0.33612566712196995,
        "nauc_recall_at_10_std": 0.0011909529836245346,
        "nauc_recall_at_1_diff1": 0.11421837995865135,
        "nauc_recall_at_1_max": 0.35016686656387896,
        "nauc_recall_at_1_std": -0.06403364693460745,
        "nauc_recall_at_20_diff1": -0.004247612219358872,
        "nauc_recall_at_20_max": 0.3329797538839321,
        "nauc_recall_at_20_std": -0.00539049394513895,
        "nauc_recall_at_3_diff1": 0.03625259462057816,
        "nauc_recall_at_3_max": 0.373831892532472,
        "nauc_recall_at_3_std": -0.021579199463106696,
        "nauc_recall_at_5_diff1": 0.012806909485853208,
        "nauc_recall_at_5_max": 0.3575824201069726,
        "nauc_recall_at_5_std": -0.013166711906271653,
        "ndcg_at_1": 0.10229,
        "ndcg_at_10": 0.21081,
        "ndcg_at_100": 0.25097,
        "ndcg_at_1000": 0.27068,
        "ndcg_at_20": 0.22597,
        "ndcg_at_3": 0.17449,
        "ndcg_at_5": 0.19242,
        "precision_at_1": 0.10229,
        "precision_at_10": 0.03237,
        "precision_at_100": 0.00519,
        "precision_at_1000": 0.00068,
        "precision_at_20": 0.01915,
        "precision_at_3": 0.07454,
        "precision_at_5": 0.05343,
        "recall_at_1": 0.10229,
        "recall_at_10": 0.32372,
        "recall_at_100": 0.51904,
        "recall_at_1000": 0.68063,
        "recall_at_20": 0.38303,
        "recall_at_3": 0.22361,
        "recall_at_5": 0.26714
      }
    ]
  },
  "task_name": "PIQA"
}