{
  "dataset_revision": "cec3923e16519efe51d535497e711932b8f1dc44",
  "mteb_dataset_name": "PunjabiNewsClassification",
  "mteb_version": "1.7.5",
  "test": {
    "accuracy": 0.7885350318471338,
    "accuracy_stderr": 0.043180767532938334,
    "ap": 0.37228931335833687,
    "ap_stderr": 0.0445161013361757,
    "evaluation_time": 97.0,
    "f1": 0.706280858200589,
    "f1_stderr": 0.038181956540165145,
    "main_score": 0.7885350318471338
  }
}