{
  "dataset_revision": "82374b0bbacda6114f39ff9c5b925fa1512ca5d7",
  "evaluation_time": 1019.5961062908173,
  "kg_co2_emissions": null,
  "mteb_version": "1.11.6",
  "scores": {
    "test": [
      {
        "hf_subset": "default",
        "languages": [
          "rus-Cyrl"
        ],
        "main_score": 0.66664,
        "map_at_1": 0.5157,
        "map_at_10": 0.61824,
        "map_at_100": 0.62344,
        "map_at_1000": 0.62361,
        "map_at_20": 0.62147,
        "map_at_3": 0.59615,
        "map_at_5": 0.6102,
        "mrr_at_1": 0.5157,
        "mrr_at_10": 0.61824,
        "mrr_at_100": 0.62343,
        "mrr_at_1000": 0.6236,
        "mrr_at_20": 0.62147,
        "mrr_at_3": 0.59615,
        "mrr_at_5": 0.61018,
        "ndcg_at_1": 0.5157,
        "ndcg_at_10": 0.66664,
        "ndcg_at_100": 0.6921,
        "ndcg_at_1000": 0.69676,
        "ndcg_at_20": 0.67824,
        "ndcg_at_3": 0.622,
        "ndcg_at_5": 0.64727,
        "precision_at_1": 0.5157,
        "precision_at_10": 0.08176,
        "precision_at_100": 0.00937,
        "precision_at_1000": 0.00097,
        "precision_at_20": 0.04316,
        "precision_at_3": 0.23223,
        "precision_at_5": 0.15158,
        "recall_at_1": 0.5157,
        "recall_at_10": 0.8176,
        "recall_at_100": 0.937,
        "recall_at_1000": 0.9739,
        "recall_at_20": 0.8631,
        "recall_at_3": 0.6967,
        "recall_at_5": 0.7579
      }
    ]
  },
  "task_name": "RiaNewsRetrieval"
}