{
  "dataset_revision": "d94f96ca5a6798e20f5a77e566f7a288dc6138d7",
  "mteb_dataset_name": "RTE3",
  "mteb_version": "1.8.9",
  "test": {
    "de": {
      "cos_sim": {
        "accuracy": 0.8523908523908524,
        "accuracy_threshold": 0.8304972648620605,
        "ap": 0.8571786467898017,
        "f1": 0.9199549041713643,
        "f1_threshold": 0.8304972648620605,
        "precision": 0.8535564853556485,
        "recall": 0.9975550122249389
      },
      "dot": {
        "accuracy": 0.8523908523908524,
        "accuracy_threshold": 0.8304972648620605,
        "ap": 0.8571801284808419,
        "f1": 0.9199549041713643,
        "f1_threshold": 0.8304972648620605,
        "precision": 0.8535564853556485,
        "recall": 0.9975550122249389
      },
      "euclidean": {
        "accuracy": 0.8523908523908524,
        "accuracy_threshold": 0.5822412371635437,
        "ap": 0.8571786467898017,
        "f1": 0.9199549041713643,
        "f1_threshold": 0.5822412371635437,
        "precision": 0.8535564853556485,
        "recall": 0.9975550122249389
      },
      "manhattan": {
        "accuracy": 0.8523908523908524,
        "accuracy_threshold": 9.108530044555664,
        "ap": 0.8565797739659854,
        "f1": 0.9199549041713643,
        "f1_threshold": 9.108530044555664,
        "precision": 0.8535564853556485,
        "recall": 0.9975550122249389
      },
      "max": {
        "accuracy": 0.8523908523908524,
        "ap": 0.8571801284808419,
        "f1": 0.9199549041713643
      }
    },
    "en": {
      "cos_sim": {
        "accuracy": 0.8506224066390041,
        "accuracy_threshold": 0.8197221755981445,
        "ap": 0.8750641876685424,
        "f1": 0.918918918918919,
        "f1_threshold": 0.8197221755981445,
        "precision": 0.8535564853556485,
        "recall": 0.9951219512195122
      },
      "dot": {
        "accuracy": 0.8506224066390041,
        "accuracy_threshold": 0.8197222948074341,
        "ap": 0.8750641876685424,
        "f1": 0.918918918918919,
        "f1_threshold": 0.8197222948074341,
        "precision": 0.8535564853556485,
        "recall": 0.9951219512195122
      },
      "euclidean": {
        "accuracy": 0.8506224066390041,
        "accuracy_threshold": 0.6004619002342224,
        "ap": 0.8750641876685424,
        "f1": 0.918918918918919,
        "f1_threshold": 0.6004619002342224,
        "precision": 0.8535564853556485,
        "recall": 0.9951219512195122
      },
      "manhattan": {
        "accuracy": 0.8506224066390041,
        "accuracy_threshold": 9.566728591918945,
        "ap": 0.8737611703425265,
        "f1": 0.9191011235955056,
        "f1_threshold": 9.631303787231445,
        "precision": 0.8520833333333333,
        "recall": 0.9975609756097561
      },
      "max": {
        "accuracy": 0.8506224066390041,
        "ap": 0.8750641876685424,
        "f1": 0.9191011235955056
      }
    },
    "evaluation_time": 17.67,
    "fr": {
      "cos_sim": {
        "accuracy": 0.8464730290456431,
        "accuracy_threshold": 0.8258337378501892,
        "ap": 0.8645894920216994,
        "f1": 0.9168539325842697,
        "f1_threshold": 0.8258337378501892,
        "precision": 0.8482328482328483,
        "recall": 0.9975550122249389
      },
      "dot": {
        "accuracy": 0.8464730290456431,
        "accuracy_threshold": 0.8258337378501892,
        "ap": 0.8645894920216994,
        "f1": 0.9168539325842697,
        "f1_threshold": 0.8258337378501892,
        "precision": 0.8482328482328483,
        "recall": 0.9975550122249389
      },
      "euclidean": {
        "accuracy": 0.8464730290456431,
        "accuracy_threshold": 0.5900695323944092,
        "ap": 0.8645894920216994,
        "f1": 0.9168539325842697,
        "f1_threshold": 0.5900695323944092,
        "precision": 0.8482328482328483,
        "recall": 0.9975550122249389
      },
      "manhattan": {
        "accuracy": 0.8464730290456431,
        "accuracy_threshold": 9.36627197265625,
        "ap": 0.8637727276003061,
        "f1": 0.9168539325842697,
        "f1_threshold": 9.36627197265625,
        "precision": 0.8482328482328483,
        "recall": 0.9975550122249389
      },
      "max": {
        "accuracy": 0.8464730290456431,
        "ap": 0.8645894920216994,
        "f1": 0.9168539325842697
      }
    },
    "it": {
      "cos_sim": {
        "accuracy": 0.8472803347280334,
        "accuracy_threshold": 0.823626697063446,
        "ap": 0.8662674567894353,
        "f1": 0.9173272933182333,
        "f1_threshold": 0.8021164536476135,
        "precision": 0.8490566037735849,
        "recall": 0.9975369458128078
      },
      "dot": {
        "accuracy": 0.8472803347280334,
        "accuracy_threshold": 0.823626697063446,
        "ap": 0.8662674567894353,
        "f1": 0.9173272933182333,
        "f1_threshold": 0.8021163940429688,
        "precision": 0.8490566037735849,
        "recall": 0.9975369458128078
      },
      "euclidean": {
        "accuracy": 0.8472803347280334,
        "accuracy_threshold": 0.5939216017723083,
        "ap": 0.8662674567894353,
        "f1": 0.9173272933182333,
        "f1_threshold": 0.628998875617981,
        "precision": 0.8490566037735849,
        "recall": 0.9975369458128078
      },
      "manhattan": {
        "accuracy": 0.8472803347280334,
        "accuracy_threshold": 9.426008224487305,
        "ap": 0.8657054022801534,
        "f1": 0.9173272933182333,
        "f1_threshold": 9.799895286560059,
        "precision": 0.8490566037735849,
        "recall": 0.9975369458128078
      },
      "max": {
        "accuracy": 0.8472803347280334,
        "ap": 0.8662674567894353,
        "f1": 0.9173272933182333
      }
    }
  },
  "validation": {
    "de": {
      "cos_sim": {
        "accuracy": 0.8172690763052208,
        "accuracy_threshold": 0.8178242444992065,
        "ap": 0.8330455830834398,
        "f1": 0.8994475138121548,
        "f1_threshold": 0.8142287731170654,
        "precision": 0.8189134808853119,
        "recall": 0.9975490196078431
      },
      "dot": {
        "accuracy": 0.8172690763052208,
        "accuracy_threshold": 0.8178243041038513,
        "ap": 0.8330455830834398,
        "f1": 0.8994475138121548,
        "f1_threshold": 0.8142288327217102,
        "precision": 0.8189134808853119,
        "recall": 0.9975490196078431
      },
      "euclidean": {
        "accuracy": 0.8172690763052208,
        "accuracy_threshold": 0.6036152839660645,
        "ap": 0.8330455830834398,
        "f1": 0.8994475138121548,
        "f1_threshold": 0.6095269918441772,
        "precision": 0.8189134808853119,
        "recall": 0.9975490196078431
      },
      "manhattan": {
        "accuracy": 0.8172690763052208,
        "accuracy_threshold": 9.58846378326416,
        "ap": 0.8346343002793251,
        "f1": 0.8994475138121548,
        "f1_threshold": 9.58846378326416,
        "precision": 0.8189134808853119,
        "recall": 0.9975490196078431
      },
      "max": {
        "accuracy": 0.8172690763052208,
        "ap": 0.8346343002793251,
        "f1": 0.8994475138121548
      }
    },
    "en": {
      "cos_sim": {
        "accuracy": 0.8203592814371258,
        "accuracy_threshold": 0.7939035296440125,
        "ap": 0.8584752195828584,
        "f1": 0.9013157894736842,
        "f1_threshold": 0.7939035296440125,
        "precision": 0.822,
        "recall": 0.9975728155339806
      },
      "dot": {
        "accuracy": 0.8203592814371258,
        "accuracy_threshold": 0.7939035892486572,
        "ap": 0.8584752195828584,
        "f1": 0.9013157894736842,
        "f1_threshold": 0.7939035892486572,
        "precision": 0.822,
        "recall": 0.9975728155339806
      },
      "euclidean": {
        "accuracy": 0.8203592814371258,
        "accuracy_threshold": 0.6419664025306702,
        "ap": 0.8584752195828584,
        "f1": 0.9013157894736842,
        "f1_threshold": 0.6419664025306702,
        "precision": 0.822,
        "recall": 0.9975728155339806
      },