{
  "dataset_revision": "12ca3b695563788fead87a982ad1a068284413f4",
  "mteb_dataset_name": "SCDDTrainingLegalBenchClassification",
  "mteb_version": "1.7.7",
  "test": {
    "accuracy": 0.5488126649076517,
    "accuracy_stderr": 0.0,
    "ap": 0.8874706279736728,
    "ap_stderr": 0.0,
    "evaluation_time": 523.04,
    "f1": 0.4751330207245076,
    "f1_stderr": 1.1102230246251565e-16,
    "main_score": 0.5488126649076517
  }
}