{
  "dataset_revision": "1beac1b941da76a9c51e3e5b39d230fde9a80983",
  "mteb_dataset_name": "SentimentAnalysisHindi",
  "mteb_version": "1.7.6",
  "train": {
    "accuracy": 0.658349609375,
    "accuracy_stderr": 0.03135666762270243,
    "evaluation_time": 56.65,
    "f1": 0.6426971210646177,
    "f1_stderr": 0.03236348018473202,
    "main_score": 0.6426971210646177
  }
}