{
  "dataset_revision": "0cdfb1d51ef339011c067688a3b75b82f927c097",
  "mteb_dataset_name": "SICK-BR-PC",
  "mteb_version": "1.9.0",
  "test": {
    "cos_sim": {
      "accuracy": 0.7955182072829131,
      "accuracy_threshold": 0.9965720176696777,
      "ap": 0.2592237835997991,
      "f1": 0.4155455904334828,
      "f1_threshold": 0.8855487704277039,
      "precision": 0.2652671755725191,
      "recall": 0.9586206896551724
    },
    "dot": {
      "accuracy": 0.7955182072829131,
      "accuracy_threshold": 0.9965718388557434,
      "ap": 0.2592237835997991,
      "f1": 0.4155455904334828,
      "f1_threshold": 0.8855488300323486,
      "precision": 0.2652671755725191,
      "recall": 0.9586206896551724
    },
    "euclidean": {
      "accuracy": 0.7955182072829131,
      "accuracy_threshold": 0.08255352824926376,
      "ap": 0.2592237835997991,
      "f1": 0.4155455904334828,
      "f1_threshold": 0.4784374237060547,
      "precision": 0.2652671755725191,
      "recall": 0.9586206896551724
    },
    "evaluation_time": 23.74,
    "manhattan": {
      "accuracy": 0.7955182072829131,
      "accuracy_threshold": 1.297989010810852,
      "ap": 0.25662572925346716,
      "f1": 0.4136904761904761,
      "f1_threshold": 7.450911521911621,
      "precision": 0.2637571157495256,
      "recall": 0.9586206896551724
    },
    "max": {
      "accuracy": 0.7955182072829131,
      "ap": 0.2592237835997991,
      "f1": 0.4155455904334828
    }
  }
}