{
  "dataset_revision": "13758bcf978613b249d0de4d0840f57815122bdf",
  "evaluation_time": 14.489166021347046,
  "kg_co2_emissions": null,
  "mteb_version": "1.12.27",
  "scores": {
    "test": [
      {
        "hf_subset": "default",
        "languages": [
          "eng-Latn"
        ],
        "main_score": 0.36763,
        "map_at_1": 0.1549,
        "map_at_10": 0.29106,
        "map_at_100": 0.3009,
        "map_at_1000": 0.30145,
        "map_at_20": 0.29713,
        "map_at_3": 0.24748,
        "map_at_5": 0.274,
        "mrr_at_1": 0.15490087085417825,
        "mrr_at_10": 0.2910593333745076,
        "mrr_at_100": 0.3008961757193334,
        "mrr_at_1000": 0.301447327501758,
        "mrr_at_20": 0.29713398909499256,
        "mrr_at_3": 0.2474831696621572,
        "mrr_at_5": 0.27399790006793895,
        "nauc_map_at_1000_diff1": 0.048629937977039746,
        "nauc_map_at_1000_max": 0.0804331255557839,
        "nauc_map_at_1000_std": 0.12779284411345232,
        "nauc_map_at_100_diff1": 0.04866649518696509,
        "nauc_map_at_100_max": 0.08058463203386611,
        "nauc_map_at_100_std": 0.12811352238269724,
        "nauc_map_at_10_diff1": 0.048244121454779874,
        "nauc_map_at_10_max": 0.08116617470746997,
        "nauc_map_at_10_std": 0.12558706067723235,
        "nauc_map_at_1_diff1": 0.054890012004654626,
        "nauc_map_at_1_max": 0.04418867209897153,
        "nauc_map_at_1_std": 0.05669936543107921,
        "nauc_map_at_20_diff1": 0.04896720953216757,
        "nauc_map_at_20_max": 0.08100165091573122,
        "nauc_map_at_20_std": 0.12858066310703337,
        "nauc_map_at_3_diff1": 0.05023040531572871,
        "nauc_map_at_3_max": 0.07399333891211816,
        "nauc_map_at_3_std": 0.10060648769665077,
        "nauc_map_at_5_diff1": 0.049331931383539904,
        "nauc_map_at_5_max": 0.0797690281839418,
        "nauc_map_at_5_std": 0.11687261754413192,
        "nauc_mrr_at_1000_diff1": 0.04862973780696366,
        "nauc_mrr_at_1000_max": 0.08043302264209913,
        "nauc_mrr_at_1000_std": 0.12779265580441196,
        "nauc_mrr_at_100_diff1": 0.04866629537983148,
        "nauc_mrr_at_100_max": 0.08058452932663022,
        "nauc_mrr_at_100_std": 0.12811333445791084,
        "nauc_mrr_at_10_diff1": 0.048244121454779874,
        "nauc_mrr_at_10_max": 0.08116617470746997,
        "nauc_mrr_at_10_std": 0.12558706067723235,
        "nauc_mrr_at_1_diff1": 0.054890012004654626,
        "nauc_mrr_at_1_max": 0.04418867209897153,
        "nauc_mrr_at_1_std": 0.05669936543107921,
        "nauc_mrr_at_20_diff1": 0.04896720953216757,
        "nauc_mrr_at_20_max": 0.08100165091573122,
        "nauc_mrr_at_20_std": 0.12858066310703337,
        "nauc_mrr_at_3_diff1": 0.05023040531572871,
        "nauc_mrr_at_3_max": 0.07399333891211816,
        "nauc_mrr_at_3_std": 0.10060648769665077,
        "nauc_mrr_at_5_diff1": 0.049331931383539904,
        "nauc_mrr_at_5_max": 0.0797690281839418,
        "nauc_mrr_at_5_std": 0.11687261754413192,
        "nauc_ndcg_at_1000_diff1": 0.043135422393193026,
        "nauc_ndcg_at_1000_max": 0.08831372668460345,
        "nauc_ndcg_at_1000_std": 0.16145333436629894,
        "nauc_ndcg_at_100_diff1": 0.04320199747903396,
        "nauc_ndcg_at_100_max": 0.09265608312508489,
        "nauc_ndcg_at_100_std": 0.17333329062016492,
        "nauc_ndcg_at_10_diff1": 0.04540216453042854,
        "nauc_ndcg_at_10_max": 0.09664238182026144,
        "nauc_ndcg_at_10_std": 0.16274065965909418,
        "nauc_ndcg_at_1_diff1": 0.054890012004654626,
        "nauc_ndcg_at_1_max": 0.04418867209897153,
        "nauc_ndcg_at_1_std": 0.05669936543107921,
        "nauc_ndcg_at_20_diff1": 0.04793274185524591,
        "nauc_ndcg_at_20_max": 0.09600058807493368,
        "nauc_ndcg_at_20_std": 0.17447506223032724,
        "nauc_ndcg_at_3_diff1": 0.049375499763121375,
        "nauc_ndcg_at_3_max": 0.08203389498032654,
        "nauc_ndcg_at_3_std": 0.11250057782753889,
        "nauc_ndcg_at_5_diff1": 0.047683451625399075,
        "nauc_ndcg_at_5_max": 0.09208459306000247,
        "nauc_ndcg_at_5_std": 0.1408406335866298,
        "nauc_precision_at_1000_diff1": -0.15206735435676585,
        "nauc_precision_at_1000_max": 0.08725204631098911,
        "nauc_precision_at_1000_std": 0.6533677773731342,
        "nauc_precision_at_100_diff1": -0.00811829906955119,
        "nauc_precision_at_100_max": 0.14887795804411263,
        "nauc_precision_at_100_std": 0.46009727260518696,
        "nauc_precision_at_10_diff1": 0.0369873445212512,
        "nauc_precision_at_10_max": 0.14241534769463002,
        "nauc_precision_at_10_std": 0.2761412616428361,
        "nauc_precision_at_1_diff1": 0.054890012004654626,
        "nauc_precision_at_1_max": 0.04418867209897153,
        "nauc_precision_at_1_std": 0.05669936543107921,
        "nauc_precision_at_20_diff1": 0.04626499195572396,
        "nauc_precision_at_20_max": 0.14649612382257354,
        "nauc_precision_at_20_std": 0.34543049410431725,
        "nauc_precision_at_3_diff1": 0.04742639136175759,
        "nauc_precision_at_3_max": 0.10129197233212456,
        "nauc_precision_at_3_std": 0.14100033393450861,
        "nauc_precision_at_5_diff1": 0.04350253256575666,
        "nauc_precision_at_5_max": 0.1231739269997439,
        "nauc_precision_at_5_std": 0.20249830797194945,
        "nauc_recall_at_1000_diff1": -0.15206735435677082,
        "nauc_recall_at_1000_max": 0.08725204631098891,
        "nauc_recall_at_1000_std": 0.6533677773731301,
        "nauc_recall_at_100_diff1": -0.008118299069551237,
        "nauc_recall_at_100_max": 0.14887795804411322,
        "nauc_recall_at_100_std": 0.4600972726051872,
        "nauc_recall_at_10_diff1": 0.03698734452125098,
        "nauc_recall_at_10_max": 0.1424153476946291,
        "nauc_recall_at_10_std": 0.27614126164283614,
        "nauc_recall_at_1_diff1": 0.054890012004654626,
        "nauc_recall_at_1_max": 0.04418867209897153,
        "nauc_recall_at_1_std": 0.05669936543107921,
        "nauc_recall_at_20_diff1": 0.04626499195572492,
        "nauc_recall_at_20_max": 0.1464961238225737,
        "nauc_recall_at_20_std": 0.34543049410431803,
        "nauc_recall_at_3_diff1": 0.047426391361757414,
        "nauc_recall_at_3_max": 0.10129197233212475,
        "nauc_recall_at_3_std": 0.14100033393450853,
        "nauc_recall_at_5_diff1": 0.043502532565756875,
        "nauc_recall_at_5_max": 0.1231739269997444,
        "nauc_recall_at_5_std": 0.20249830797194937,
        "ndcg_at_1": 0.1549,
        "ndcg_at_10": 0.36763,
        "ndcg_at_100": 0.4168,
        "ndcg_at_1000": 0.4319,
        "ndcg_at_20": 0.38959,
        "ndcg_at_3": 0.27908,
        "ndcg_at_5": 0.32674,
        "precision_at_1": 0.1549,
        "precision_at_10": 0.06118,
        "precision_at_100": 0.00845,
        "precision_at_1000": 0.00096,
        "precision_at_20": 0.03492,
        "precision_at_3": 0.12365,
        "precision_at_5": 0.09728,
        "recall_at_1": 0.1549,
        "recall_at_10": 0.61182,
        "recall_at_100": 0.84491,
        "recall_at_1000": 0.9648,
        "recall_at_20": 0.69835,
        "recall_at_3": 0.37095,
        "recall_at_5": 0.48638
      }
    ]
  },
  "task_name": "TempReasonL2Fact"
}