{
  "dataset_revision": "66cd1dbf5577c653ecb99b385200f08e15e12f30",
  "mteb_dataset_name": "TopiOCQA",
  "mteb_version": "1.10.10",
  "validation": {
    "evaluation_time": 7892.63,
    "map_at_1": 0.07239,
    "map_at_10": 0.11074,
    "map_at_100": 0.11759,
    "map_at_1000": 0.11824,
    "map_at_20": 0.11459,
    "map_at_3": 0.09653,
    "map_at_5": 0.10496,
    "mrr_at_1": 0.07239,
    "mrr_at_10": 0.11074,
    "mrr_at_100": 0.11759,
    "mrr_at_1000": 0.11824,
    "mrr_at_20": 0.11459,
    "mrr_at_3": 0.09653,
    "mrr_at_5": 0.10496,
    "ndcg_at_1": 0.07239,
    "ndcg_at_10": 0.13367,
    "ndcg_at_100": 0.17026,
    "ndcg_at_1000": 0.18975,
    "ndcg_at_20": 0.14761,
    "ndcg_at_3": 0.10452,
    "ndcg_at_5": 0.11965,
    "precision_at_1": 0.07239,
    "precision_at_10": 0.02076,
    "precision_at_100": 0.00387,
    "precision_at_1000": 0.00055,
    "precision_at_20": 0.01313,
    "precision_at_3": 0.04256,
    "precision_at_5": 0.03286,
    "recall_at_1": 0.07239,
    "recall_at_10": 0.20764,
    "recall_at_100": 0.38663,
    "recall_at_1000": 0.54535,
    "recall_at_20": 0.26253,
    "recall_at_3": 0.12768,
    "recall_at_5": 0.16428
  }
}