{
  "dataset_revision": "ad861e463abda351ff65ca5ac0cc5985afe9eb99",
  "mteb_dataset_name": "TurkishProductSentimentClassification",
  "mteb_version": "1.7.14",
  "test": {
    "accuracy": 0.5802499999999999,
    "accuracy_stderr": 0.04778794304005979,
    "ap": 0.5486177539106916,
    "ap_stderr": 0.03139192690394051,
    "evaluation_time": 5.32,
    "f1": 0.5781906511133872,
    "f1_stderr": 0.04777623908949823,
    "main_score": 0.5802499999999999
  }
}