{
  "dataset_revision": "557bf94ac6177cc442f42d0b09b6e4b76e8f47c9",
  "mteb_dataset_name": "TweetSarcasmClassification",
  "mteb_version": "1.6.3",
  "test": {
    "accuracy": 0.6092890995260664,
    "accuracy_stderr": 0.05778889697626046,
    "ap": 0.21062256522709083,
    "ap_stderr": 0.023466145869731458,
    "evaluation_time": 101.85,
    "f1": 0.530366152651704,
    "f1_stderr": 0.042122735616090375,
    "main_score": 0.6092890995260664
  }
}