{
  "dataset_revision": "671d1e6bbf45a74ef21af351fd4ef7b32b7856f8",
  "mteb_dataset_name": "UkrFormalityClassification",
  "mteb_version": "1.6.37",
  "test": {
    "accuracy": 0.5407911001236093,
    "accuracy_stderr": 0.006750903931456289,
    "ap": 0.45445554230964136,
    "ap_stderr": 0.007725285396907531,
    "evaluation_time": 12.23,
    "f1": 0.5342515118056314,
    "f1_stderr": 0.010032138335337663,
    "main_score": 0.5407911001236093
  }
}