{
  "dataset_revision": "335ee8f323e62e0df5bc619d51a5fa1de438bf3f",
  "mteb_dataset_name": "WikipediaRetrievalDA",
  "mteb_version": "1.9.0",
  "test": {
    "evaluation_time": 6.9,
    "map_at_1": 0.87667,
    "map_at_10": 0.92549,
    "map_at_100": 0.9256,
    "map_at_1000": 0.9256,
    "map_at_20": 0.9256,
    "map_at_3": 0.92044,
    "map_at_5": 0.92394,
    "mrr_at_1": 0.876,
    "mrr_at_10": 0.92505,
    "mrr_at_100": 0.92515,
    "mrr_at_1000": 0.92516,
    "mrr_at_20": 0.92515,
    "mrr_at_3": 0.92,
    "mrr_at_5": 0.9235,
    "ndcg_at_1": 0.87667,
    "ndcg_at_10": 0.94364,
    "ndcg_at_100": 0.944,
    "ndcg_at_1000": 0.94409,
    "ndcg_at_20": 0.944,
    "ndcg_at_3": 0.93376,
    "ndcg_at_5": 0.94007,
    "precision_at_1": 0.87667,
    "precision_at_10": 0.0998,
    "precision_at_100": 0.00999,
    "precision_at_1000": 0.001,
    "precision_at_20": 0.04997,
    "precision_at_3": 0.324,
    "precision_at_5": 0.19747,
    "recall_at_1": 0.87667,
    "recall_at_10": 0.998,
    "recall_at_100": 0.99933,
    "recall_at_1000": 1.0,
    "recall_at_20": 0.99933,
    "recall_at_3": 0.972,
    "recall_at_5": 0.98733
  }
}