{
  "dataset_revision": "3fd5edd3bb0dd81174f0946aa685d806084f3953",
  "mteb_dataset_name": "WikipediaRetrievalFI",
  "mteb_version": "1.9.0",
  "test": {
    "evaluation_time": 7.63,
    "map_at_1": 0.86333,
    "map_at_10": 0.91655,
    "map_at_100": 0.91674,
    "map_at_1000": 0.91674,
    "map_at_20": 0.9167,
    "map_at_3": 0.91067,
    "map_at_5": 0.91483,
    "mrr_at_1": 0.86333,
    "mrr_at_10": 0.91655,
    "mrr_at_100": 0.91674,
    "mrr_at_1000": 0.91674,
    "mrr_at_20": 0.9167,
    "mrr_at_3": 0.91067,
    "mrr_at_5": 0.91483,
    "ndcg_at_1": 0.86333,
    "ndcg_at_10": 0.93661,
    "ndcg_at_100": 0.9374,
    "ndcg_at_1000": 0.9374,
    "ndcg_at_20": 0.93713,
    "ndcg_at_3": 0.92528,
    "ndcg_at_5": 0.93274,
    "precision_at_1": 0.86333,
    "precision_at_10": 0.09967,
    "precision_at_100": 0.01,
    "precision_at_1000": 0.001,
    "precision_at_20": 0.04993,
    "precision_at_3": 0.32244,
    "precision_at_5": 0.19707,
    "recall_at_1": 0.86333,
    "recall_at_10": 0.99667,
    "recall_at_100": 1.0,
    "recall_at_1000": 1.0,
    "recall_at_20": 0.99867,
    "recall_at_3": 0.96733,
    "recall_at_5": 0.98533
  }
}