{
  "dataset_revision": "0d2e86e6d36927f4676ee6127c4e38e3867ce0ce",
  "task_name": "VATEXT2VARetrieval",
  "mteb_version": "2.12.32",
  "scores": {
    "test": [
      {
        "ndcg_at_1": 0.622,
        "ndcg_at_3": 0.74683,
        "ndcg_at_5": 0.77141,
        "ndcg_at_10": 0.79057,
        "ndcg_at_20": 0.79715,
        "ndcg_at_100": 0.80146,
        "ndcg_at_1000": 0.80156,
        "map_at_1": 0.622,
        "map_at_3": 0.71633,
        "map_at_5": 0.73013,
        "map_at_10": 0.73827,
        "map_at_20": 0.74008,
        "map_at_100": 0.74084,
        "map_at_1000": 0.74084,
        "recall_at_1": 0.622,
        "recall_at_3": 0.835,
        "recall_at_5": 0.894,
        "recall_at_10": 0.952,
        "recall_at_20": 0.978,
        "recall_at_100": 0.999,
        "recall_at_1000": 1.0,
        "accuracy": 0.622,
        "precision_at_1": 0.622,
        "precision_at_3": 0.27833,
        "precision_at_5": 0.1788,
        "precision_at_10": 0.0952,
        "precision_at_20": 0.0489,
        "precision_at_100": 0.00999,
        "precision_at_1000": 0.001,
        "mrr_at_1": 0.622,
        "mrr_at_3": 0.716333,
        "mrr_at_5": 0.730133,
        "mrr_at_10": 0.738273,
        "mrr_at_20": 0.740084,
        "mrr_at_100": 0.740842,
        "mrr_at_1000": 0.740844,
        "nauc_ndcg_at_1_max": 0.231178,
        "nauc_ndcg_at_1_std": 0.080128,
        "nauc_ndcg_at_1_diff1": 0.649299,
        "nauc_ndcg_at_3_max": 0.26483,
        "nauc_ndcg_at_3_std": 0.075217,
        "nauc_ndcg_at_3_diff1": 0.617948,
        "nauc_ndcg_at_5_max": 0.285447,
        "nauc_ndcg_at_5_std": 0.074911,
        "nauc_ndcg_at_5_diff1": 0.623692,
        "nauc_ndcg_at_10_max": 0.278484,
        "nauc_ndcg_at_10_std": 0.090176,
        "nauc_ndcg_at_10_diff1": 0.626878,
        "nauc_ndcg_at_20_max": 0.269962,
        "nauc_ndcg_at_20_std": 0.089054,
        "nauc_ndcg_at_20_diff1": 0.628538,
        "nauc_ndcg_at_100_max": 0.261507,
        "nauc_ndcg_at_100_std": 0.081847,
        "nauc_ndcg_at_100_diff1": 0.626661,
        "nauc_ndcg_at_1000_max": 0.262384,
        "nauc_ndcg_at_1000_std": 0.082978,
        "nauc_ndcg_at_1000_diff1": 0.6274,
        "nauc_map_at_1_max": 0.231178,
        "nauc_map_at_1_std": 0.080128,
        "nauc_map_at_1_diff1": 0.649299,
        "nauc_map_at_3_max": 0.255495,
        "nauc_map_at_3_std": 0.07779,
        "nauc_map_at_3_diff1": 0.625482,
        "nauc_map_at_5_max": 0.264275,
        "nauc_map_at_5_std": 0.077417,
        "nauc_map_at_5_diff1": 0.628416,
        "nauc_map_at_10_max": 0.260825,
        "nauc_map_at_10_std": 0.083069,
        "nauc_map_at_10_diff1": 0.629381,
        "nauc_map_at_20_max": 0.259009,
        "nauc_map_at_20_std": 0.083127,
        "nauc_map_at_20_diff1": 0.629784,
        "nauc_map_at_100_max": 0.257899,
        "nauc_map_at_100_std": 0.08218,
        "nauc_map_at_100_diff1": 0.629516,
        "nauc_map_at_1000_max": 0.257907,
        "nauc_map_at_1000_std": 0.08219,
        "nauc_map_at_1000_diff1": 0.629523,
        "nauc_recall_at_1_max": 0.231178,
        "nauc_recall_at_1_std": 0.080128,
        "nauc_recall_at_1_diff1": 0.649299,
        "nauc_recall_at_3_max": 0.305396,
        "nauc_recall_at_3_std": 0.063198,
        "nauc_recall_at_3_diff1": 0.586016,
        "nauc_recall_at_5_max": 0.424312,
        "nauc_recall_at_5_std": 0.059182,
        "nauc_recall_at_5_diff1": 0.598486,
        "nauc_recall_at_10_max": 0.518791,
        "nauc_recall_at_10_std": 0.204278,
        "nauc_recall_at_10_diff1": 0.611656,
        "nauc_recall_at_20_max": 0.527608,
        "nauc_recall_at_20_std": 0.27782,
        "nauc_recall_at_20_diff1": 0.6429,
        "nauc_recall_at_100_max": -1.151727,
        "nauc_recall_at_100_std": -1.739963,
        "nauc_recall_at_100_diff1": -0.563492,
        "nauc_recall_at_1000_max": NaN,
        "nauc_recall_at_1000_std": NaN,
        "nauc_recall_at_1000_diff1": NaN,
        "nauc_precision_at_1_max": 0.231178,
        "nauc_precision_at_1_std": 0.080128,
        "nauc_precision_at_1_diff1": 0.649299,
        "nauc_precision_at_3_max": 0.305396,
        "nauc_precision_at_3_std": 0.063198,
        "nauc_precision_at_3_diff1": 0.586016,
        "nauc_precision_at_5_max": 0.424312,
        "nauc_precision_at_5_std": 0.059182,
        "nauc_precision_at_5_diff1": 0.598486,
        "nauc_precision_at_10_max": 0.518791,
        "nauc_precision_at_10_std": 0.204278,
        "nauc_precision_at_10_diff1": 0.611656,
        "nauc_precision_at_20_max": 0.527608,
        "nauc_precision_at_20_std": 0.27782,
        "nauc_precision_at_20_diff1": 0.6429,
        "nauc_precision_at_100_max": -1.151727,
        "nauc_precision_at_100_std": -1.739963,
        "nauc_precision_at_100_diff1": -0.563492,
        "nauc_precision_at_1000_max": NaN,
        "nauc_precision_at_1000_std": NaN,
        "nauc_precision_at_1000_diff1": NaN,
        "nauc_mrr_at_1_max": 0.231178,
        "nauc_mrr_at_1_std": 0.080128,
        "nauc_mrr_at_1_diff1": 0.649299,
        "nauc_mrr_at_3_max": 0.255495,
        "nauc_mrr_at_3_std": 0.07779,
        "nauc_mrr_at_3_diff1": 0.625482,
        "nauc_mrr_at_5_max": 0.264275,
        "nauc_mrr_at_5_std": 0.077417,
        "nauc_mrr_at_5_diff1": 0.628416,
        "nauc_mrr_at_10_max": 0.260825,
        "nauc_mrr_at_10_std": 0.083069,
        "nauc_mrr_at_10_diff1": 0.629381,
        "nauc_mrr_at_20_max": 0.259009,
        "nauc_mrr_at_20_std": 0.083127,
        "nauc_mrr_at_20_diff1": 0.629784,
        "nauc_mrr_at_100_max": 0.257899,
        "nauc_mrr_at_100_std": 0.08218,
        "nauc_mrr_at_100_diff1": 0.629516,
        "nauc_mrr_at_1000_max": 0.257907,
        "nauc_mrr_at_1000_std": 0.08219,
        "nauc_mrr_at_1000_diff1": 0.629523,
        "hit_rate_at_1": 0.622,
        "hit_rate_at_3": 0.835,
        "hit_rate_at_5": 0.894,
        "hit_rate_at_10": 0.952,
        "hit_rate_at_20": 0.978,
        "hit_rate_at_100": 0.999,
        "hit_rate_at_1000": 1.0,
        "main_score": 0.79057,
        "hf_subset": "default",
        "languages": [
          "eng-Latn"
        ],
        "mteb_version": "2.12.32"
      }
    ]
  },
  "evaluation_time": 2398.589996814728,
  "kg_co2_emissions": null,
  "date": null
}