{
  "dataset_revision": "0d2e86e6d36927f4676ee6127c4e38e3867ce0ce",
  "task_name": "VATEXV2ARetrieval",
  "mteb_version": "2.12.32",
  "scores": {
    "test": [
      {
        "ndcg_at_1": 0.255,
        "ndcg_at_3": 0.3275,
        "ndcg_at_5": 0.35048,
        "ndcg_at_10": 0.37251,
        "ndcg_at_20": 0.39472,
        "ndcg_at_100": 0.46191,
        "ndcg_at_1000": 0.47036,
        "map_at_1": 0.255,
        "map_at_3": 0.31,
        "map_at_5": 0.3227,
        "map_at_10": 0.33182,
        "map_at_20": 0.33751,
        "map_at_100": 0.34824,
        "map_at_1000": 0.34859,
        "recall_at_1": 0.255,
        "recall_at_3": 0.378,
        "recall_at_5": 0.434,
        "recall_at_10": 0.502,
        "recall_at_20": 0.593,
        "recall_at_100": 0.935,
        "recall_at_1000": 1.0,
        "accuracy": 0.255,
        "precision_at_1": 0.255,
        "precision_at_3": 0.126,
        "precision_at_5": 0.0868,
        "precision_at_10": 0.0502,
        "precision_at_20": 0.02965,
        "precision_at_100": 0.00935,
        "precision_at_1000": 0.001,
        "mrr_at_1": 0.255,
        "mrr_at_3": 0.31,
        "mrr_at_5": 0.32245,
        "mrr_at_10": 0.331887,
        "mrr_at_20": 0.337481,
        "mrr_at_100": 0.348169,
        "mrr_at_1000": 0.348518,
        "nauc_ndcg_at_1_max": 0.123803,
        "nauc_ndcg_at_1_std": -0.066648,
        "nauc_ndcg_at_1_diff1": 0.481951,
        "nauc_ndcg_at_3_max": 0.117366,
        "nauc_ndcg_at_3_std": -0.076365,
        "nauc_ndcg_at_3_diff1": 0.486775,
        "nauc_ndcg_at_5_max": 0.109031,
        "nauc_ndcg_at_5_std": -0.076846,
        "nauc_ndcg_at_5_diff1": 0.491817,
        "nauc_ndcg_at_10_max": 0.099546,
        "nauc_ndcg_at_10_std": -0.082941,
        "nauc_ndcg_at_10_diff1": 0.488766,
        "nauc_ndcg_at_20_max": 0.096027,
        "nauc_ndcg_at_20_std": -0.074543,
        "nauc_ndcg_at_20_diff1": 0.473354,
        "nauc_ndcg_at_100_max": 0.102088,
        "nauc_ndcg_at_100_std": -0.06089,
        "nauc_ndcg_at_100_diff1": 0.468667,
        "nauc_ndcg_at_1000_max": 0.105929,
        "nauc_ndcg_at_1000_std": -0.069647,
        "nauc_ndcg_at_1000_diff1": 0.47848,
        "nauc_map_at_1_max": 0.123803,
        "nauc_map_at_1_std": -0.066648,
        "nauc_map_at_1_diff1": 0.481951,
        "nauc_map_at_3_max": 0.118974,
        "nauc_map_at_3_std": -0.074176,
        "nauc_map_at_3_diff1": 0.485501,
        "nauc_map_at_5_max": 0.114314,
        "nauc_map_at_5_std": -0.074885,
        "nauc_map_at_5_diff1": 0.487968,
        "nauc_map_at_10_max": 0.110353,
        "nauc_map_at_10_std": -0.077406,
        "nauc_map_at_10_diff1": 0.486655,
        "nauc_map_at_20_max": 0.10967,
        "nauc_map_at_20_std": -0.075093,
        "nauc_map_at_20_diff1": 0.483251,
        "nauc_map_at_100_max": 0.110806,
        "nauc_map_at_100_std": -0.072917,
        "nauc_map_at_100_diff1": 0.482006,
        "nauc_map_at_1000_max": 0.110958,
        "nauc_map_at_1000_std": -0.073159,
        "nauc_map_at_1000_diff1": 0.482501,
        "nauc_recall_at_1_max": 0.123803,
        "nauc_recall_at_1_std": -0.066648,
        "nauc_recall_at_1_diff1": 0.481951,
        "nauc_recall_at_3_max": 0.112934,
        "nauc_recall_at_3_std": -0.082312,
        "nauc_recall_at_3_diff1": 0.490307,
        "nauc_recall_at_5_max": 0.093387,
        "nauc_recall_at_5_std": -0.081727,
        "nauc_recall_at_5_diff1": 0.503514,
        "nauc_recall_at_10_max": 0.06443,
        "nauc_recall_at_10_std": -0.100398,
        "nauc_recall_at_10_diff1": 0.494659,
        "nauc_recall_at_20_max": 0.044524,
        "nauc_recall_at_20_std": -0.067114,
        "nauc_recall_at_20_diff1": 0.424582,
        "nauc_recall_at_100_max": -0.023939,
        "nauc_recall_at_100_std": 0.240142,
        "nauc_recall_at_100_diff1": 0.184623,
        "nauc_recall_at_1000_max": NaN,
        "nauc_recall_at_1000_std": NaN,
        "nauc_recall_at_1000_diff1": NaN,
        "nauc_precision_at_1_max": 0.123803,
        "nauc_precision_at_1_std": -0.066648,
        "nauc_precision_at_1_diff1": 0.481951,
        "nauc_precision_at_3_max": 0.112934,
        "nauc_precision_at_3_std": -0.082312,
        "nauc_precision_at_3_diff1": 0.490307,
        "nauc_precision_at_5_max": 0.093387,
        "nauc_precision_at_5_std": -0.081727,
        "nauc_precision_at_5_diff1": 0.503514,
        "nauc_precision_at_10_max": 0.06443,
        "nauc_precision_at_10_std": -0.100398,
        "nauc_precision_at_10_diff1": 0.494659,
        "nauc_precision_at_20_max": 0.044524,
        "nauc_precision_at_20_std": -0.067114,
        "nauc_precision_at_20_diff1": 0.424582,
        "nauc_precision_at_100_max": -0.023939,
        "nauc_precision_at_100_std": 0.240142,
        "nauc_precision_at_100_diff1": 0.184623,
        "nauc_precision_at_1000_max": NaN,
        "nauc_precision_at_1000_std": NaN,
        "nauc_precision_at_1000_diff1": NaN,
        "nauc_mrr_at_1_max": 0.123803,
        "nauc_mrr_at_1_std": -0.066648,
        "nauc_mrr_at_1_diff1": 0.481951,
        "nauc_mrr_at_3_max": 0.118974,
        "nauc_mrr_at_3_std": -0.074176,
        "nauc_mrr_at_3_diff1": 0.485501,
        "nauc_mrr_at_5_max": 0.113453,
        "nauc_mrr_at_5_std": -0.075004,
        "nauc_mrr_at_5_diff1": 0.488662,
        "nauc_mrr_at_10_max": 0.109681,
        "nauc_mrr_at_10_std": -0.077294,
        "nauc_mrr_at_10_diff1": 0.486707,
        "nauc_mrr_at_20_max": 0.109236,
        "nauc_mrr_at_20_std": -0.075033,
        "nauc_mrr_at_20_diff1": 0.483598,
        "nauc_mrr_at_100_max": 0.110408,
        "nauc_mrr_at_100_std": -0.072801,
        "nauc_mrr_at_100_diff1": 0.482419,
        "nauc_mrr_at_1000_max": 0.110559,
        "nauc_mrr_at_1000_std": -0.073044,
        "nauc_mrr_at_1000_diff1": 0.482914,
        "hit_rate_at_1": 0.255,
        "hit_rate_at_3": 0.378,
        "hit_rate_at_5": 0.434,
        "hit_rate_at_10": 0.502,
        "hit_rate_at_20": 0.593,
        "hit_rate_at_100": 0.935,
        "hit_rate_at_1000": 1.0,
        "main_score": 0.37251,
        "hf_subset": "default",
        "languages": [
          "eng-Latn"
        ],
        "mteb_version": "2.12.32"
      }
    ]
  },
  "evaluation_time": 918.6866452693939,
  "kg_co2_emissions": null,
  "date": null
}