{
  "dataset_revision": "4661603cee25c1fd370e5478a2953203cf37155b",
  "task_name": "MSRVTTT2V",
  "mteb_version": "2.12.32",
  "scores": {
    "test": [
      {
        "ndcg_at_1": 0.32651,
        "ndcg_at_3": 0.42368,
        "ndcg_at_5": 0.45633,
        "ndcg_at_10": 0.49167,
        "ndcg_at_20": 0.51578,
        "ndcg_at_100": 0.54616,
        "ndcg_at_1000": 0.55368,
        "map_at_1": 0.32651,
        "map_at_3": 0.39951,
        "map_at_5": 0.41754,
        "map_at_10": 0.43215,
        "map_at_20": 0.43889,
        "map_at_100": 0.44308,
        "map_at_1000": 0.44336,
        "recall_at_1": 0.32651,
        "recall_at_3": 0.49374,
        "recall_at_5": 0.57338,
        "recall_at_10": 0.68259,
        "recall_at_20": 0.77702,
        "recall_at_100": 0.94084,
        "recall_at_1000": 1.0,
        "accuracy": 0.32651,
        "precision_at_1": 0.32651,
        "precision_at_3": 0.16458,
        "precision_at_5": 0.11468,
        "precision_at_10": 0.06826,
        "precision_at_20": 0.03885,
        "precision_at_100": 0.00941,
        "precision_at_1000": 0.001,
        "mrr_at_1": 0.326507,
        "mrr_at_3": 0.399507,
        "mrr_at_5": 0.417539,
        "mrr_at_10": 0.432146,
        "mrr_at_20": 0.438891,
        "mrr_at_100": 0.443083,
        "mrr_at_1000": 0.443364,
        "nauc_ndcg_at_1_max": 0.082143,
        "nauc_ndcg_at_1_std": 0.075454,
        "nauc_ndcg_at_1_diff1": 0.559771,
        "nauc_ndcg_at_3_max": 0.070139,
        "nauc_ndcg_at_3_std": 0.083361,
        "nauc_ndcg_at_3_diff1": 0.485494,
        "nauc_ndcg_at_5_max": 0.063601,
        "nauc_ndcg_at_5_std": 0.087223,
        "nauc_ndcg_at_5_diff1": 0.466393,
        "nauc_ndcg_at_10_max": 0.05736,
        "nauc_ndcg_at_10_std": 0.102761,
        "nauc_ndcg_at_10_diff1": 0.473785,
        "nauc_ndcg_at_20_max": 0.057657,
        "nauc_ndcg_at_20_std": 0.098965,
        "nauc_ndcg_at_20_diff1": 0.476788,
        "nauc_ndcg_at_100_max": 0.061354,
        "nauc_ndcg_at_100_std": 0.095371,
        "nauc_ndcg_at_100_diff1": 0.489615,
        "nauc_ndcg_at_1000_max": 0.062291,
        "nauc_ndcg_at_1000_std": 0.093635,
        "nauc_ndcg_at_1000_diff1": 0.489995,
        "nauc_map_at_1_max": 0.082143,
        "nauc_map_at_1_std": 0.075454,
        "nauc_map_at_1_diff1": 0.559771,
        "nauc_map_at_3_max": 0.072634,
        "nauc_map_at_3_std": 0.082435,
        "nauc_map_at_3_diff1": 0.504484,
        "nauc_map_at_5_max": 0.069505,
        "nauc_map_at_5_std": 0.084294,
        "nauc_map_at_5_diff1": 0.494384,
        "nauc_map_at_10_max": 0.06714,
        "nauc_map_at_10_std": 0.090432,
        "nauc_map_at_10_diff1": 0.4983,
        "nauc_map_at_20_max": 0.067374,
        "nauc_map_at_20_std": 0.089593,
        "nauc_map_at_20_diff1": 0.49938,
        "nauc_map_at_100_max": 0.067538,
        "nauc_map_at_100_std": 0.089064,
        "nauc_map_at_100_diff1": 0.500842,
        "nauc_map_at_1000_max": 0.0675,
        "nauc_map_at_1000_std": 0.089065,
        "nauc_map_at_1000_diff1": 0.500836,
        "nauc_recall_at_1_max": 0.082143,
        "nauc_recall_at_1_std": 0.075454,
        "nauc_recall_at_1_diff1": 0.559771,
        "nauc_recall_at_3_max": 0.063085,
        "nauc_recall_at_3_std": 0.085639,
        "nauc_recall_at_3_diff1": 0.430104,
        "nauc_recall_at_5_max": 0.044032,
        "nauc_recall_at_5_std": 0.096728,
        "nauc_recall_at_5_diff1": 0.376682,
        "nauc_recall_at_10_max": 0.016997,
        "nauc_recall_at_10_std": 0.156096,
        "nauc_recall_at_10_diff1": 0.383041,
        "nauc_recall_at_20_max": 0.005507,
        "nauc_recall_at_20_std": 0.147036,
        "nauc_recall_at_20_diff1": 0.371939,
        "nauc_recall_at_100_max": 0.004426,
        "nauc_recall_at_100_std": 0.17435,
        "nauc_recall_at_100_diff1": 0.468186,
        "nauc_recall_at_1000_max": NaN,
        "nauc_recall_at_1000_std": NaN,
        "nauc_recall_at_1000_diff1": NaN,
        "nauc_precision_at_1_max": 0.082143,
        "nauc_precision_at_1_std": 0.075454,
        "nauc_precision_at_1_diff1": 0.559771,
        "nauc_precision_at_3_max": 0.063085,
        "nauc_precision_at_3_std": 0.085639,
        "nauc_precision_at_3_diff1": 0.430104,
        "nauc_precision_at_5_max": 0.044032,
        "nauc_precision_at_5_std": 0.096728,
        "nauc_precision_at_5_diff1": 0.376682,
        "nauc_precision_at_10_max": 0.016997,
        "nauc_precision_at_10_std": 0.156096,
        "nauc_precision_at_10_diff1": 0.383041,
        "nauc_precision_at_20_max": 0.005507,
        "nauc_precision_at_20_std": 0.147036,
        "nauc_precision_at_20_diff1": 0.371939,
        "nauc_precision_at_100_max": 0.004426,
        "nauc_precision_at_100_std": 0.17435,
        "nauc_precision_at_100_diff1": 0.468186,
        "nauc_precision_at_1000_max": NaN,
        "nauc_precision_at_1000_std": NaN,
        "nauc_precision_at_1000_diff1": NaN,
        "nauc_mrr_at_1_max": 0.082143,
        "nauc_mrr_at_1_std": 0.075454,
        "nauc_mrr_at_1_diff1": 0.559771,
        "nauc_mrr_at_3_max": 0.072634,
        "nauc_mrr_at_3_std": 0.082435,
        "nauc_mrr_at_3_diff1": 0.504484,
        "nauc_mrr_at_5_max": 0.069505,
        "nauc_mrr_at_5_std": 0.084294,
        "nauc_mrr_at_5_diff1": 0.494384,
        "nauc_mrr_at_10_max": 0.06714,
        "nauc_mrr_at_10_std": 0.090432,
        "nauc_mrr_at_10_diff1": 0.4983,
        "nauc_mrr_at_20_max": 0.067374,
        "nauc_mrr_at_20_std": 0.089593,
        "nauc_mrr_at_20_diff1": 0.49938,
        "nauc_mrr_at_100_max": 0.067538,
        "nauc_mrr_at_100_std": 0.089064,
        "nauc_mrr_at_100_diff1": 0.500842,
        "nauc_mrr_at_1000_max": 0.0675,
        "nauc_mrr_at_1000_std": 0.089065,
        "nauc_mrr_at_1000_diff1": 0.500836,
        "hit_rate_at_1": 0.32651,
        "hit_rate_at_3": 0.49374,
        "hit_rate_at_5": 0.57338,
        "hit_rate_at_10": 0.68259,
        "hit_rate_at_20": 0.77702,
        "hit_rate_at_100": 0.94084,
        "hit_rate_at_1000": 1.0,
        "main_score": 0.49167,
        "hf_subset": "default",
        "languages": [
          "eng-Latn"
        ],
        "mteb_version": "2.12.32"
      }
    ]
  },
  "evaluation_time": 197.91590523719788,
  "kg_co2_emissions": null,
  "date": null
}