{
  "dataset_revision": "b672042dfc1bfc3b8b857ec1abee89bb69fe2476",
  "task_name": "OmniVideoBenchVideoCentricQA",
  "mteb_version": "2.12.32",
  "scores": {
    "test": [
      {
        "ndcg_at_1": 0.24165,
        "ndcg_at_3": 0.51959,
        "ndcg_at_5": 0.63382,
        "ndcg_at_10": 0.63382,
        "ndcg_at_20": 0.63382,
        "ndcg_at_100": 0.63382,
        "ndcg_at_1000": 0.63382,
        "map_at_1": 0.24165,
        "map_at_3": 0.44597,
        "map_at_5": 0.51228,
        "map_at_10": 0.51228,
        "map_at_20": 0.51228,
        "map_at_100": 0.51228,
        "map_at_1000": 0.51228,
        "recall_at_1": 0.24165,
        "recall_at_3": 0.73477,
        "recall_at_5": 1.0,
        "recall_at_10": 1.0,
        "recall_at_20": 1.0,
        "recall_at_100": 1.0,
        "recall_at_1000": 1.0,
        "accuracy": 0.24165,
        "precision_at_1": 0.24165,
        "precision_at_3": 0.24492,
        "precision_at_5": 0.2,
        "precision_at_10": 0.1,
        "precision_at_20": 0.05,
        "precision_at_100": 0.01,
        "precision_at_1000": 0.001,
        "mrr_at_1": 0.24165,
        "mrr_at_3": 0.445972,
        "mrr_at_5": 0.512279,
        "mrr_at_10": 0.512279,
        "mrr_at_20": 0.512279,
        "mrr_at_100": 0.512279,
        "mrr_at_1000": 0.512279,
        "nauc_ndcg_at_1_max": -0.004871,
        "nauc_ndcg_at_1_std": -0.042547,
        "nauc_ndcg_at_1_diff1": -0.074915,
        "nauc_ndcg_at_3_max": 0.001687,
        "nauc_ndcg_at_3_std": -0.034613,
        "nauc_ndcg_at_3_diff1": -0.074302,
        "nauc_ndcg_at_5_max": 0.006669,
        "nauc_ndcg_at_5_std": -0.037246,
        "nauc_ndcg_at_5_diff1": -0.081678,
        "nauc_ndcg_at_10_max": 0.006669,
        "nauc_ndcg_at_10_std": -0.037246,
        "nauc_ndcg_at_10_diff1": -0.081678,
        "nauc_ndcg_at_20_max": 0.006669,
        "nauc_ndcg_at_20_std": -0.037246,
        "nauc_ndcg_at_20_diff1": -0.081678,
        "nauc_ndcg_at_100_max": 0.006669,
        "nauc_ndcg_at_100_std": -0.037246,
        "nauc_ndcg_at_100_diff1": -0.081678,
        "nauc_ndcg_at_1000_max": 0.006669,
        "nauc_ndcg_at_1000_std": -0.037246,
        "nauc_ndcg_at_1000_diff1": -0.081678,
        "nauc_map_at_1_max": -0.004871,
        "nauc_map_at_1_std": -0.042547,
        "nauc_map_at_1_diff1": -0.074915,
        "nauc_map_at_3_max": 0.003603,
        "nauc_map_at_3_std": -0.035992,
        "nauc_map_at_3_diff1": -0.07747,
        "nauc_map_at_5_max": 0.006272,
        "nauc_map_at_5_std": -0.037495,
        "nauc_map_at_5_diff1": -0.081505,
        "nauc_map_at_10_max": 0.006272,
        "nauc_map_at_10_std": -0.037495,
        "nauc_map_at_10_diff1": -0.081505,
        "nauc_map_at_20_max": 0.006272,
        "nauc_map_at_20_std": -0.037495,
        "nauc_map_at_20_diff1": -0.081505,
        "nauc_map_at_100_max": 0.006272,
        "nauc_map_at_100_std": -0.037495,
        "nauc_map_at_100_diff1": -0.081505,
        "nauc_map_at_1000_max": 0.006272,
        "nauc_map_at_1000_std": -0.037495,
        "nauc_map_at_1000_diff1": -0.081505,
        "nauc_recall_at_1_max": -0.004871,
        "nauc_recall_at_1_std": -0.042547,
        "nauc_recall_at_1_diff1": -0.074915,
        "nauc_recall_at_3_max": -0.007092,
        "nauc_recall_at_3_std": -0.029974,
        "nauc_recall_at_3_diff1": -0.061306,
        "nauc_recall_at_5_max": NaN,
        "nauc_recall_at_5_std": NaN,
        "nauc_recall_at_5_diff1": NaN,
        "nauc_recall_at_10_max": NaN,
        "nauc_recall_at_10_std": NaN,
        "nauc_recall_at_10_diff1": NaN,
        "nauc_recall_at_20_max": NaN,
        "nauc_recall_at_20_std": NaN,
        "nauc_recall_at_20_diff1": NaN,
        "nauc_recall_at_100_max": NaN,
        "nauc_recall_at_100_std": NaN,
        "nauc_recall_at_100_diff1": NaN,
        "nauc_recall_at_1000_max": NaN,
        "nauc_recall_at_1000_std": NaN,
        "nauc_recall_at_1000_diff1": NaN,
        "nauc_precision_at_1_max": -0.004871,
        "nauc_precision_at_1_std": -0.042547,
        "nauc_precision_at_1_diff1": -0.074915,
        "nauc_precision_at_3_max": -0.007092,
        "nauc_precision_at_3_std": -0.029974,
        "nauc_precision_at_3_diff1": -0.061306,
        "nauc_precision_at_5_max": 1.0,
        "nauc_precision_at_5_std": 1.0,
        "nauc_precision_at_5_diff1": 1.0,
        "nauc_precision_at_10_max": 1.0,
        "nauc_precision_at_10_std": 1.0,
        "nauc_precision_at_10_diff1": 1.0,
        "nauc_precision_at_20_max": 1.0,
        "nauc_precision_at_20_std": 1.0,
        "nauc_precision_at_20_diff1": 1.0,
        "nauc_precision_at_100_max": 1.0,
        "nauc_precision_at_100_std": 1.0,
        "nauc_precision_at_100_diff1": 1.0,
        "nauc_precision_at_1000_max": 1.0,
        "nauc_precision_at_1000_std": 1.0,
        "nauc_precision_at_1000_diff1": 1.0,
        "nauc_mrr_at_1_max": -0.004871,
        "nauc_mrr_at_1_std": -0.042547,
        "nauc_mrr_at_1_diff1": -0.074915,
        "nauc_mrr_at_3_max": 0.003603,
        "nauc_mrr_at_3_std": -0.035992,
        "nauc_mrr_at_3_diff1": -0.07747,
        "nauc_mrr_at_5_max": 0.006272,
        "nauc_mrr_at_5_std": -0.037495,
        "nauc_mrr_at_5_diff1": -0.081505,
        "nauc_mrr_at_10_max": 0.006272,
        "nauc_mrr_at_10_std": -0.037495,
        "nauc_mrr_at_10_diff1": -0.081505,
        "nauc_mrr_at_20_max": 0.006272,
        "nauc_mrr_at_20_std": -0.037495,
        "nauc_mrr_at_20_diff1": -0.081505,
        "nauc_mrr_at_100_max": 0.006272,
        "nauc_mrr_at_100_std": -0.037495,
        "nauc_mrr_at_100_diff1": -0.081505,
        "nauc_mrr_at_1000_max": 0.006272,
        "nauc_mrr_at_1000_std": -0.037495,
        "nauc_mrr_at_1000_diff1": -0.081505,
        "hit_rate_at_1": 0.24165,
        "hit_rate_at_3": 0.73477,
        "hit_rate_at_5": 1.0,
        "hit_rate_at_10": 1.0,
        "hit_rate_at_20": 1.0,
        "hit_rate_at_100": 1.0,
        "hit_rate_at_1000": 1.0,
        "main_score": 0.24165,
        "hf_subset": "default",
        "languages": [
          "eng-Latn"
        ],
        "mteb_version": "2.12.32"
      }
    ]
  },
  "evaluation_time": 390.69639563560486,
  "kg_co2_emissions": null,
  "date": null
}