{
  "dataset_revision": "75b399394a9803252cfec289d103de462763db7c",
  "evaluation_time": 4.668891191482544,
  "kg_co2_emissions": null,
  "mteb_version": "1.12.23",
  "scores": {
    "test": [
      {
        "hf_subset": "eng-Latn-arb-Arab",
        "languages": [
          "eng-Latn",
          "arb-Arab"
        ],
        "main_score": 0.69725,
        "map_at_1": 0.56333,
        "map_at_10": 0.65413,
        "map_at_100": 0.66054,
        "map_at_1000": 0.66073,
        "map_at_20": 0.65864,
        "map_at_3": 0.63444,
        "map_at_5": 0.64572,
        "mrr_at_1": 0.5633333333333334,
        "mrr_at_10": 0.6541322751322751,
        "mrr_at_100": 0.660543157691219,
        "mrr_at_1000": 0.6607272099479984,
        "mrr_at_20": 0.6586383723775365,
        "mrr_at_3": 0.6344444444444445,
        "mrr_at_5": 0.6457222222222222,
        "nauc_map_at_1000_diff1": 0.7126894802412027,
        "nauc_map_at_1000_max": 0.3817133997419197,
        "nauc_map_at_1000_std": 0.09727544872454771,
        "nauc_map_at_100_diff1": 0.7125258424943611,
        "nauc_map_at_100_max": 0.38174286984473293,
        "nauc_map_at_100_std": 0.09750197314163889,
        "nauc_map_at_10_diff1": 0.7112944600035794,
        "nauc_map_at_10_max": 0.37864910597135576,
        "nauc_map_at_10_std": 0.09728182957045198,
        "nauc_map_at_1_diff1": 0.7615535726440525,
        "nauc_map_at_1_max": 0.39173635613892605,
        "nauc_map_at_1_std": 0.05190500387031837,
        "nauc_map_at_20_diff1": 0.7117884680727494,
        "nauc_map_at_20_max": 0.3807202460443818,
        "nauc_map_at_20_std": 0.09793479898582355,
        "nauc_map_at_3_diff1": 0.7111097827257161,
        "nauc_map_at_3_max": 0.39064463767495206,
        "nauc_map_at_3_std": 0.09266558770049985,
        "nauc_map_at_5_diff1": 0.7094713566280737,
        "nauc_map_at_5_max": 0.38391799051099157,
        "nauc_map_at_5_std": 0.09721908472741418,
        "nauc_mrr_at_1000_diff1": 0.7126894802412027,
        "nauc_mrr_at_1000_max": 0.3817133997419197,
        "nauc_mrr_at_1000_std": 0.09727544872454771,
        "nauc_mrr_at_100_diff1": 0.7125258424943611,
        "nauc_mrr_at_100_max": 0.38174286984473293,
        "nauc_mrr_at_100_std": 0.09750197314163889,
        "nauc_mrr_at_10_diff1": 0.7112944600035794,
        "nauc_mrr_at_10_max": 0.37864910597135576,
        "nauc_mrr_at_10_std": 0.09728182957045198,
        "nauc_mrr_at_1_diff1": 0.7615535726440525,
        "nauc_mrr_at_1_max": 0.39173635613892605,
        "nauc_mrr_at_1_std": 0.05190500387031837,
        "nauc_mrr_at_20_diff1": 0.7117884680727494,
        "nauc_mrr_at_20_max": 0.3807202460443818,
        "nauc_mrr_at_20_std": 0.09793479898582355,
        "nauc_mrr_at_3_diff1": 0.7111097827257161,
        "nauc_mrr_at_3_max": 0.39064463767495206,
        "nauc_mrr_at_3_std": 0.09266558770049985,
        "nauc_mrr_at_5_diff1": 0.7094713566280737,
        "nauc_mrr_at_5_max": 0.38391799051099157,
        "nauc_mrr_at_5_std": 0.09721908472741418,
        "nauc_ndcg_at_1000_diff1": 0.7035497108497137,
        "nauc_ndcg_at_1000_max": 0.3780373256407769,
        "nauc_ndcg_at_1000_std": 0.10903505923352803,
        "nauc_ndcg_at_100_diff1": 0.6986558386800986,
        "nauc_ndcg_at_100_max": 0.3784553730072336,
        "nauc_ndcg_at_100_std": 0.11521852509121235,
        "nauc_ndcg_at_10_diff1": 0.6925596506645793,
        "nauc_ndcg_at_10_max": 0.3627257998491124,
        "nauc_ndcg_at_10_std": 0.11959815122641582,
        "nauc_ndcg_at_1_diff1": 0.7615535726440525,
        "nauc_ndcg_at_1_max": 0.39173635613892605,
        "nauc_ndcg_at_1_std": 0.05190500387031837,
        "nauc_ndcg_at_20_diff1": 0.6939291966125127,
        "nauc_ndcg_at_20_max": 0.37102915048703716,
        "nauc_ndcg_at_20_std": 0.12248203669668598,
        "nauc_ndcg_at_3_diff1": 0.6931008125447339,
        "nauc_ndcg_at_3_max": 0.3897786552067829,
        "nauc_ndcg_at_3_std": 0.1071718287188615,
        "nauc_ndcg_at_5_diff1": 0.6889433278631922,
        "nauc_ndcg_at_5_max": 0.37668216309840874,
        "nauc_ndcg_at_5_std": 0.11722743088376997,
        "nauc_precision_at_1000_diff1": NaN,
        "nauc_precision_at_1000_max": NaN,
        "nauc_precision_at_1000_std": NaN,
        "nauc_precision_at_100_diff1": 0.4169360051712957,
        "nauc_precision_at_100_max": 0.3963585434173707,
        "nauc_precision_at_100_std": 0.46319040436687786,
        "nauc_precision_at_10_diff1": 0.6006195285316062,
        "nauc_precision_at_10_max": 0.27099640294814453,
        "nauc_precision_at_10_std": 0.23698435184520122,
        "nauc_precision_at_1_diff1": 0.7615535726440525,
        "nauc_precision_at_1_max": 0.39173635613892605,
        "nauc_precision_at_1_std": 0.05190500387031837,
        "nauc_precision_at_20_diff1": 0.5635406912836364,
        "nauc_precision_at_20_max": 0.2971288116272435,
        "nauc_precision_at_20_std": 0.3228331229898605,
        "nauc_precision_at_3_diff1": 0.6314544754645401,
        "nauc_precision_at_3_max": 0.3866358143501561,
        "nauc_precision_at_3_std": 0.15681086863591262,
        "nauc_precision_at_5_diff1": 0.6079379502823379,
        "nauc_precision_at_5_max": 0.3455047905297777,
        "nauc_precision_at_5_std": 0.19779470869884336,
        "nauc_recall_at_1000_diff1": NaN,
        "nauc_recall_at_1000_max": NaN,
        "nauc_recall_at_1000_std": NaN,
        "nauc_recall_at_100_diff1": 0.4169360051713006,
        "nauc_recall_at_100_max": 0.3963585434173658,
        "nauc_recall_at_100_std": 0.46319040436687636,
        "nauc_recall_at_10_diff1": 0.6006195285316062,
        "nauc_recall_at_10_max": 0.27099640294814653,
        "nauc_recall_at_10_std": 0.23698435184520242,
        "nauc_recall_at_1_diff1": 0.7615535726440525,
        "nauc_recall_at_1_max": 0.39173635613892605,
        "nauc_recall_at_1_std": 0.05190500387031837,
        "nauc_recall_at_20_diff1": 0.5635406912836382,
        "nauc_recall_at_20_max": 0.29712881162724325,
        "nauc_recall_at_20_std": 0.3228331229898618,
        "nauc_recall_at_3_diff1": 0.6314544754645388,
        "nauc_recall_at_3_max": 0.38663581435015504,
        "nauc_recall_at_3_std": 0.1568108686359124,
        "nauc_recall_at_5_diff1": 0.6079379502823387,
        "nauc_recall_at_5_max": 0.3455047905297788,
        "nauc_recall_at_5_std": 0.1977947086988427,
        "ndcg_at_1": 0.56333,
        "ndcg_at_10": 0.69725,
        "ndcg_at_100": 0.72745,
        "ndcg_at_1000": 0.73137,
        "ndcg_at_20": 0.71377,
        "ndcg_at_3": 0.65677,
        "ndcg_at_5": 0.67723,
        "precision_at_1": 0.56333,
        "precision_at_10": 0.08322,
        "precision_at_100": 0.00971,
        "precision_at_1000": 0.001,
        "precision_at_20": 0.04489,
        "precision_at_3": 0.24037,
        "precision_at_5": 0.15422,
        "recall_at_1": 0.56333,
        "recall_at_10": 0.83222,
        "recall_at_100": 0.97111,
        "recall_at_1000": 1.0,
        "recall_at_20": 0.89778,
        "recall_at_3": 0.72111,
        "recall_at_5": 0.77111
      }
    ]
  },
  "task_name": "BelebeleRetrieval"
}