{
  "dataset_revision": "4661603cee25c1fd370e5478a2953203cf37155b",
  "task_name": "MSRVTTV2T",
  "mteb_version": "2.12.32",
  "scores": {
    "test": [
      {
        "ndcg_at_1": 0.36177,
        "ndcg_at_3": 0.46541,
        "ndcg_at_5": 0.50345,
        "ndcg_at_10": 0.5324,
        "ndcg_at_20": 0.55041,
        "ndcg_at_100": 0.58027,
        "ndcg_at_1000": 0.5867,
        "map_at_1": 0.36177,
        "map_at_3": 0.43989,
        "map_at_5": 0.46105,
        "map_at_10": 0.47316,
        "map_at_20": 0.47804,
        "map_at_100": 0.48234,
        "map_at_1000": 0.48259,
        "recall_at_1": 0.36177,
        "recall_at_3": 0.53925,
        "recall_at_5": 0.6314,
        "recall_at_10": 0.72014,
        "recall_at_20": 0.79181,
        "recall_at_100": 0.94994,
        "recall_at_1000": 1.0,
        "accuracy": 0.36177,
        "precision_at_1": 0.36177,
        "precision_at_3": 0.17975,
        "precision_at_5": 0.12628,
        "precision_at_10": 0.07201,
        "precision_at_20": 0.03959,
        "precision_at_100": 0.0095,
        "precision_at_1000": 0.001,
        "mrr_at_1": 0.361775,
        "mrr_at_3": 0.439894,
        "mrr_at_5": 0.461054,
        "mrr_at_10": 0.473157,
        "mrr_at_20": 0.478041,
        "mrr_at_100": 0.482335,
        "mrr_at_1000": 0.482585,
        "nauc_ndcg_at_1_max": 0.101386,
        "nauc_ndcg_at_1_std": -0.182444,
        "nauc_ndcg_at_1_diff1": 0.562563,
        "nauc_ndcg_at_3_max": 0.15097,
        "nauc_ndcg_at_3_std": -0.170826,
        "nauc_ndcg_at_3_diff1": 0.496586,
        "nauc_ndcg_at_5_max": 0.161774,
        "nauc_ndcg_at_5_std": -0.154744,
        "nauc_ndcg_at_5_diff1": 0.474404,
        "nauc_ndcg_at_10_max": 0.175909,
        "nauc_ndcg_at_10_std": -0.140126,
        "nauc_ndcg_at_10_diff1": 0.464094,
        "nauc_ndcg_at_20_max": 0.185147,
        "nauc_ndcg_at_20_std": -0.13089,
        "nauc_ndcg_at_20_diff1": 0.46975,
        "nauc_ndcg_at_100_max": 0.16745,
        "nauc_ndcg_at_100_std": -0.140863,
        "nauc_ndcg_at_100_diff1": 0.489282,
        "nauc_ndcg_at_1000_max": 0.159823,
        "nauc_ndcg_at_1000_std": -0.15021,
        "nauc_ndcg_at_1000_diff1": 0.488398,
        "nauc_map_at_1_max": 0.101386,
        "nauc_map_at_1_std": -0.182444,
        "nauc_map_at_1_diff1": 0.562563,
        "nauc_map_at_3_max": 0.13594,
        "nauc_map_at_3_std": -0.17479,
        "nauc_map_at_3_diff1": 0.510999,
        "nauc_map_at_5_max": 0.140883,
        "nauc_map_at_5_std": -0.167112,
        "nauc_map_at_5_diff1": 0.49918,
        "nauc_map_at_10_max": 0.146457,
        "nauc_map_at_10_std": -0.16161,
        "nauc_map_at_10_diff1": 0.495725,
        "nauc_map_at_20_max": 0.148502,
        "nauc_map_at_20_std": -0.159425,
        "nauc_map_at_20_diff1": 0.497574,
        "nauc_map_at_100_max": 0.145755,
        "nauc_map_at_100_std": -0.161061,
        "nauc_map_at_100_diff1": 0.500008,
        "nauc_map_at_1000_max": 0.145518,
        "nauc_map_at_1000_std": -0.161389,
        "nauc_map_at_1000_diff1": 0.499953,
        "nauc_recall_at_1_max": 0.101386,
        "nauc_recall_at_1_std": -0.182444,
        "nauc_recall_at_1_diff1": 0.562563,
        "nauc_recall_at_3_max": 0.197196,
        "nauc_recall_at_3_std": -0.158481,
        "nauc_recall_at_3_diff1": 0.454199,
        "nauc_recall_at_5_max": 0.234688,
        "nauc_recall_at_5_std": -0.109382,
        "nauc_recall_at_5_diff1": 0.390058,
        "nauc_recall_at_10_max": 0.302451,
        "nauc_recall_at_10_std": -0.042513,
        "nauc_recall_at_10_diff1": 0.331009,
        "nauc_recall_at_20_max": 0.392417,
        "nauc_recall_at_20_std": 0.039103,
        "nauc_recall_at_20_diff1": 0.32902,
        "nauc_recall_at_100_max": 0.489735,
        "nauc_recall_at_100_std": 0.247493,
        "nauc_recall_at_100_diff1": 0.515033,
        "nauc_recall_at_1000_max": NaN,
        "nauc_recall_at_1000_std": NaN,
        "nauc_recall_at_1000_diff1": NaN,
        "nauc_precision_at_1_max": 0.101386,
        "nauc_precision_at_1_std": -0.182444,
        "nauc_precision_at_1_diff1": 0.562563,
        "nauc_precision_at_3_max": 0.197196,
        "nauc_precision_at_3_std": -0.158481,
        "nauc_precision_at_3_diff1": 0.454199,
        "nauc_precision_at_5_max": 0.234688,
        "nauc_precision_at_5_std": -0.109382,
        "nauc_precision_at_5_diff1": 0.390058,
        "nauc_precision_at_10_max": 0.302451,
        "nauc_precision_at_10_std": -0.042513,
        "nauc_precision_at_10_diff1": 0.331009,
        "nauc_precision_at_20_max": 0.392417,
        "nauc_precision_at_20_std": 0.039103,
        "nauc_precision_at_20_diff1": 0.32902,
        "nauc_precision_at_100_max": 0.489735,
        "nauc_precision_at_100_std": 0.247493,
        "nauc_precision_at_100_diff1": 0.515033,
        "nauc_precision_at_1000_max": NaN,
        "nauc_precision_at_1000_std": NaN,
        "nauc_precision_at_1000_diff1": NaN,
        "nauc_mrr_at_1_max": 0.101386,
        "nauc_mrr_at_1_std": -0.182444,
        "nauc_mrr_at_1_diff1": 0.562563,
        "nauc_mrr_at_3_max": 0.13594,
        "nauc_mrr_at_3_std": -0.17479,
        "nauc_mrr_at_3_diff1": 0.510999,
        "nauc_mrr_at_5_max": 0.140883,
        "nauc_mrr_at_5_std": -0.167112,
        "nauc_mrr_at_5_diff1": 0.49918,
        "nauc_mrr_at_10_max": 0.146457,
        "nauc_mrr_at_10_std": -0.16161,
        "nauc_mrr_at_10_diff1": 0.495725,
        "nauc_mrr_at_20_max": 0.148502,
        "nauc_mrr_at_20_std": -0.159425,
        "nauc_mrr_at_20_diff1": 0.497574,
        "nauc_mrr_at_100_max": 0.145755,
        "nauc_mrr_at_100_std": -0.161061,
        "nauc_mrr_at_100_diff1": 0.500008,
        "nauc_mrr_at_1000_max": 0.145518,
        "nauc_mrr_at_1000_std": -0.161389,
        "nauc_mrr_at_1000_diff1": 0.499953,
        "hit_rate_at_1": 0.36177,
        "hit_rate_at_3": 0.53925,
        "hit_rate_at_5": 0.6314,
        "hit_rate_at_10": 0.72014,
        "hit_rate_at_20": 0.79181,
        "hit_rate_at_100": 0.94994,
        "hit_rate_at_1000": 1.0,
        "main_score": 0.5324,
        "hf_subset": "default",
        "languages": [
          "eng-Latn"
        ],
        "mteb_version": "2.12.32"
      }
    ]
  },
  "evaluation_time": 233.6426296234131,
  "kg_co2_emissions": null,
  "date": null
}