{
  "dataset_revision": "0d2e86e6d36927f4676ee6127c4e38e3867ce0ce",
  "task_name": "VATEXT2VARetrieval",
  "mteb_version": "2.12.32",
  "scores": {
    "test": [
      {
        "ndcg_at_1": 0.478,
        "ndcg_at_3": 0.59789,
        "ndcg_at_5": 0.63175,
        "ndcg_at_10": 0.65662,
        "ndcg_at_20": 0.67127,
        "ndcg_at_100": 0.6856,
        "ndcg_at_1000": 0.68871,
        "map_at_1": 0.478,
        "map_at_3": 0.56817,
        "map_at_5": 0.58677,
        "map_at_10": 0.5972,
        "map_at_20": 0.60122,
        "map_at_100": 0.60327,
        "map_at_1000": 0.60341,
        "recall_at_1": 0.478,
        "recall_at_3": 0.684,
        "recall_at_5": 0.767,
        "recall_at_10": 0.843,
        "recall_at_20": 0.901,
        "recall_at_100": 0.977,
        "recall_at_1000": 1.0,
        "accuracy": 0.478,
        "precision_at_1": 0.478,
        "precision_at_3": 0.228,
        "precision_at_5": 0.1534,
        "precision_at_10": 0.0843,
        "precision_at_20": 0.04505,
        "precision_at_100": 0.00977,
        "precision_at_1000": 0.001,
        "mrr_at_1": 0.478,
        "mrr_at_3": 0.568167,
        "mrr_at_5": 0.586767,
        "mrr_at_10": 0.597202,
        "mrr_at_20": 0.601219,
        "mrr_at_100": 0.603272,
        "mrr_at_1000": 0.603415,
        "nauc_ndcg_at_1_max": -0.035033,
        "nauc_ndcg_at_1_std": -0.030355,
        "nauc_ndcg_at_1_diff1": 0.536092,
        "nauc_ndcg_at_3_max": 0.005949,
        "nauc_ndcg_at_3_std": -0.037343,
        "nauc_ndcg_at_3_diff1": 0.484891,
        "nauc_ndcg_at_5_max": 0.023608,
        "nauc_ndcg_at_5_std": -0.032151,
        "nauc_ndcg_at_5_diff1": 0.487246,
        "nauc_ndcg_at_10_max": 0.025128,
        "nauc_ndcg_at_10_std": -0.018655,
        "nauc_ndcg_at_10_diff1": 0.480188,
        "nauc_ndcg_at_20_max": 0.030523,
        "nauc_ndcg_at_20_std": -0.011063,
        "nauc_ndcg_at_20_diff1": 0.48745,
        "nauc_ndcg_at_100_max": 0.017556,
        "nauc_ndcg_at_100_std": -0.018592,
        "nauc_ndcg_at_100_diff1": 0.494604,
        "nauc_ndcg_at_1000_max": 0.012263,
        "nauc_ndcg_at_1000_std": -0.020901,
        "nauc_ndcg_at_1000_diff1": 0.494425,
        "nauc_map_at_1_max": -0.035033,
        "nauc_map_at_1_std": -0.030355,
        "nauc_map_at_1_diff1": 0.536092,
        "nauc_map_at_3_max": -0.006672,
        "nauc_map_at_3_std": -0.033539,
        "nauc_map_at_3_diff1": 0.49803,
        "nauc_map_at_5_max": 0.001927,
        "nauc_map_at_5_std": -0.0306,
        "nauc_map_at_5_diff1": 0.499775,
        "nauc_map_at_10_max": 0.002031,
        "nauc_map_at_10_std": -0.025775,
        "nauc_map_at_10_diff1": 0.497103,
        "nauc_map_at_20_max": 0.003251,
        "nauc_map_at_20_std": -0.024012,
        "nauc_map_at_20_diff1": 0.49903,
        "nauc_map_at_100_max": 0.001676,
        "nauc_map_at_100_std": -0.024718,
        "nauc_map_at_100_diff1": 0.500023,
        "nauc_map_at_1000_max": 0.001447,
        "nauc_map_at_1000_std": -0.024814,
        "nauc_map_at_1000_diff1": 0.500003,
        "nauc_recall_at_1_max": -0.035033,
        "nauc_recall_at_1_std": -0.030355,
        "nauc_recall_at_1_diff1": 0.536092,
        "nauc_recall_at_3_max": 0.049917,
        "nauc_recall_at_3_std": -0.051298,
        "nauc_recall_at_3_diff1": 0.440238,
        "nauc_recall_at_5_max": 0.118719,
        "nauc_recall_at_5_std": -0.038946,
        "nauc_recall_at_5_diff1": 0.435828,
        "nauc_recall_at_10_max": 0.164135,
        "nauc_recall_at_10_std": 0.032594,
        "nauc_recall_at_10_diff1": 0.381424,
        "nauc_recall_at_20_max": 0.283602,
        "nauc_recall_at_20_std": 0.132294,
        "nauc_recall_at_20_diff1": 0.40255,
        "nauc_recall_at_100_max": 0.395973,
        "nauc_recall_at_100_std": 0.149921,
        "nauc_recall_at_100_diff1": 0.496285,
        "nauc_recall_at_1000_max": NaN,
        "nauc_recall_at_1000_std": NaN,
        "nauc_recall_at_1000_diff1": NaN,
        "nauc_precision_at_1_max": -0.035033,
        "nauc_precision_at_1_std": -0.030355,
        "nauc_precision_at_1_diff1": 0.536092,
        "nauc_precision_at_3_max": 0.049917,
        "nauc_precision_at_3_std": -0.051298,
        "nauc_precision_at_3_diff1": 0.440238,
        "nauc_precision_at_5_max": 0.118719,
        "nauc_precision_at_5_std": -0.038946,
        "nauc_precision_at_5_diff1": 0.435828,
        "nauc_precision_at_10_max": 0.164135,
        "nauc_precision_at_10_std": 0.032594,
        "nauc_precision_at_10_diff1": 0.381424,
        "nauc_precision_at_20_max": 0.283602,
        "nauc_precision_at_20_std": 0.132294,
        "nauc_precision_at_20_diff1": 0.40255,
        "nauc_precision_at_100_max": 0.395973,
        "nauc_precision_at_100_std": 0.149921,
        "nauc_precision_at_100_diff1": 0.496285,
        "nauc_precision_at_1000_max": NaN,
        "nauc_precision_at_1000_std": NaN,
        "nauc_precision_at_1000_diff1": NaN,
        "nauc_mrr_at_1_max": -0.035033,
        "nauc_mrr_at_1_std": -0.030355,
        "nauc_mrr_at_1_diff1": 0.536092,
        "nauc_mrr_at_3_max": -0.006672,
        "nauc_mrr_at_3_std": -0.033539,
        "nauc_mrr_at_3_diff1": 0.49803,
        "nauc_mrr_at_5_max": 0.001927,
        "nauc_mrr_at_5_std": -0.0306,
        "nauc_mrr_at_5_diff1": 0.499775,
        "nauc_mrr_at_10_max": 0.002031,
        "nauc_mrr_at_10_std": -0.025775,
        "nauc_mrr_at_10_diff1": 0.497103,
        "nauc_mrr_at_20_max": 0.003251,
        "nauc_mrr_at_20_std": -0.024012,
        "nauc_mrr_at_20_diff1": 0.49903,
        "nauc_mrr_at_100_max": 0.001676,
        "nauc_mrr_at_100_std": -0.024718,
        "nauc_mrr_at_100_diff1": 0.500023,
        "nauc_mrr_at_1000_max": 0.001447,
        "nauc_mrr_at_1000_std": -0.024814,
        "nauc_mrr_at_1000_diff1": 0.500003,
        "hit_rate_at_1": 0.478,
        "hit_rate_at_3": 0.684,
        "hit_rate_at_5": 0.767,
        "hit_rate_at_10": 0.843,
        "hit_rate_at_20": 0.901,
        "hit_rate_at_100": 0.977,
        "hit_rate_at_1000": 1.0,
        "main_score": 0.65662,
        "hf_subset": "default",
        "languages": [
          "eng-Latn"
        ],
        "mteb_version": "2.12.32"
      }
    ]
  },
  "evaluation_time": 895.2345628738403,
  "kg_co2_emissions": null,
  "date": null
}