{
  "dataset_revision": "c9583e052be7ad52d870c62a207a2e887ba9b8aa",
  "evaluation_time": 108.04806113243103,
  "kg_co2_emissions": null,
  "mteb_version": "1.14.1",
  "scores": {
    "test": [
      {
        "cv_recall_at_1": 0.08208,
        "cv_recall_at_10": 0.50566,
        "cv_recall_at_100": 0.94104,
        "cv_recall_at_1000": 0.99623,
        "cv_recall_at_20": 0.71557,
        "cv_recall_at_3": 0.21085,
        "cv_recall_at_5": 0.31321,
        "hf_subset": "default",
        "languages": [
          "eng-Latn"
        ],
        "main_score": 0.25876,
        "map_at_1": 0.08208,
        "map_at_10": 0.18424,
        "map_at_100": 0.20549,
        "map_at_1000": 0.20578,
        "map_at_20": 0.19902,
        "map_at_3": 0.13569,
        "map_at_5": 0.15878,
        "mrr_at_1": 0.0820754716981132,
        "mrr_at_10": 0.1842383572926024,
        "mrr_at_100": 0.20549248220385244,
        "mrr_at_1000": 0.2057831548741384,
        "mrr_at_20": 0.19901605762390864,
        "mrr_at_3": 0.13569182389937115,
        "mrr_at_5": 0.15878144654088,
        "nauc_cv_recall_at_1000_diff1": -0.16304855275446334,
        "nauc_cv_recall_at_1000_max": 0.7718837535013962,
        "nauc_cv_recall_at_1000_std": 0.9489379084967337,
        "nauc_cv_recall_at_100_diff1": -0.32002987861811505,
        "nauc_cv_recall_at_100_max": 0.6210308123249305,
        "nauc_cv_recall_at_100_std": 0.412720821662,
        "nauc_cv_recall_at_10_diff1": -0.013857139967228161,
        "nauc_cv_recall_at_10_max": 0.10358654643659096,
        "nauc_cv_recall_at_10_std": -0.051303658487245135,
        "nauc_cv_recall_at_1_diff1": 0.02898698222662205,
        "nauc_cv_recall_at_1_max": 0.042667826269317664,
        "nauc_cv_recall_at_1_std": -0.03785054078809807,
        "nauc_cv_recall_at_20_diff1": -0.08321837405985853,
        "nauc_cv_recall_at_20_max": 0.190030565990472,
        "nauc_cv_recall_at_20_std": -0.03864319335986944,
        "nauc_cv_recall_at_3_diff1": -0.02082871885741471,
        "nauc_cv_recall_at_3_max": 0.05479275316599656,
        "nauc_cv_recall_at_3_std": -0.04492840197809061,
        "nauc_cv_recall_at_5_diff1": -0.017987852753899084,
        "nauc_cv_recall_at_5_max": 0.058657445633728725,
        "nauc_cv_recall_at_5_std": -0.05043285328578423,
        "nauc_map_at_1000_diff1": -0.006510507398643199,
        "nauc_map_at_1000_max": 0.0721993746295309,
        "nauc_map_at_1000_std": -0.036777170133303096,
        "nauc_map_at_100_diff1": -0.007006312689406556,
        "nauc_map_at_100_max": 0.07287810601748373,
        "nauc_map_at_100_std": -0.03630568232615193,
        "nauc_map_at_10_diff1": -0.001302596447271446,
        "nauc_map_at_10_max": 0.06448303401621405,
        "nauc_map_at_10_std": -0.04200841918198155,
        "nauc_map_at_1_diff1": 0.02898698222662205,
        "nauc_map_at_1_max": 0.042667826269317664,
        "nauc_map_at_1_std": -0.03785054078809807,
        "nauc_map_at_20_diff1": -0.006772172318400011,
        "nauc_map_at_20_max": 0.070340640864153,
        "nauc_map_at_20_std": -0.04049217683866346,
        "nauc_map_at_3_diff1": -0.0007283763921229228,
        "nauc_map_at_3_max": 0.05298823394700488,
        "nauc_map_at_3_std": -0.04169663282302213,
        "nauc_map_at_5_diff1": -0.001801122555208517,
        "nauc_map_at_5_max": 0.05479514191945225,
        "nauc_map_at_5_std": -0.04264537947699984,
        "nauc_mrr_at_1000_diff1": -0.006510507398643199,
        "nauc_mrr_at_1000_max": 0.0721993746295309,
        "nauc_mrr_at_1000_std": -0.036777170133303096,
        "nauc_mrr_at_100_diff1": -0.007006312689406556,
        "nauc_mrr_at_100_max": 0.07287810601748373,
        "nauc_mrr_at_100_std": -0.03630568232615193,
        "nauc_mrr_at_10_diff1": -0.001302596447271446,
        "nauc_mrr_at_10_max": 0.06448303401621405,
        "nauc_mrr_at_10_std": -0.04200841918198155,
        "nauc_mrr_at_1_diff1": 0.02898698222662205,
        "nauc_mrr_at_1_max": 0.042667826269317664,
        "nauc_mrr_at_1_std": -0.03785054078809807,
        "nauc_mrr_at_20_diff1": -0.006772172318400011,
        "nauc_mrr_at_20_max": 0.070340640864153,
        "nauc_mrr_at_20_std": -0.04049217683866346,
        "nauc_mrr_at_3_diff1": -0.0007283763921229228,
        "nauc_mrr_at_3_max": 0.05298823394700488,
        "nauc_mrr_at_3_std": -0.04169663282302213,
        "nauc_mrr_at_5_diff1": -0.001801122555208517,
        "nauc_mrr_at_5_max": 0.05479514191945225,
        "nauc_mrr_at_5_std": -0.04264537947699984,
        "nauc_ndcg_at_1000_diff1": -0.016298224329016942,
        "nauc_ndcg_at_1000_max": 0.09062695649942037,
        "nauc_ndcg_at_1000_std": -0.02731715426532132,
        "nauc_ndcg_at_100_diff1": -0.028264767453912674,
        "nauc_ndcg_at_100_max": 0.10964458205541326,
        "nauc_ndcg_at_100_std": -0.012838091552479945,
        "nauc_ndcg_at_10_diff1": -0.006124175666309968,
        "nauc_ndcg_at_10_max": 0.07645936667113105,
        "nauc_ndcg_at_10_std": -0.04477882894615783,
        "nauc_ndcg_at_1_diff1": 0.02898698222662205,
        "nauc_ndcg_at_1_max": 0.042667826269317664,
        "nauc_ndcg_at_1_std": -0.03785054078809807,
        "nauc_ndcg_at_20_diff1": -0.02473085630921952,
        "nauc_ndcg_at_20_max": 0.09743286781620096,
        "nauc_ndcg_at_20_std": -0.040343009950076295,
        "nauc_ndcg_at_3_diff1": -0.007308502881026242,
        "nauc_ndcg_at_3_max": 0.05369162294449823,
        "nauc_ndcg_at_3_std": -0.04274088343527608,
        "nauc_ndcg_at_5_diff1": -0.007620898518130469,
        "nauc_ndcg_at_5_max": 0.056222806231225546,
        "nauc_ndcg_at_5_std": -0.04512864978013532,
        "nauc_precision_at_1000_diff1": -0.16304855275437521,
        "nauc_precision_at_1000_max": 0.771883753501379,
        "nauc_precision_at_1000_std": 0.9489379084967005,
        "nauc_precision_at_100_diff1": -0.3200298786181148,
        "nauc_precision_at_100_max": 0.6210308123249351,
        "nauc_precision_at_100_std": 0.4127208216619996,
        "nauc_precision_at_10_diff1": -0.013857139967228201,
        "nauc_precision_at_10_max": 0.10358654643659095,
        "nauc_precision_at_10_std": -0.05130365848724515,
        "nauc_precision_at_1_diff1": 0.02898698222662205,
        "nauc_precision_at_1_max": 0.042667826269317664,
        "nauc_precision_at_1_std": -0.03785054078809807,
        "nauc_precision_at_20_diff1": -0.08321837405985895,
        "nauc_precision_at_20_max": 0.19003056599047163,
        "nauc_precision_at_20_std": -0.03864319335986984,
        "nauc_precision_at_3_diff1": -0.020828718857414826,
        "nauc_precision_at_3_max": 0.05479275316599652,
        "nauc_precision_at_3_std": -0.04492840197809076,
        "nauc_precision_at_5_diff1": -0.01798785275389913,
        "nauc_precision_at_5_max": 0.05865744563372872,
        "nauc_precision_at_5_std": -0.05043285328578428,
        "nauc_recall_at_1000_diff1": -0.16304855275446334,
        "nauc_recall_at_1000_max": 0.7718837535013962,
        "nauc_recall_at_1000_std": 0.9489379084967337,
        "nauc_recall_at_100_diff1": -0.32002987861811505,
        "nauc_recall_at_100_max": 0.6210308123249305,
        "nauc_recall_at_100_std": 0.412720821662,
        "nauc_recall_at_10_diff1": -0.013857139967228161,
        "nauc_recall_at_10_max": 0.10358654643659096,
        "nauc_recall_at_10_std": -0.051303658487245135,
        "nauc_recall_at_1_diff1": 0.02898698222662205,
        "nauc_recall_at_1_max": 0.042667826269317664,
        "nauc_recall_at_1_std": -0.03785054078809807,
        "nauc_recall_at_20_diff1": -0.08321837405985853,
        "nauc_recall_at_20_max": 0.190030565990472,
        "nauc_recall_at_20_std": -0.03864319335986944,
        "nauc_recall_at_3_diff1": -0.02082871885741471,
        "nauc_recall_at_3_max": 0.05479275316599656,
        "nauc_recall_at_3_std": -0.04492840197809061,
        "nauc_recall_at_5_diff1": -0.017987852753899084,
        "nauc_recall_at_5_max": 0.058657445633728725,
        "nauc_recall_at_5_std": -0.05043285328578423,