{
  "dataset_revision": "b672042dfc1bfc3b8b857ec1abee89bb69fe2476",
  "task_name": "OmniVideoBenchVideoCentricQA",
  "mteb_version": "2.13.0",
  "scores": {
    "test": [
      {
        "ndcg_at_1": 0.28291,
        "ndcg_at_3": 0.56483,
        "ndcg_at_5": 0.65875,
        "ndcg_at_10": 0.65875,
        "ndcg_at_20": 0.65875,
        "ndcg_at_100": 0.65875,
        "ndcg_at_1000": 0.65875,
        "map_at_1": 0.28291,
        "map_at_3": 0.4905,
        "map_at_5": 0.54502,
        "map_at_10": 0.54502,
        "map_at_20": 0.54502,
        "map_at_100": 0.54502,
        "map_at_1000": 0.54502,
        "recall_at_1": 0.28291,
        "recall_at_3": 0.78193,
        "recall_at_5": 1.0,
        "recall_at_10": 1.0,
        "recall_at_20": 1.0,
        "recall_at_100": 1.0,
        "recall_at_1000": 1.0,
        "accuracy": 0.28291,
        "precision_at_1": 0.28291,
        "precision_at_3": 0.26064,
        "precision_at_5": 0.2,
        "precision_at_10": 0.1,
        "precision_at_20": 0.05,
        "precision_at_100": 0.01,
        "precision_at_1000": 0.001,
        "mrr_at_1": 0.282908,
        "mrr_at_3": 0.490504,
        "mrr_at_5": 0.545023,
        "mrr_at_10": 0.545023,
        "mrr_at_20": 0.545023,
        "mrr_at_100": 0.545023,
        "mrr_at_1000": 0.545023,
        "nauc_ndcg_at_1_max": 0.007131,
        "nauc_ndcg_at_1_std": -0.005379,
        "nauc_ndcg_at_1_diff1": -0.011253,
        "nauc_ndcg_at_3_max": 0.029858,
        "nauc_ndcg_at_3_std": -0.010073,
        "nauc_ndcg_at_3_diff1": -0.028584,
        "nauc_ndcg_at_5_max": 0.0195,
        "nauc_ndcg_at_5_std": -0.004295,
        "nauc_ndcg_at_5_diff1": -0.017911,
        "nauc_ndcg_at_10_max": 0.0195,
        "nauc_ndcg_at_10_std": -0.004295,
        "nauc_ndcg_at_10_diff1": -0.017911,
        "nauc_ndcg_at_20_max": 0.0195,
        "nauc_ndcg_at_20_std": -0.004295,
        "nauc_ndcg_at_20_diff1": -0.017911,
        "nauc_ndcg_at_100_max": 0.0195,
        "nauc_ndcg_at_100_std": -0.004295,
        "nauc_ndcg_at_100_diff1": -0.017911,
        "nauc_ndcg_at_1000_max": 0.0195,
        "nauc_ndcg_at_1000_std": -0.004295,
        "nauc_ndcg_at_1000_diff1": -0.017911,
        "nauc_map_at_1_max": 0.007131,
        "nauc_map_at_1_std": -0.005379,
        "nauc_map_at_1_diff1": -0.011253,
        "nauc_map_at_3_max": 0.024503,
        "nauc_map_at_3_std": -0.007364,
        "nauc_map_at_3_diff1": -0.023279,
        "nauc_map_at_5_max": 0.018848,
        "nauc_map_at_5_std": -0.004267,
        "nauc_map_at_5_diff1": -0.017496,
        "nauc_map_at_10_max": 0.018848,
        "nauc_map_at_10_std": -0.004267,
        "nauc_map_at_10_diff1": -0.017496,
        "nauc_map_at_20_max": 0.018848,
        "nauc_map_at_20_std": -0.004267,
        "nauc_map_at_20_diff1": -0.017496,
        "nauc_map_at_100_max": 0.018848,
        "nauc_map_at_100_std": -0.004267,
        "nauc_map_at_100_diff1": -0.017496,
        "nauc_map_at_1000_max": 0.018848,
        "nauc_map_at_1000_std": -0.004267,
        "nauc_map_at_1000_diff1": -0.017496,
        "nauc_recall_at_1_max": 0.007131,
        "nauc_recall_at_1_std": -0.005379,
        "nauc_recall_at_1_diff1": -0.011253,
        "nauc_recall_at_3_max": 0.051759,
        "nauc_recall_at_3_std": -0.022291,
        "nauc_recall_at_3_diff1": -0.05115,
        "nauc_recall_at_5_max": NaN,
        "nauc_recall_at_5_std": NaN,
        "nauc_recall_at_5_diff1": NaN,
        "nauc_recall_at_10_max": NaN,
        "nauc_recall_at_10_std": NaN,
        "nauc_recall_at_10_diff1": NaN,
        "nauc_recall_at_20_max": NaN,
        "nauc_recall_at_20_std": NaN,
        "nauc_recall_at_20_diff1": NaN,
        "nauc_recall_at_100_max": NaN,
        "nauc_recall_at_100_std": NaN,
        "nauc_recall_at_100_diff1": NaN,
        "nauc_recall_at_1000_max": NaN,
        "nauc_recall_at_1000_std": NaN,
        "nauc_recall_at_1000_diff1": NaN,
        "nauc_precision_at_1_max": 0.007131,
        "nauc_precision_at_1_std": -0.005379,
        "nauc_precision_at_1_diff1": -0.011253,
        "nauc_precision_at_3_max": 0.051759,
        "nauc_precision_at_3_std": -0.022291,
        "nauc_precision_at_3_diff1": -0.05115,
        "nauc_precision_at_5_max": 1.0,
        "nauc_precision_at_5_std": 1.0,
        "nauc_precision_at_5_diff1": 1.0,
        "nauc_precision_at_10_max": 1.0,
        "nauc_precision_at_10_std": 1.0,
        "nauc_precision_at_10_diff1": 1.0,
        "nauc_precision_at_20_max": 1.0,
        "nauc_precision_at_20_std": 1.0,
        "nauc_precision_at_20_diff1": 1.0,
        "nauc_precision_at_100_max": 1.0,
        "nauc_precision_at_100_std": 1.0,
        "nauc_precision_at_100_diff1": 1.0,
        "nauc_precision_at_1000_max": 1.0,
        "nauc_precision_at_1000_std": 1.0,
        "nauc_precision_at_1000_diff1": 1.0,
        "nauc_mrr_at_1_max": 0.007131,
        "nauc_mrr_at_1_std": -0.005379,
        "nauc_mrr_at_1_diff1": -0.011253,
        "nauc_mrr_at_3_max": 0.024503,
        "nauc_mrr_at_3_std": -0.007364,
        "nauc_mrr_at_3_diff1": -0.023279,
        "nauc_mrr_at_5_max": 0.018848,
        "nauc_mrr_at_5_std": -0.004267,
        "nauc_mrr_at_5_diff1": -0.017496,
        "nauc_mrr_at_10_max": 0.018848,
        "nauc_mrr_at_10_std": -0.004267,
        "nauc_mrr_at_10_diff1": -0.017496,
        "nauc_mrr_at_20_max": 0.018848,
        "nauc_mrr_at_20_std": -0.004267,
        "nauc_mrr_at_20_diff1": -0.017496,
        "nauc_mrr_at_100_max": 0.018848,
        "nauc_mrr_at_100_std": -0.004267,
        "nauc_mrr_at_100_diff1": -0.017496,
        "nauc_mrr_at_1000_max": 0.018848,
        "nauc_mrr_at_1000_std": -0.004267,
        "nauc_mrr_at_1000_diff1": -0.017496,
        "hit_rate_at_1": 0.28291,
        "hit_rate_at_3": 0.78193,
        "hit_rate_at_5": 1.0,
        "hit_rate_at_10": 1.0,
        "hit_rate_at_20": 1.0,
        "hit_rate_at_100": 1.0,
        "hit_rate_at_1000": 1.0,
        "main_score": 0.28291,
        "hf_subset": "default",
        "languages": [
          "eng-Latn"
        ],
        "mteb_version": "2.13.0"
      }
    ]
  },
  "evaluation_time": 25498.755188703537,
  "kg_co2_emissions": null,
  "date": null
}