{
  "dataset_revision": "10c7ce0eb32d620f1f685bfedde2724066068a1c",
  "task_name": "WorldSense1MinVideoAudioCentricQA",
  "mteb_version": "2.13.0",
  "scores": {
    "test": [
      {
        "ndcg_at_1": 0.34002,
        "ndcg_at_3": 0.62865,
        "ndcg_at_5": 0.69734,
        "ndcg_at_10": 0.69734,
        "ndcg_at_20": 0.69734,
        "ndcg_at_100": 0.69734,
        "ndcg_at_1000": 0.69734,
        "map_at_1": 0.34002,
        "map_at_3": 0.55571,
        "map_at_5": 0.59559,
        "map_at_10": 0.59559,
        "map_at_20": 0.59559,
        "map_at_100": 0.59559,
        "map_at_1000": 0.59559,
        "recall_at_1": 0.34002,
        "recall_at_3": 0.8405,
        "recall_at_5": 1.0,
        "recall_at_10": 1.0,
        "recall_at_20": 1.0,
        "recall_at_100": 1.0,
        "recall_at_1000": 1.0,
        "accuracy": 0.34002,
        "precision_at_1": 0.34002,
        "precision_at_3": 0.28017,
        "precision_at_5": 0.2,
        "precision_at_10": 0.1,
        "precision_at_20": 0.05,
        "precision_at_100": 0.01,
        "precision_at_1000": 0.001,
        "mrr_at_1": 0.340019,
        "mrr_at_3": 0.555715,
        "mrr_at_5": 0.595591,
        "mrr_at_10": 0.595591,
        "mrr_at_20": 0.595591,
        "mrr_at_100": 0.595591,
        "mrr_at_1000": 0.595591,
        "nauc_ndcg_at_1_max": 0.103488,
        "nauc_ndcg_at_1_std": 0.198384,
        "nauc_ndcg_at_1_diff1": 0.16191,
        "nauc_ndcg_at_3_max": 0.13547,
        "nauc_ndcg_at_3_std": 0.226227,
        "nauc_ndcg_at_3_diff1": 0.176603,
        "nauc_ndcg_at_5_max": 0.122841,
        "nauc_ndcg_at_5_std": 0.209358,
        "nauc_ndcg_at_5_diff1": 0.161007,
        "nauc_ndcg_at_10_max": 0.122841,
        "nauc_ndcg_at_10_std": 0.209358,
        "nauc_ndcg_at_10_diff1": 0.161007,
        "nauc_ndcg_at_20_max": 0.122841,
        "nauc_ndcg_at_20_std": 0.209358,
        "nauc_ndcg_at_20_diff1": 0.161007,
        "nauc_ndcg_at_100_max": 0.122841,
        "nauc_ndcg_at_100_std": 0.209358,
        "nauc_ndcg_at_100_diff1": 0.161007,
        "nauc_ndcg_at_1000_max": 0.122841,
        "nauc_ndcg_at_1000_std": 0.209358,
        "nauc_ndcg_at_1000_diff1": 0.161007,
        "nauc_map_at_1_max": 0.103488,
        "nauc_map_at_1_std": 0.198384,
        "nauc_map_at_1_diff1": 0.16191,
        "nauc_map_at_3_max": 0.128464,
        "nauc_map_at_3_std": 0.217442,
        "nauc_map_at_3_diff1": 0.168907,
        "nauc_map_at_5_max": 0.121828,
        "nauc_map_at_5_std": 0.20867,
        "nauc_map_at_5_diff1": 0.160865,
        "nauc_map_at_10_max": 0.121828,
        "nauc_map_at_10_std": 0.20867,
        "nauc_map_at_10_diff1": 0.160865,
        "nauc_map_at_20_max": 0.121828,
        "nauc_map_at_20_std": 0.20867,
        "nauc_map_at_20_diff1": 0.160865,
        "nauc_map_at_100_max": 0.121828,
        "nauc_map_at_100_std": 0.20867,
        "nauc_map_at_100_diff1": 0.160865,
        "nauc_map_at_1000_max": 0.121828,
        "nauc_map_at_1000_std": 0.20867,
        "nauc_map_at_1000_diff1": 0.160865,
        "nauc_recall_at_1_max": 0.103488,
        "nauc_recall_at_1_std": 0.198384,
        "nauc_recall_at_1_diff1": 0.16191,
        "nauc_recall_at_3_max": 0.170125,
        "nauc_recall_at_3_std": 0.272517,
        "nauc_recall_at_3_diff1": 0.2194,
        "nauc_recall_at_5_max": NaN,
        "nauc_recall_at_5_std": NaN,
        "nauc_recall_at_5_diff1": NaN,
        "nauc_recall_at_10_max": NaN,
        "nauc_recall_at_10_std": NaN,
        "nauc_recall_at_10_diff1": NaN,
        "nauc_recall_at_20_max": NaN,
        "nauc_recall_at_20_std": NaN,
        "nauc_recall_at_20_diff1": NaN,
        "nauc_recall_at_100_max": NaN,
        "nauc_recall_at_100_std": NaN,
        "nauc_recall_at_100_diff1": NaN,
        "nauc_recall_at_1000_max": NaN,
        "nauc_recall_at_1000_std": NaN,
        "nauc_recall_at_1000_diff1": NaN,
        "nauc_precision_at_1_max": 0.103488,
        "nauc_precision_at_1_std": 0.198384,
        "nauc_precision_at_1_diff1": 0.16191,
        "nauc_precision_at_3_max": 0.170125,
        "nauc_precision_at_3_std": 0.272517,
        "nauc_precision_at_3_diff1": 0.2194,
        "nauc_precision_at_5_max": NaN,
        "nauc_precision_at_5_std": NaN,
        "nauc_precision_at_5_diff1": NaN,
        "nauc_precision_at_10_max": NaN,
        "nauc_precision_at_10_std": NaN,
        "nauc_precision_at_10_diff1": NaN,
        "nauc_precision_at_20_max": NaN,
        "nauc_precision_at_20_std": NaN,
        "nauc_precision_at_20_diff1": NaN,
        "nauc_precision_at_100_max": NaN,
        "nauc_precision_at_100_std": NaN,
        "nauc_precision_at_100_diff1": NaN,
        "nauc_precision_at_1000_max": NaN,
        "nauc_precision_at_1000_std": NaN,
        "nauc_precision_at_1000_diff1": NaN,
        "nauc_mrr_at_1_max": 0.103488,
        "nauc_mrr_at_1_std": 0.198384,
        "nauc_mrr_at_1_diff1": 0.16191,
        "nauc_mrr_at_3_max": 0.128464,
        "nauc_mrr_at_3_std": 0.217442,
        "nauc_mrr_at_3_diff1": 0.168907,
        "nauc_mrr_at_5_max": 0.121828,
        "nauc_mrr_at_5_std": 0.20867,
        "nauc_mrr_at_5_diff1": 0.160865,
        "nauc_mrr_at_10_max": 0.121828,
        "nauc_mrr_at_10_std": 0.20867,
        "nauc_mrr_at_10_diff1": 0.160865,
        "nauc_mrr_at_20_max": 0.121828,
        "nauc_mrr_at_20_std": 0.20867,
        "nauc_mrr_at_20_diff1": 0.160865,
        "nauc_mrr_at_100_max": 0.121828,
        "nauc_mrr_at_100_std": 0.20867,
        "nauc_mrr_at_100_diff1": 0.160865,
        "nauc_mrr_at_1000_max": 0.121828,
        "nauc_mrr_at_1000_std": 0.20867,
        "nauc_mrr_at_1000_diff1": 0.160865,
        "hit_rate_at_1": 0.34002,
        "hit_rate_at_3": 0.8405,
        "hit_rate_at_5": 1.0,
        "hit_rate_at_10": 1.0,
        "hit_rate_at_20": 1.0,
        "hit_rate_at_100": 1.0,
        "hit_rate_at_1000": 1.0,
        "main_score": 0.34002,
        "hf_subset": "default",
        "languages": [
          "eng-Latn"
        ],
        "mteb_version": "2.13.0"
      }
    ]
  },
  "evaluation_time": 106321.91227269173,
  "kg_co2_emissions": null,
  "date": null
}