{
  "dataset_revision": "e387ddf167f3eba99936cff89909ed6264f17e1f",
  "mteb_dataset_name": "CzechSubjectivityClassification",
  "mteb_version": "1.6.12",
  "test": {
    "accuracy": 0.8290000000000001,
    "accuracy_stderr": 0.02445812748351761,
    "ap": 0.7869781062955277,
    "ap_stderr": 0.03385583660272538,
    "evaluation_time": 4.92,
    "f1": 0.8278784196287988,
    "f1_stderr": 0.024992957553718758,
    "main_score": 0.8290000000000001
  },
  "validation": {
    "accuracy": 0.819,
    "accuracy_stderr": 0.02668707552355632,
    "ap": 0.7691718361560658,
    "ap_stderr": 0.03470470857048776,
    "evaluation_time": 5.7,
    "f1": 0.8181910083784236,
    "f1_stderr": 0.026792118474868454,
    "main_score": 0.819
  }
}