{
  "dataset_revision": "b672042dfc1bfc3b8b857ec1abee89bb69fe2476",
  "task_name": "OmniVideoBenchVideoCentricQA",
  "mteb_version": "2.13.1",
  "scores": {
    "test": [
      {
        "ndcg_at_1": 0.23576,
        "ndcg_at_3": 0.52451,
        "ndcg_at_5": 0.63196,
        "ndcg_at_10": 0.63196,
        "ndcg_at_20": 0.63196,
        "ndcg_at_100": 0.63196,
        "ndcg_at_1000": 0.63196,
        "map_at_1": 0.23576,
        "map_at_3": 0.44728,
        "map_at_5": 0.50966,
        "map_at_10": 0.50966,
        "map_at_20": 0.50966,
        "map_at_100": 0.50966,
        "map_at_1000": 0.50966,
        "recall_at_1": 0.23576,
        "recall_at_3": 0.75049,
        "recall_at_5": 1.0,
        "recall_at_10": 1.0,
        "recall_at_20": 1.0,
        "recall_at_100": 1.0,
        "recall_at_1000": 1.0,
        "accuracy": 0.23576,
        "precision_at_1": 0.23576,
        "precision_at_3": 0.25016,
        "precision_at_5": 0.2,
        "precision_at_10": 0.1,
        "precision_at_20": 0.05,
        "precision_at_100": 0.01,
        "precision_at_1000": 0.001,
        "mrr_at_1": 0.235756,
        "mrr_at_3": 0.447282,
        "mrr_at_5": 0.509659,
        "mrr_at_10": 0.509659,
        "mrr_at_20": 0.509659,
        "mrr_at_100": 0.509659,
        "mrr_at_1000": 0.509659,
        "nauc_ndcg_at_1_max": 0.024636,
        "nauc_ndcg_at_1_std": 0.073268,
        "nauc_ndcg_at_1_diff1": 0.020938,
        "nauc_ndcg_at_3_max": 0.066327,
        "nauc_ndcg_at_3_std": 0.103922,
        "nauc_ndcg_at_3_diff1": 0.030781,
        "nauc_ndcg_at_5_max": 0.040444,
        "nauc_ndcg_at_5_std": 0.076778,
        "nauc_ndcg_at_5_diff1": 0.027256,
        "nauc_ndcg_at_10_max": 0.040444,
        "nauc_ndcg_at_10_std": 0.076778,
        "nauc_ndcg_at_10_diff1": 0.027256,
        "nauc_ndcg_at_20_max": 0.040444,
        "nauc_ndcg_at_20_std": 0.076778,
        "nauc_ndcg_at_20_diff1": 0.027256,
        "nauc_ndcg_at_100_max": 0.040444,
        "nauc_ndcg_at_100_std": 0.076778,
        "nauc_ndcg_at_100_diff1": 0.027256,
        "nauc_ndcg_at_1000_max": 0.040444,
        "nauc_ndcg_at_1000_std": 0.076778,
        "nauc_ndcg_at_1000_diff1": 0.027256,
        "nauc_map_at_1_max": 0.024636,
        "nauc_map_at_1_std": 0.073268,
        "nauc_map_at_1_diff1": 0.020938,
        "nauc_map_at_3_max": 0.053844,
        "nauc_map_at_3_std": 0.091254,
        "nauc_map_at_3_diff1": 0.028946,
        "nauc_map_at_5_max": 0.039463,
        "nauc_map_at_5_std": 0.076274,
        "nauc_map_at_5_diff1": 0.026955,
        "nauc_map_at_10_max": 0.039463,
        "nauc_map_at_10_std": 0.076274,
        "nauc_map_at_10_diff1": 0.026955,
        "nauc_map_at_20_max": 0.039463,
        "nauc_map_at_20_std": 0.076274,
        "nauc_map_at_20_diff1": 0.026955,
        "nauc_map_at_100_max": 0.039463,
        "nauc_map_at_100_std": 0.076274,
        "nauc_map_at_100_diff1": 0.026955,
        "nauc_map_at_1000_max": 0.039463,
        "nauc_map_at_1000_std": 0.076274,
        "nauc_map_at_1000_diff1": 0.026955,
        "nauc_recall_at_1_max": 0.024636,
        "nauc_recall_at_1_std": 0.073268,
        "nauc_recall_at_1_diff1": 0.020938,
        "nauc_recall_at_3_max": 0.113745,
        "nauc_recall_at_3_std": 0.15365,
        "nauc_recall_at_3_diff1": 0.037238,
        "nauc_recall_at_5_max": NaN,
        "nauc_recall_at_5_std": NaN,
        "nauc_recall_at_5_diff1": NaN,
        "nauc_recall_at_10_max": NaN,
        "nauc_recall_at_10_std": NaN,
        "nauc_recall_at_10_diff1": NaN,
        "nauc_recall_at_20_max": NaN,
        "nauc_recall_at_20_std": NaN,
        "nauc_recall_at_20_diff1": NaN,
        "nauc_recall_at_100_max": NaN,
        "nauc_recall_at_100_std": NaN,
        "nauc_recall_at_100_diff1": NaN,
        "nauc_recall_at_1000_max": NaN,
        "nauc_recall_at_1000_std": NaN,
        "nauc_recall_at_1000_diff1": NaN,
        "nauc_precision_at_1_max": 0.024636,
        "nauc_precision_at_1_std": 0.073268,
        "nauc_precision_at_1_diff1": 0.020938,
        "nauc_precision_at_3_max": 0.113745,
        "nauc_precision_at_3_std": 0.15365,
        "nauc_precision_at_3_diff1": 0.037238,
        "nauc_precision_at_5_max": 1.0,
        "nauc_precision_at_5_std": 1.0,
        "nauc_precision_at_5_diff1": 1.0,
        "nauc_precision_at_10_max": 1.0,
        "nauc_precision_at_10_std": 1.0,
        "nauc_precision_at_10_diff1": 1.0,
        "nauc_precision_at_20_max": 1.0,
        "nauc_precision_at_20_std": 1.0,
        "nauc_precision_at_20_diff1": 1.0,
        "nauc_precision_at_100_max": 1.0,
        "nauc_precision_at_100_std": 1.0,
        "nauc_precision_at_100_diff1": 1.0,
        "nauc_precision_at_1000_max": 1.0,
        "nauc_precision_at_1000_std": 1.0,
        "nauc_precision_at_1000_diff1": 1.0,
        "nauc_mrr_at_1_max": 0.024636,
        "nauc_mrr_at_1_std": 0.073268,
        "nauc_mrr_at_1_diff1": 0.020938,
        "nauc_mrr_at_3_max": 0.053844,
        "nauc_mrr_at_3_std": 0.091254,
        "nauc_mrr_at_3_diff1": 0.028946,
        "nauc_mrr_at_5_max": 0.039463,
        "nauc_mrr_at_5_std": 0.076274,
        "nauc_mrr_at_5_diff1": 0.026955,
        "nauc_mrr_at_10_max": 0.039463,
        "nauc_mrr_at_10_std": 0.076274,
        "nauc_mrr_at_10_diff1": 0.026955,
        "nauc_mrr_at_20_max": 0.039463,
        "nauc_mrr_at_20_std": 0.076274,
        "nauc_mrr_at_20_diff1": 0.026955,
        "nauc_mrr_at_100_max": 0.039463,
        "nauc_mrr_at_100_std": 0.076274,
        "nauc_mrr_at_100_diff1": 0.026955,
        "nauc_mrr_at_1000_max": 0.039463,
        "nauc_mrr_at_1000_std": 0.076274,
        "nauc_mrr_at_1000_diff1": 0.026955,
        "hit_rate_at_1": 0.23576,
        "hit_rate_at_3": 0.75049,
        "hit_rate_at_5": 1.0,
        "hit_rate_at_10": 1.0,
        "hit_rate_at_20": 1.0,
        "hit_rate_at_100": 1.0,
        "hit_rate_at_1000": 1.0,
        "main_score": 0.23576,
        "hf_subset": "default",
        "languages": [
          "eng-Latn"
        ],
        "mteb_version": "2.13.1"
      }
    ]
  },
  "evaluation_time": 1062.7350001335144,
  "kg_co2_emissions": null,
  "date": null
}