{
  "dataset_revision": "f43b4f32987048043a8b31e5e26be4d360c2438f",
  "mteb_dataset_name": "ArmenianParaphrasePC",
  "mteb_version": "1.6.8",
  "test": {
    "cos_sim": {
      "accuracy": 0.889795918367347,
      "accuracy_threshold": 0.701179027557373,
      "ap": 0.935202178372116,
      "f1": 0.9244402985074627,
      "f1_threshold": 0.701179027557373,
      "precision": 0.8824577025823687,
      "recall": 0.970617042115573
    },
    "dot": {
      "accuracy": 0.8639455782312925,
      "accuracy_threshold": 5.3351593017578125,
      "ap": 0.89987053314738,
      "f1": 0.9092558983666061,
      "f1_threshold": 5.3351593017578125,
      "precision": 0.8469991546914624,
      "recall": 0.9813907933398629
    },
    "euclidean": {
      "accuracy": 0.8870748299319728,
      "accuracy_threshold": 2.897085666656494,
      "ap": 0.934383416888146,
      "f1": 0.923992673992674,
      "f1_threshold": 3.11806058883667,
      "precision": 0.8675838349097162,
      "recall": 0.9882468168462292
    },
    "evaluation_time": 63.03,
    "manhattan": {
      "accuracy": 0.8870748299319728,
      "accuracy_threshold": 45.5946044921875,
      "ap": 0.9340478237854842,
      "f1": 0.9242700729927008,
      "f1_threshold": 50.29770278930664,
      "precision": 0.8650725875320239,
      "recall": 0.9921645445641528
    },
    "max": {
      "accuracy": 0.889795918367347,
      "ap": 0.935202178372116,
      "f1": 0.9244402985074627
    }
  }
}