{
  "dataset_revision": "a4b3685b1854cc26c554dda4c7cb918a36a6fb6c",
  "mteb_dataset_name": "BengaliSentimentAnalysis",
  "mteb_version": "1.7.17",
  "train": {
    "accuracy": 0.6267578125,
    "accuracy_stderr": 0.03611908523026426,
    "ap": 0.7938445145047481,
    "ap_stderr": 0.016033199516799757,
    "evaluation_time": 52.43,
    "f1": 0.6061352150370449,
    "f1_stderr": 0.030922844922113873,
    "main_score": 0.6061352150370449
  }
}