{
  "dataset_revision": "1372f0696870b8ad09ec3ed123173be722c7a891",
  "mteb_dataset_name": "BShiftClassification",
  "mteb_version": "1.6.8",
  "test": {
    "accuracy": 0.50322265625,
    "accuracy_stderr": 0.013336783598489168,
    "ap": 0.5018061522555893,
    "ap_stderr": 0.0068330927965673015,
    "evaluation_time": 33.57,
    "f1": 0.5005683209638871,
    "f1_stderr": 0.013400153809299004,
    "main_score": 0.50322265625
  }
}