{
  "dataset_revision": "cf24d44e517efa534f048e5fc5981f399ed25bee",
  "mteb_dataset_name": "CataloniaTweetClassification",
  "mteb_version": "1.6.37",
  "test": {
    "catalan": {
      "accuracy": 0.43019999999999997,
      "accuracy_stderr": 0.04952888046382634,
      "f1": 0.4126601099708986,
      "f1_stderr": 0.04601771378692479,
      "main_score": 0.43019999999999997
    },
    "evaluation_time": 42.22,
    "spanish": {
      "accuracy": 0.42794999999999994,
      "accuracy_stderr": 0.03462979208716101,
      "f1": 0.42401316490609303,
      "f1_stderr": 0.040485644702449405,
      "main_score": 0.42794999999999994
    }
  }
}