{
  "dataset_revision": "12ca3b695563788fead87a982ad1a068284413f4",
  "mteb_dataset_name": "ContractNLILimitedUseLegalBenchClassification",
  "mteb_version": "1.7.7",
  "test": {
    "accuracy": 0.5625,
    "accuracy_stderr": 0.0,
    "ap": 0.5074625900768887,
    "ap_stderr": 1.1102230246251565e-16,
    "evaluation_time": 18.16,
    "f1": 0.5550017632537909,
    "f1_stderr": 0.0,
    "main_score": 0.5625
  }
}