{
  "dataset_revision": "12ca3b695563788fead87a982ad1a068284413f4",
  "mteb_dataset_name": "ContractNLIConfidentialityOfAgreementLegalBenchClassification",
  "mteb_version": "1.7.7",
  "test": {
    "accuracy": 0.5365853658536587,
    "accuracy_stderr": 1.1102230246251565e-16,
    "ap": 0.5194126431060229,
    "ap_stderr": 0.0,
    "evaluation_time": 13.3,
    "f1": 0.5321321321321321,
    "f1_stderr": 1.1102230246251565e-16,
    "main_score": 0.5365853658536587
  }
}