{
  "dataset_revision": "12ca3b695563788fead87a982ad1a068284413f4",
  "mteb_dataset_name": "ContractNLIReturnOfConfidentialInformationLegalBenchClassification",
  "mteb_version": "1.7.7",
  "test": {
    "accuracy": 0.803030303030303,
    "accuracy_stderr": 0.0,
    "ap": 0.7361009286412512,
    "ap_stderr": 0.0,
    "evaluation_time": 12.9,
    "f1": 0.8026224982746722,
    "f1_stderr": 1.1102230246251565e-16,
    "main_score": 0.803030303030303
  }
}