{
  "dataset_revision": "12ca3b695563788fead87a982ad1a068284413f4",
  "mteb_dataset_name": "CUADAuditRightsLegalBenchClassification",
  "mteb_version": "1.7.7",
  "test": {
    "accuracy": 0.8745733788395904,
    "accuracy_stderr": 0.0,
    "ap": 0.8421244608986843,
    "ap_stderr": 0.0,
    "evaluation_time": 84.24,
    "f1": 0.8742965461537956,
    "f1_stderr": 1.1102230246251565e-16,
    "main_score": 0.8745733788395904
  }
}