{
  "dataset_revision": "12ca3b695563788fead87a982ad1a068284413f4",
  "mteb_dataset_name": "CUADNoSolicitOfEmployeesLegalBenchClassification",
  "mteb_version": "1.7.7",
  "test": {
    "accuracy": 0.7183098591549297,
    "accuracy_stderr": 1.1102230246251565e-16,
    "ap": 0.6433347560108122,
    "ap_stderr": 0.0,
    "evaluation_time": 26.89,
    "f1": 0.7069143446852424,
    "f1_stderr": 0.0,
    "main_score": 0.7183098591549297
  }
}