{
  "dataset_revision": "12ca3b695563788fead87a982ad1a068284413f4",
  "mteb_dataset_name": "CUADMinimumCommitmentLegalBenchClassification",
  "mteb_version": "1.7.7",
  "test": {
    "accuracy": 0.7746113989637305,
    "accuracy_stderr": 0.0,
    "ap": 0.7072787963332006,
    "ap_stderr": 1.1102230246251565e-16,
    "evaluation_time": 87.72,
    "f1": 0.7742705231530337,
    "f1_stderr": 1.1102230246251565e-16,
    "main_score": 0.7746113989637305
  }
}