{
  "dataset_revision": "12ca3b695563788fead87a982ad1a068284413f4",
  "mteb_dataset_name": "CUADWarrantyDurationLegalBenchClassification",
  "mteb_version": "1.7.7",
  "test": {
    "accuracy": 0.690625,
    "accuracy_stderr": 0.0,
    "ap": 0.6267398648648649,
    "ap_stderr": 0.0,
    "evaluation_time": 31.95,
    "f1": 0.6887251289609433,
    "f1_stderr": 0.0,
    "main_score": 0.690625
  }
}