{
  "dataset_revision": "12ca3b695563788fead87a982ad1a068284413f4",
  "mteb_dataset_name": "CUADUncappedLiabilityLegalBenchClassification",
  "mteb_version": "1.7.7",
  "test": {
    "accuracy": 0.7687074829931972,
    "accuracy_stderr": 0.0,
    "ap": 0.6861290857806537,
    "ap_stderr": 0.0,
    "evaluation_time": 44.73,
    "f1": 0.7593412942989215,
    "f1_stderr": 0.0,
    "main_score": 0.7687074829931972
  }
}