{
  "dataset_revision": "12ca3b695563788fead87a982ad1a068284413f4",
  "mteb_dataset_name": "CUADRevenueProfitSharingLegalBenchClassification",
  "mteb_version": "1.7.7",
  "test": {
    "accuracy": 0.8074935400516796,
    "accuracy_stderr": 0.0,
    "ap": 0.7902830807204289,
    "ap_stderr": 0.0,
    "evaluation_time": 110.87,
    "f1": 0.8028328902490106,
    "f1_stderr": 1.1102230246251565e-16,
    "main_score": 0.8074935400516796
  }
}