{
  "dataset_revision": "5d01e3f6a661d48e127ab5d7e3aaa0dc8331438a",
  "mteb_dataset_name": "DanFEVER",
  "mteb_version": "1.2.1.dev0",
  "train": {
    "evaluation_time": 21.94,
    "map_at_1": 0.27656,
    "map_at_10": 0.34042,
    "map_at_100": 0.34215,
    "map_at_1000": 0.34218,
    "map_at_3": 0.33252,
    "map_at_5": 0.33752,
    "mrr_at_1": 0.27664,
    "mrr_at_10": 0.34049,
    "mrr_at_100": 0.34222,
    "mrr_at_1000": 0.34224,
    "mrr_at_3": 0.33273,
    "mrr_at_5": 0.33756,
    "ndcg_at_1": 0.27664,
    "ndcg_at_10": 0.36542,
    "ndcg_at_100": 0.37339,
    "ndcg_at_1000": 0.37403,
    "ndcg_at_3": 0.34942,
    "ndcg_at_5": 0.35841,
    "precision_at_1": 0.27664,
    "precision_at_10": 0.04417,
    "precision_at_100": 0.00478,
    "precision_at_1000": 0.00048,
    "precision_at_3": 0.1327,
    "precision_at_5": 0.08398,
    "recall_at_1": 0.27656,
    "recall_at_10": 0.44131,
    "recall_at_100": 0.47748,
    "recall_at_1000": 0.4825,
    "recall_at_3": 0.39793,
    "recall_at_5": 0.41966
  }
}