{
  "dataset_revision": "570d90ae4f7b64fe4fdd5f42fc9f9279b8c9fd9d",
  "mteb_dataset_name": "IndicQARetrieval",
  "mteb_version": "1.7.17",
  "test": {
    "as": {
      "map_at_1": 0.01793,
      "map_at_10": 0.03555,
      "map_at_100": 0.04604,
      "map_at_1000": 0.04928,
      "map_at_20": 0.03923,
      "map_at_3": 0.02502,
      "map_at_5": 0.0304,
      "mrr_at_1": 0.01793,
      "mrr_at_10": 0.03559,
      "mrr_at_100": 0.04605,
      "mrr_at_1000": 0.04929,
      "mrr_at_20": 0.03924,
      "mrr_at_3": 0.02502,
      "mrr_at_5": 0.0304,
      "ndcg_at_1": 0.01793,
      "ndcg_at_10": 0.04978,
      "ndcg_at_100": 0.12041,
      "ndcg_at_1000": 0.19159,
      "ndcg_at_20": 0.06369,
      "ndcg_at_3": 0.0275,
      "ndcg_at_5": 0.03731,
      "precision_at_1": 0.01793,
      "precision_at_10": 0.00975,
      "precision_at_100": 0.00476,
      "precision_at_1000": 0.001,
      "precision_at_20": 0.0077,
      "precision_at_3": 0.01158,
      "precision_at_5": 0.01176,
      "recall_at_1": 0.01793,
      "recall_at_10": 0.0972,
      "recall_at_100": 0.47479,
      "recall_at_1000": 1.0,
      "recall_at_20": 0.15322,
      "recall_at_3": 0.03473,
      "recall_at_5": 0.05882
    },
    "bn": {
      "map_at_1": 0.02611,
      "map_at_10": 0.05012,
      "map_at_100": 0.06227,
      "map_at_1000": 0.06509,
      "map_at_20": 0.05425,
      "map_at_3": 0.04143,
      "map_at_5": 0.04572,
      "mrr_at_1": 0.02611,
      "mrr_at_10": 0.05012,
      "mrr_at_100": 0.06229,
      "mrr_at_1000": 0.06511,
      "mrr_at_20": 0.05427,
      "mrr_at_3": 0.04143,
      "mrr_at_5": 0.04572,
      "ndcg_at_1": 0.02611,
      "ndcg_at_10": 0.06512,
      "ndcg_at_100": 0.14741,
      "ndcg_at_1000": 0.20805,
      "ndcg_at_20": 0.08044,
      "ndcg_at_3": 0.04652,
      "ndcg_at_5": 0.05436,
      "precision_at_1": 0.02611,
      "precision_at_10": 0.01141,
      "precision_at_100": 0.00555,
      "precision_at_1000": 0.001,
      "precision_at_20": 0.00877,
      "precision_at_3": 0.02043,
      "precision_at_5": 0.01612,
      "recall_at_1": 0.02611,
      "recall_at_10": 0.11407,
      "recall_at_100": 0.55477,
      "recall_at_1000": 1.0,
      "recall_at_20": 0.17509,
      "recall_at_3": 0.06129,
      "recall_at_5": 0.08059
    },
    "evaluation_time": 14.68,
    "gu": {
      "map_at_1": 0.17171,
      "map_at_10": 0.2269,
      "map_at_100": 0.24224,
      "map_at_1000": 0.24347,
      "map_at_20": 0.23353,
      "map_at_3": 0.20815,
      "map_at_5": 0.21892,
      "mrr_at_1": 0.17171,
      "mrr_at_10": 0.2269,
      "mrr_at_100": 0.24224,
      "mrr_at_1000": 0.24347,
      "mrr_at_20": 0.23353,
      "mrr_at_3": 0.20835,
      "mrr_at_5": 0.219,
      "ndcg_at_1": 0.17171,
      "ndcg_at_10": 0.25898,
      "ndcg_at_100": 0.3503,
      "ndcg_at_1000": 0.37438,
      "ndcg_at_20": 0.28366,
      "ndcg_at_3": 0.22002,
      "ndcg_at_5": 0.23956,
      "precision_at_1": 0.17171,
      "precision_at_10": 0.03633,
      "precision_at_100": 0.00828,
      "precision_at_1000": 0.001,
      "precision_at_20": 0.0231,
      "precision_at_3": 0.08486,
      "precision_at_5": 0.06055,
      "recall_at_1": 0.17171,
      "recall_at_10": 0.36228,
      "recall_at_100": 0.8273,
      "recall_at_1000": 1.0,
      "recall_at_20": 0.46104,
      "recall_at_3": 0.25409,
      "recall_at_5": 0.30199
    },
    "hi": {
      "map_at_1": 0.2228,
      "map_at_10": 0.30565,
      "map_at_100": 0.31935,
      "map_at_1000": 0.32025,
      "map_at_20": 0.31291,
      "map_at_3": 0.28206,
      "map_at_5": 0.29466,
      "mrr_at_1": 0.2228,
      "mrr_at_10": 0.3057,
      "mrr_at_100": 0.31939,
      "mrr_at_1000": 0.32029,
      "mrr_at_20": 0.31297,
      "mrr_at_3": 0.28206,
      "mrr_at_5": 0.29466,
      "ndcg_at_1": 0.2228,
      "ndcg_at_10": 0.3514,
      "ndcg_at_100": 0.42677,
      "ndcg_at_1000": 0.44471,
      "ndcg_at_20": 0.3778,
      "ndcg_at_3": 0.30174,
      "ndcg_at_5": 0.32457,
      "precision_at_1": 0.2228,
      "precision_at_10": 0.04981,
      "precision_at_100": 0.00872,
      "precision_at_1000": 0.001,
      "precision_at_20": 0.03012,
      "precision_at_3": 0.1196,
      "precision_at_5": 0.0829,
      "recall_at_1": 0.2228,
      "recall_at_10": 0.49773,
      "recall_at_100": 0.87111,
      "recall_at_1000": 1.0,
      "recall_at_20": 0.60201,
      "recall_at_3": 0.35881,
      "recall_at_5": 0.41451
    },
    "kn": {
      "map_at_1": 0.03428,
      "map_at_10": 0.06546,
      "map_at_100": 0.07789,
      "map_at_1000": 0.08066,
      "map_at_20": 0.07048,
      "map_at_3": 0.05383,
      "map_at_5": 0.05944,
      "mrr_at_1": 0.03428,
      "mrr_at_10": 0.06546,
      "mrr_at_100": 0.07789,
      "mrr_at_1000": 0.08066,
      "mrr_at_20": 0.07048,
      "mrr_at_3": 0.05383,
      "mrr_at_5": 0.05944,
      "ndcg_at_1": 0.03428,
      "ndcg_at_10": 0.08514,
      "ndcg_at_100": 0.16442,
      "ndcg_at_1000": 0.22358,
      "ndcg_at_20": 0.10357,
      "ndcg_at_3": 0.06016,
      "ndcg_at_5": 0.07023,
      "precision_at_1": 0.03428,
      "precision_at_10": 0.01496,
      "precision_at_100": 0.00566,
      "precision_at_1000": 0.001,
      "precision_at_20": 0.01114,
      "precision_at_3": 0.02615,
      "precision_at_5": 0.02057,
      "recall_at_1": 0.03428,
      "recall_at_10": 0.14964,
      "recall_at_100": 0.56625,
      "recall_at_1000": 1.0,
      "recall_at_20": 0.22281,
      "recall_at_3": 0.07844,
      "recall_at_5": 0.10283
    },
    "ml": {
      "map_at_1": 0.03907,
      "map_at_10": 0.06537,
      "map_at_100": 0.07665,
      "map_at_1000": 0.07948,
      "map_at_20": 0.06971,
      "map_at_3": 0.05503,
      "map_at_5": 0.05995,
      "mrr_at_1": 0.03907,
      "mrr_at_10": 0.06537,
      "mrr_at_100": 0.07665,
      "mrr_at_1000": 0.07948,
      "mrr_at_20": 0.06971,
      "mrr_at_3": 0.05503,
      "mrr_at_5": 0.05995,
      "ndcg_at_1": 0.03907,
      "ndcg_at_10": 0.08315,
      "ndcg_at_100": 0.15842,
      "ndcg_at_1000": 0.22023,
      "ndcg_at_20": 0.09904,
      "ndcg_at_3": 0.06061,
      "ndcg_at_5": 0.06958,
      "precision_at_1": 0.03907,
      "precision_at_10": 0.01418,
      "precision_at_100": 0.00544,
      "precision_at_1000": 0.001,
      "precision_at_20": 0.01024,
      "precision_at_3": 0.02562,
      "precision_at_5": 0.01979,
      "recall_at_1": 0.03907,
      "recall_at_10": 0.14178,
      "recall_at_100": 0.54442,
      "recall_at_1000": 1.0,
      "recall_at_20": 0.20479,
      "recall_at_3": 0.07687,
      "recall_at_5": 0.09893
    },
    "mr": {
      "map_at_1": 0.195,
      "map_at_10": 0.2782,
      "map_at_100": 0.29171,
      "map_at_1000": 0.29276,
      "map_at_20": 0.285,
      "map_at_3": 0.25208,
      "map_at_5": 0.26608,
      "mrr_at_1": 0.195,
      "mrr_at_10": 0.2782,
      "mrr_at_100": 0.29171,
      "mrr_at_1000": 0.29276,
      "mrr_at_20": 0.285,
      "mrr_at_3": 0.25208,
      "mrr_at_5": 0.26608,
      "ndcg_at_1": 0.195,
      "ndcg_at_10": 0.32559,
      "ndcg_at_100": 0.4006,
      "ndcg_at_1000": 0.42145,
      "ndcg_at_20": 0.35049,
      "ndcg_at_3": 0.2708,
      "ndcg_at_5": 0.29603,
      "precision_at_1": 0.195,
      "precision_at_10": 0.04781,
      "precision_at_100": 0.0085,
      "precision_at_1000": 0.001,
      "precision_at_20": 0.02884,
      "precision_at_3": 0.10833,
      "precision_at_5": 0.07725,
      "recall_at_1": 0.195,
      "recall_at_10": 0.47813,
      "recall_at_100": 0.85,
      "recall_at_1000": 1.0,
      "recall_at_20": 0.57688,
      "recall_at_3": 0.325,
      "recall_at_5": 0.38625
    },
    "or": {
      "map_at_1": 0.02983,
      "map_at_10": 0.04859,
      "map_at_100": 0.05932,
      "map_at_1000": 0.0624,
      "map_at_20": 0.05254,
      "map_at_3": 0.03898,
      "map_at_5": 0.04375,
      "mrr_at_1": 0.02983,
      "mrr_at_10": 0.04859,
      "mrr_at_100": 0.05932,
      "mrr_at_1000": 0.0624,
      "mrr_at_20": 0.05254,
      "mrr_at_3": 0.03898,
      "mrr_at_5": 0.04375,
      "ndcg_at_1": 0.02983,