{
  "dataset_revision": "e4af6c73182bebb41d94cb336846e5a452454ea7",
  "mteb_dataset_name": "JaGovFaqsRetrieval",
  "mteb_version": "1.10.15",
  "test": {
    "evaluation_time": 28.16,
    "map_at_1": 0.32715,
    "map_at_10": 0.41868,
    "map_at_100": 0.42649,
    "map_at_1000": 0.42698,
    "map_at_20": 0.42291,
    "map_at_3": 0.39502,
    "map_at_5": 0.40979,
    "mrr_at_1": 0.32471,
    "mrr_at_10": 0.41742,
    "mrr_at_100": 0.4251,
    "mrr_at_1000": 0.42559,
    "mrr_at_20": 0.42152,
    "mrr_at_3": 0.3938,
    "mrr_at_5": 0.40842,
    "ndcg_at_1": 0.32715,
    "ndcg_at_10": 0.46488,
    "ndcg_at_100": 0.5062,
    "ndcg_at_1000": 0.52086,
    "ndcg_at_20": 0.48023,
    "ndcg_at_3": 0.41686,
    "ndcg_at_5": 0.44365,
    "precision_at_1": 0.32715,
    "precision_at_10": 0.06104,
    "precision_at_100": 0.00811,
    "precision_at_1000": 0.00093,
    "precision_at_20": 0.03354,
    "precision_at_3": 0.15999,
    "precision_at_5": 0.10908,
    "recall_at_1": 0.32715,
    "recall_at_10": 0.61035,
    "recall_at_100": 0.81104,
    "recall_at_1000": 0.92969,
    "recall_at_20": 0.6709,
    "recall_at_3": 0.47998,
    "recall_at_5": 0.54541
  }
}