{
  "dataset_revision": "05600ff310a0970823e70f82f428893b85c71ffe",
  "mteb_dataset_name": "JaQuADRetrieval",
  "mteb_version": "1.6.1",
  "validation": {
    "evaluation_time": 14.92,
    "map_at_1": 0.15259,
    "map_at_10": 0.24794,
    "map_at_100": 0.26694,
    "map_at_1000": 0.2686,
    "map_at_3": 0.21318,
    "map_at_5": 0.23136,
    "mrr_at_1": 0.30518,
    "mrr_at_10": 0.40758,
    "mrr_at_100": 0.41786,
    "mrr_at_1000": 0.41835,
    "mrr_at_3": 0.37801,
    "mrr_at_5": 0.3951,
    "ndcg_at_1": 0.30518,
    "ndcg_at_10": 0.33003,
    "ndcg_at_100": 0.40661,
    "ndcg_at_1000": 0.44175,
    "ndcg_at_3": 0.26664,
    "ndcg_at_5": 0.29614,
    "precision_at_1": 0.30518,
    "precision_at_10": 0.08174,
    "precision_at_100": 0.01418,
    "precision_at_1000": 0.00188,
    "precision_at_3": 0.1766,
    "precision_at_5": 0.1293,
    "recall_at_1": 0.15259,
    "recall_at_10": 0.40869,
    "recall_at_100": 0.70923,
    "recall_at_1000": 0.94189,
    "recall_at_3": 0.26489,
    "recall_at_5": 0.32324
  }
}