{
  "dataset_revision": "12ca3b695563788fead87a982ad1a068284413f4",
  "mteb_dataset_name": "LearnedHandsConsumerLegalBenchClassification",
  "mteb_version": "1.7.7",
  "test": {
    "accuracy": 0.6547231270358306,
    "accuracy_stderr": 0.0,
    "ap": 0.6019413245018683,
    "ap_stderr": 0.0,
    "evaluation_time": 83.4,
    "f1": 0.6546645018199568,
    "f1_stderr": 0.0,
    "main_score": 0.6547231270358306
  }
}