{
  "dataset_revision": "6e346642246bfb4928c560ee08640dc84d074e8c",
  "mteb_dataset_name": "LEMBPasskeyRetrieval",
  "mteb_version": "1.6.11",
  "test_1024": {
    "evaluation_time": 0.19,
    "map_at_1": 0.16,
    "map_at_10": 0.162,
    "map_at_100": 0.18279,
    "map_at_1000": 0.18279,
    "map_at_20": 0.1672,
    "map_at_3": 0.16,
    "map_at_5": 0.16,
    "mrr_at_1": 0.16,
    "mrr_at_10": 0.162,
    "mrr_at_100": 0.17899,
    "mrr_at_1000": 0.17899,
    "mrr_at_20": 0.16459,
    "mrr_at_3": 0.16,
    "mrr_at_5": 0.16,
    "ndcg_at_1": 0.16,
    "ndcg_at_10": 0.16578,
    "ndcg_at_100": 0.31601,
    "ndcg_at_1000": 0.31601,
    "ndcg_at_20": 0.18558,
    "ndcg_at_3": 0.16,
    "ndcg_at_5": 0.16,
    "precision_at_1": 0.16,
    "precision_at_10": 0.018,
    "precision_at_100": 0.01,
    "precision_at_1000": 0.001,
    "precision_at_20": 0.013,
    "precision_at_3": 0.05333,
    "precision_at_5": 0.032,
    "recall_at_1": 0.16,
    "recall_at_10": 0.18,
    "recall_at_100": 1.0,
    "recall_at_1000": 1.0,
    "recall_at_20": 0.26,
    "recall_at_3": 0.16,
    "recall_at_5": 0.16
  },
  "test_16384": {
    "evaluation_time": 1.27,
    "map_at_1": 0.02,
    "map_at_10": 0.03006,
    "map_at_100": 0.0535,
    "map_at_1000": 0.0535,
    "map_at_20": 0.03813,
    "map_at_3": 0.02,
    "map_at_5": 0.02,
    "mrr_at_1": 0.02,
    "mrr_at_10": 0.04489,
    "mrr_at_100": 0.06681,
    "mrr_at_1000": 0.06681,
    "mrr_at_20": 0.05044,
    "mrr_at_3": 0.03667,
    "mrr_at_5": 0.04067,
    "ndcg_at_1": 0.02,
    "ndcg_at_10": 0.04524,
    "ndcg_at_100": 0.21057,
    "ndcg_at_1000": 0.21057,
    "ndcg_at_20": 0.07524,
    "ndcg_at_3": 0.02,
    "ndcg_at_5": 0.02,
    "precision_at_1": 0.02,
    "precision_at_10": 0.01,
    "precision_at_100": 0.01,
    "precision_at_1000": 0.001,
    "precision_at_20": 0.011,
    "precision_at_3": 0.00667,
    "precision_at_5": 0.004,
    "recall_at_1": 0.02,
    "recall_at_10": 0.1,
    "recall_at_100": 1.0,
    "recall_at_1000": 1.0,
    "recall_at_20": 0.22,
    "recall_at_3": 0.02,
    "recall_at_5": 0.02
  },
  "test_2048": {
    "evaluation_time": 0.26,
    "map_at_1": 0.04,
    "map_at_10": 0.05256,
    "map_at_100": 0.07409,
    "map_at_1000": 0.07409,
    "map_at_20": 0.05806,
    "map_at_3": 0.04,
    "map_at_5": 0.045,
    "mrr_at_1": 0.04,
    "mrr_at_10": 0.05122,
    "mrr_at_100": 0.07141,
    "mrr_at_1000": 0.07141,
    "mrr_at_20": 0.05414,
    "mrr_at_3": 0.04,
    "mrr_at_5": 0.049,
    "ndcg_at_1": 0.04,
    "ndcg_at_10": 0.06754,
    "ndcg_at_100": 0.22696,
    "ndcg_at_1000": 0.22696,
    "ndcg_at_20": 0.08772,
    "ndcg_at_3": 0.04,
    "ndcg_at_5": 0.04861,
    "precision_at_1": 0.04,
    "precision_at_10": 0.012,
    "precision_at_100": 0.01,
    "precision_at_1000": 0.001,
    "precision_at_20": 0.01,
    "precision_at_3": 0.01333,
    "precision_at_5": 0.012,
    "recall_at_1": 0.04,
    "recall_at_10": 0.12,
    "recall_at_100": 1.0,
    "recall_at_1000": 1.0,
    "recall_at_20": 0.2,
    "recall_at_3": 0.04,
    "recall_at_5": 0.06
  },
  "test_256": {
    "evaluation_time": 1.71,
    "map_at_1": 0.26,
    "map_at_10": 0.29367,
    "map_at_100": 0.30703,
    "map_at_1000": 0.30703,
    "map_at_20": 0.29898,
    "map_at_3": 0.27333,
    "map_at_5": 0.29033,
    "mrr_at_1": 0.26,
    "mrr_at_10": 0.29367,
    "mrr_at_100": 0.30703,
    "mrr_at_1000": 0.30703,
    "mrr_at_20": 0.29898,
    "mrr_at_3": 0.27333,
    "mrr_at_5": 0.29033,
    "ndcg_at_1": 0.26,
    "ndcg_at_10": 0.31895,
    "ndcg_at_100": 0.42444,
    "ndcg_at_1000": 0.42444,
    "ndcg_at_20": 0.33891,
    "ndcg_at_3": 0.28,
    "ndcg_at_5": 0.31182,
    "precision_at_1": 0.26,
    "precision_at_10": 0.04,
    "precision_at_100": 0.01,
    "precision_at_1000": 0.001,
    "precision_at_20": 0.024,
    "precision_at_3": 0.1,
    "precision_at_5": 0.076,
    "recall_at_1": 0.26,
    "recall_at_10": 0.4,
    "recall_at_100": 1.0,
    "recall_at_1000": 1.0,
    "recall_at_20": 0.48,
    "recall_at_3": 0.3,
    "recall_at_5": 0.38
  },
  "test_32768": {
    "evaluation_time": 2.53,
    "map_at_1": 0.02,
    "map_at_10": 0.05036,
    "map_at_100": 0.07334,
    "map_at_1000": 0.07334,
    "map_at_20": 0.05826,
    "map_at_3": 0.03667,
    "map_at_5": 0.04167,
    "mrr_at_1": 0.02,
    "mrr_at_10": 0.03433,
    "mrr_at_100": 0.05413,
    "mrr_at_1000": 0.05413,
    "mrr_at_20": 0.03712,
    "mrr_at_3": 0.02,
    "mrr_at_5": 0.029,
    "ndcg_at_1": 0.02,
    "ndcg_at_10": 0.07133,
    "ndcg_at_100": 0.23044,
    "ndcg_at_1000": 0.23044,
    "ndcg_at_20": 0.10117,
    "ndcg_at_3": 0.04262,
    "ndcg_at_5": 0.05123,
    "precision_at_1": 0.02,
    "precision_at_10": 0.014,
    "precision_at_100": 0.01,
    "precision_at_1000": 0.001,
    "precision_at_20": 0.013,
    "precision_at_3": 0.02,
    "precision_at_5": 0.016,
    "recall_at_1": 0.02,
    "recall_at_10": 0.14,
    "recall_at_100": 1.0,
    "recall_at_1000": 1.0,
    "recall_at_20": 0.26,
    "recall_at_3": 0.06,
    "recall_at_5": 0.08
  },
  "test_4096": {
    "evaluation_time": 0.51,
    "map_at_1": 0.02,
    "map_at_10": 0.02786,
    "map_at_100": 0.05002,
    "map_at_1000": 0.05002,
    "map_at_20": 0.03312,
    "map_at_3": 0.02,
    "map_at_5": 0.025,
    "mrr_at_1": 0.02,
    "mrr_at_10": 0.0285,
    "mrr_at_100": 0.04942,
    "mrr_at_1000": 0.04942,
    "mrr_at_20": 0.03083,
    "mrr_at_3": 0.02,
    "mrr_at_5": 0.024,
    "ndcg_at_1": 0.02,
    "ndcg_at_10": 0.03528,
    "ndcg_at_100": 0.20448,
    "ndcg_at_1000": 0.20448,
    "ndcg_at_20": 0.05514,
    "ndcg_at_3": 0.02,
    "ndcg_at_5": 0.02861,
    "precision_at_1": 0.02,
    "precision_at_10": 0.006,
    "precision_at_100": 0.01,
    "precision_at_1000": 0.001,
    "precision_at_20": 0.007,
    "precision_at_3": 0.00667,
    "precision_at_5": 0.008,
    "recall_at_1": 0.02,
    "recall_at_10": 0.06,
    "recall_at_100": 1.0,
    "recall_at_1000": 1.0,
    "recall_at_20": 0.14,
    "recall_at_3": 0.02,
    "recall_at_5": 0.04
  },
  "test_512": {
    "evaluation_time": 0.16,
    "map_at_1": 0.12,
    "map_at_10": 0.15083,
    "map_at_100": 0.16577,
    "map_at_1000": 0.16577,
    "map_at_20": 0.15201,
    "map_at_3": 0.14333,
    "map_at_5": 0.14833,
    "mrr_at_1": 0.12,
    "mrr_at_10": 0.15083,
    "mrr_at_100": 0.16515,
    "mrr_at_1000": 0.16515,
    "mrr_at_20": 0.15201,
    "mrr_at_3": 0.14333,
    "mrr_at_5": 0.14833,
    "ndcg_at_1": 0.12,
    "ndcg_at_10": 0.16754,
    "ndcg_at_100": 0.30194,
    "ndcg_at_1000": 0.30194,
    "ndcg_at_20": 0.17234,
    "ndcg_at_3": 0.15262,
    "ndcg_at_5": 0.16123,
    "precision_at_1": 0.12,
    "precision_at_10": 0.022,
    "precision_at_100": 0.01,
    "precision_at_1000": 0.001,
    "precision_at_20": 0.012,
    "precision_at_3": 0.06,
    "precision_at_5": 0.04,
    "recall_at_1": 0.12,
    "recall_at_10": 0.22,
    "recall_at_100": 1.0,
    "recall_at_1000": 1.0,
    "recall_at_20": 0.24,
    "recall_at_3": 0.18,
    "recall_at_5": 0.2
  },
  "test_8192": {
    "evaluation_time": 0.86,
    "map_at_1": 0.02,
    "map_at_10": 0.03675,
    "map_at_100": 0.06035,
    "map_at_1000": 0.06035,
    "map_at_20": 0.0442,
    "map_at_3": 0.02667,
    "map_at_5": 0.03167,
    "mrr_at_1": 0.02,
    "mrr_at_10": 0.03922,
    "mrr_at_100": 0.05932,
    "mrr_at_1000": 0.05932,
    "mrr_at_20": 0.04476,
    "mrr_at_3": 0.02667,
    "mrr_at_5": 0.03167,
    "ndcg_at_1": 0.02,
    "ndcg_at_10": 0.0513,
    "ndcg_at_100": 0.21672,
    "ndcg_at_1000": 0.21672,
    "ndcg_at_20": 0.07721,
    "ndcg_at_3": 0.03,
    "ndcg_at_5": 0.03861,
    "precision_at_1": 0.02,
    "precision_at_10": 0.01,
    "precision_at_100": 0.01,
    "precision_at_1000": 0.001,
    "precision_at_20": 0.01,
    "precision_at_3": 0.01333,
    "precision_at_5": 0.012,
    "recall_at_1": 0.02,
    "recall_at_10": 0.1,
    "recall_at_100": 1.0,
    "recall_at_1000": 1.0,
    "recall_at_20": 0.2,
    "recall_at_3": 0.04,
    "recall_at_5": 0.06
  }
}