{
  "dataset_revision": "6bb0321659c4f07c4c2176c30c98c971be6571b4",
  "mteb_dataset_name": "MalteseNewsClassification",
  "mteb_version": "1.6.37",
  "test": {
    "accuracy": 0.3093368237347295,
    "accuracy_stderr": 0.02535425868371316,
    "evaluation_time": 25.27,
    "f1": 0.19285887306599978,
    "f1_stderr": 0.012076335721635597,
    "main_score": 0.3093368237347295
  }
}