{
  "dataset_revision": "12ca3b695563788fead87a982ad1a068284413f4",
  "mteb_dataset_name": "MAUDApplicationOfBuyerConsentRequirementNegativeInterimCovenantLegalBenchClassification",
  "mteb_version": "1.7.7",
  "test": {
    "accuracy": 0.8895705521472392,
    "accuracy_stderr": 0.0,
    "ap": 0.8895705521472392,
    "ap_stderr": 0.0,
    "evaluation_time": 56.32,
    "f1": 0.4707792207792208,
    "f1_stderr": 0.0,
    "main_score": 0.8895705521472392
  }
}