{
  "dataset_revision": "12ca3b695563788fead87a982ad1a068284413f4",
  "mteb_dataset_name": "MAUDCORStandardInterveningEventLegalBenchClassification",
  "mteb_version": "1.7.7",
  "test": {
    "accuracy": 0.4415584415584416,
    "accuracy_stderr": 5.551115123125783e-17,
    "evaluation_time": 25.7,
    "f1": 0.23677599353633288,
    "f1_stderr": 2.7755575615628914e-17,
    "main_score": 0.4415584415584416
  }
}