{
  "dataset_revision": "b5d54f8f3b61ae17845046286940f03c6bc79bc7",
  "mteb_dataset_name": "MLSUMClusteringS2S",
  "mteb_version": "1.7.26",
  "test": {
    "de": {
      "main_score": 0.3425707487760746,
      "v_measure": 0.3425707487760746,
      "v_measure_std": 0.06823928318409664,
      "v_measures": [
        0.2591077941066123,
        0.3726517499738184,
        0.19336964205308763,
        0.3537088021691967,
        0.3079627413686881,
        0.4405263374513811,
        0.40011803903711357,
        0.36627949685024874,
        0.34946608125338025,
        0.3825168034972195
      ]
    },
    "es": {
      "main_score": 0.35599564998351946,
      "v_measure": 0.35599564998351946,
      "v_measure_std": 0.014515824608331736,
      "v_measures": [
        0.35422475069630543,
        0.34169468135511627,
        0.3421806299228442,
        0.35898910517420096,
        0.3791608403620927,
        0.35710818825517715,
        0.370174485892375,
        0.34480555100966925,
        0.3762472258767258,
        0.33537104129068773
      ]
    },
    "evaluation_time": 299.98,
    "fr": {
      "main_score": 0.3586808901766735,
      "v_measure": 0.3586808901766735,
      "v_measure_std": 0.013108604294326032,
      "v_measures": [
        0.37447517476583586,
        0.35601643436910996,
        0.3635553444490299,
        0.33782048448476265,
        0.334860926267588,
        0.3724632317406901,
        0.3711101829097753,
        0.366604878760777,
        0.35541835387383053,
        0.35448389014533527
      ]
    },
    "ru": {
      "main_score": 0.3816371698711615,
      "v_measure": 0.3816371698711615,
      "v_measure_std": 0.06936792763390184,
      "v_measures": [
        0.4040631389805973,
        0.3961177922692417,
        0.5144923799842392,
        0.26405619470276237,
        0.3693762955218489,
        0.453142943386378,
        0.39527491218981003,
        0.3968175222758027,
        0.29708112691606137,
        0.3259493924848733
      ]
    }
  },
  "validation": {
    "de": {
      "main_score": 0.33124712855830635,
      "v_measure": 0.33124712855830635,
      "v_measure_std": 0.09354054394556012,
      "v_measures": [
        0.4337600432678422,
        0.31881100239115384,
        0.39951228979718495,
        0.342295437932505,
        0.4331571620313077,
        0.30128036848274403,
        0.4069782613154766,
        0.2189968009286203,
        0.33242355568713594,
        0.12525636374909302
      ]
    },
    "es": {
      "main_score": 0.3612826040286353,
      "v_measure": 0.3612826040286353,
      "v_measure_std": 0.024641991300483262,
      "v_measures": [
        0.37037995640592725,
        0.3833187021978924,
        0.3366562646806905,
        0.3888761980244593,
        0.3700197659074113,
        0.3466407583352184,
        0.33985409413812945,
        0.31164353787184007,
        0.383971023088082,
        0.38146573963670255
      ]
    },
    "evaluation_time": 281.23,
    "fr": {
      "main_score": 0.3439222415403891,
      "v_measure": 0.3439222415403891,
      "v_measure_std": 0.013028452448431725,
      "v_measures": [
        0.3479967729100903,
        0.34843099123778876,
        0.3219355153683629,
        0.3353020846026401,
        0.3354718981909558,
        0.36214969782066997,
        0.3280801805593944,
        0.3426722533923765,
        0.35574588909637705,
        0.36143713222523477
      ]
    },
    "ru": {
      "main_score": 0.3583795876232688,
      "v_measure": 0.3583795876232688,
      "v_measure_std": 0.07692324395182078,
      "v_measures": [
        0.33474956754653945,
        0.4391938291515594,
        0.2331890887765766,
        0.3242596691194515,
        0.4089694981616383,
        0.5126081707142973,
        0.30251844348762896,
        0.2848146497295558,
        0.3694776403736264,
        0.3740153191718146
      ]
    }
  }
}