{
  "dataset_revision": "920fc15b81e2324e52163904be663f340235cdea",
  "mteb_dataset_name": "NeuCLIR2022Retrieval",
  "mteb_version": "1.6.3",
  "test": {
    "evaluation_time": 9957.01,
    "fas": {
      "map_at_1": 0.01449,
      "map_at_10": 0.07117,
      "map_at_100": 0.10071,
      "map_at_1000": 0.11107,
      "map_at_20": 0.08435,
      "map_at_3": 0.042,
      "map_at_5": 0.05654,
      "mrr_at_1": 0.10526,
      "mrr_at_10": 0.1471,
      "mrr_at_100": 0.15023,
      "mrr_at_1000": 0.15028,
      "mrr_at_20": 0.14857,
      "mrr_at_3": 0.13304,
      "mrr_at_5": 0.14094,
      "ndcg_at_1": 0.21739,
      "ndcg_at_10": 0.19389,
      "ndcg_at_100": 0.22301,
      "ndcg_at_1000": 0.28387,
      "ndcg_at_20": 0.1978,
      "ndcg_at_3": 0.20126,
      "ndcg_at_5": 0.20337,
      "precision_at_1": 0.26087,
      "precision_at_10": 0.17609,
      "precision_at_100": 0.06022,
      "precision_at_1000": 0.01367,
      "precision_at_20": 0.13043,
      "precision_at_3": 0.23913,
      "precision_at_5": 0.23478,
      "recall_at_1": 0.01449,
      "recall_at_10": 0.1374,
      "recall_at_100": 0.3008,
      "recall_at_1000": 0.51978,
      "recall_at_20": 0.19048,
      "recall_at_3": 0.0717,
      "recall_at_5": 0.09779
    },
    "rus": {
      "map_at_1": 0.01538,
      "map_at_10": 0.07216,
      "map_at_100": 0.12043,
      "map_at_1000": 0.1435,
      "map_at_20": 0.08571,
      "map_at_3": 0.04819,
      "map_at_5": 0.06119,
      "mrr_at_1": 0.14912,
      "mrr_at_10": 0.19225,
      "mrr_at_100": 0.19566,
      "mrr_at_1000": 0.19578,
      "mrr_at_20": 0.19435,
      "mrr_at_3": 0.18567,
      "mrr_at_5": 0.18962,
      "ndcg_at_1": 0.31852,
      "ndcg_at_10": 0.25716,
      "ndcg_at_100": 0.27739,
      "ndcg_at_1000": 0.36968,
      "ndcg_at_20": 0.2482,
      "ndcg_at_3": 0.30804,
      "ndcg_at_5": 0.29753,
      "precision_at_1": 0.37778,
      "precision_at_10": 0.25333,
      "precision_at_100": 0.10467,
      "precision_at_1000": 0.02393,
      "precision_at_20": 0.20111,
      "precision_at_3": 0.37037,
      "precision_at_5": 0.33333,
      "recall_at_1": 0.01538,
      "recall_at_10": 0.10517,
      "recall_at_100": 0.33201,
      "recall_at_1000": 0.56669,
      "recall_at_20": 0.14947,
      "recall_at_3": 0.064,
      "recall_at_5": 0.08253
    },
    "zho": {
      "map_at_1": 0.0161,
      "map_at_10": 0.07082,
      "map_at_100": 0.11463,
      "map_at_1000": 0.13827,
      "map_at_20": 0.0868,
      "map_at_3": 0.03469,
      "map_at_5": 0.04642,
      "mrr_at_1": 0.14912,
      "mrr_at_10": 0.20491,
      "mrr_at_100": 0.20639,
      "mrr_at_1000": 0.20665,
      "mrr_at_20": 0.20558,
      "mrr_at_3": 0.19298,
      "mrr_at_5": 0.19693,
      "ndcg_at_1": 0.29252,
      "ndcg_at_10": 0.23123,
      "ndcg_at_100": 0.25475,
      "ndcg_at_1000": 0.34273,
      "ndcg_at_20": 0.23147,
      "ndcg_at_3": 0.25728,
      "ndcg_at_5": 0.23453,
      "precision_at_1": 0.34694,
      "precision_at_10": 0.25306,
      "precision_at_100": 0.10082,
      "precision_at_1000": 0.02567,
      "precision_at_20": 0.19898,
      "precision_at_3": 0.28571,
      "precision_at_5": 0.25306,
      "recall_at_1": 0.0161,
      "recall_at_10": 0.10896,
      "recall_at_100": 0.29493,
      "recall_at_1000": 0.5616,
      "recall_at_20": 0.14965,
      "recall_at_3": 0.04224,
      "recall_at_5": 0.06561
    }
  }
}