{
  "dataset_revision": "d37f24d91ab6d62c06d293b8c5ff2726e85c84ba",
  "mteb_dataset_name": "NeuCLIRRus2023",
  "mteb_version": "1.6.1",
  "test": {
    "evaluation_time": 5327.9,
    "map_at_1": 0.0183,
    "map_at_10": 0.06781,
    "map_at_100": 0.10042,
    "map_at_1000": 0.11472,
    "map_at_3": 0.04461,
    "map_at_5": 0.05585,
    "mrr_at_1": 0.44737,
    "mrr_at_10": 0.51913,
    "mrr_at_100": 0.52437,
    "mrr_at_1000": 0.5246,
    "mrr_at_3": 0.50439,
    "mrr_at_5": 0.5136,
    "ndcg_at_1": 0.3443,
    "ndcg_at_10": 0.25581,
    "ndcg_at_100": 0.23087,
    "ndcg_at_1000": 0.3009,
    "ndcg_at_3": 0.30402,
    "ndcg_at_5": 0.28326,
    "precision_at_1": 0.44737,
    "precision_at_10": 0.24342,
    "precision_at_100": 0.09197,
    "precision_at_1000": 0.02246,
    "precision_at_3": 0.36842,
    "precision_at_5": 0.31579,
    "recall_at_1": 0.0183,
    "recall_at_10": 0.09011,
    "recall_at_100": 0.22144,
    "recall_at_1000": 0.41418,
    "recall_at_3": 0.05137,
    "recall_at_5": 0.0664
  }
}