{
  "dataset_revision": "e4af6c73182bebb41d94cb336846e5a452454ea7",
  "mteb_dataset_name": "NLPJournalAbsIntroRetrieval",
  "mteb_version": "1.10.15",
  "test": {
    "evaluation_time": 134.99,
    "map_at_1": 0.35644,
    "map_at_10": 0.42334,
    "map_at_100": 0.43312,
    "map_at_1000": 0.43401,
    "map_at_20": 0.42828,
    "map_at_3": 0.40182,
    "map_at_5": 0.41456,
    "mrr_at_1": 0.35644,
    "mrr_at_10": 0.42334,
    "mrr_at_100": 0.43312,
    "mrr_at_1000": 0.43401,
    "mrr_at_20": 0.42828,
    "mrr_at_3": 0.40182,
    "mrr_at_5": 0.41456,
    "ndcg_at_1": 0.35644,
    "ndcg_at_10": 0.46035,
    "ndcg_at_100": 0.51376,
    "ndcg_at_1000": 0.53474,
    "ndcg_at_20": 0.47845,
    "ndcg_at_3": 0.41566,
    "ndcg_at_5": 0.43888,
    "precision_at_1": 0.35644,
    "precision_at_10": 0.05792,
    "precision_at_100": 0.00842,
    "precision_at_1000": 0.001,
    "precision_at_20": 0.03255,
    "precision_at_3": 0.15182,
    "precision_at_5": 0.10248,
    "recall_at_1": 0.35644,
    "recall_at_10": 0.57921,
    "recall_at_100": 0.84158,
    "recall_at_1000": 1.0,
    "recall_at_20": 0.65099,
    "recall_at_3": 0.45545,
    "recall_at_5": 0.51238
  }
}