{
  "dataset_revision": "12ca3b695563788fead87a982ad1a068284413f4",
  "mteb_dataset_name": "OPP115InternationalAndSpecificAudiencesLegalBenchClassification",
  "mteb_version": "1.7.7",
  "test": {
    "accuracy": 0.7714285714285715,
    "accuracy_stderr": 0.0,
    "ap": 0.6957092673134827,
    "ap_stderr": 1.1102230246251565e-16,
    "evaluation_time": 123.63,
    "f1": 0.7692139480899594,
    "f1_stderr": 1.1102230246251565e-16,
    "main_score": 0.7714285714285715
  }
}