{
  "dataset_revision": "12ca3b695563788fead87a982ad1a068284413f4",
  "mteb_dataset_name": "OPP115FirstPartyCollectionUseLegalBenchClassification",
  "mteb_version": "1.7.7",
  "test": {
    "accuracy": 0.697986577181208,
    "accuracy_stderr": 0.0,
    "ap": 0.6591875486226983,
    "ap_stderr": 0.0,
    "evaluation_time": 203.7,
    "f1": 0.6893405939826376,
    "f1_stderr": 0.0,
    "main_score": 0.697986577181208
  }
}