{
  "dataset_revision": "9e9b1f8ef51616073f47f306f7f47dd91663f86a",
  "mteb_dataset_name": "OpusparcusPC",
  "mteb_version": "1.2.1.dev0",
  "test.full": {
    "de": {
      "cos_sim": {
        "accuracy": 0.8772178850248403,
        "accuracy_threshold": 0.5285999178886414,
        "ap": 0.9663182486602814,
        "f1": 0.9209684787574234,
        "f1_threshold": 0.4957273006439209,
        "precision": 0.882661996497373,
        "recall": 0.9627507163323782
      },
      "dot": {
        "accuracy": 0.8502484031227822,
        "accuracy_threshold": 5.858919143676758,
        "ap": 0.9377103644816751,
        "f1": 0.9047404063205419,
        "f1_threshold": 5.852664947509766,
        "precision": 0.8578767123287672,
        "recall": 0.9570200573065902
      },
      "euclidean": {
        "accuracy": 0.8573456352022711,
        "accuracy_threshold": 3.6947200298309326,
        "ap": 0.9606454151623415,
        "f1": 0.9067285382830627,
        "f1_threshold": 3.6947200298309326,
        "precision": 0.881768953068592,
        "recall": 0.933142311365807
      },
      "manhattan": {
        "accuracy": 0.8594748048261178,
        "accuracy_threshold": 57.98625183105469,
        "ap": 0.9602638097085006,
        "f1": 0.9085872576177286,
        "f1_threshold": 58.223602294921875,
        "precision": 0.8793565683646113,
        "recall": 0.9398280802292264
      },
      "max": {
        "accuracy": 0.8772178850248403,
        "ap": 0.9663182486602814,
        "f1": 0.9209684787574234
      }
    },
    "en": {
      "cos_sim": {
        "accuracy": 0.9280415430267063,
        "accuracy_threshold": 0.41005179286003113,
        "ap": 0.9859320897472845,
        "f1": 0.9510978043912176,
        "f1_threshold": 0.35946211218833923,
        "precision": 0.9324853228962818,
        "recall": 0.9704684317718941
      },
      "dot": {
        "accuracy": 0.9198813056379822,
        "accuracy_threshold": 8.576409339904785,
        "ap": 0.9766510053638097,
        "f1": 0.946,
        "f1_threshold": 8.576409339904785,
        "precision": 0.9292730844793713,
        "recall": 0.9633401221995926
      },
      "euclidean": {
        "accuracy": 0.9161721068249258,
        "accuracy_threshold": 5.530753135681152,
        "ap": 0.9843733069106045,
        "f1": 0.9438090502237693,
        "f1_threshold": 5.530753135681152,
        "precision": 0.9222546161321672,
        "recall": 0.9663951120162932
      },
      "manhattan": {
        "accuracy": 0.9124629080118695,
        "accuracy_threshold": 84.07221984863281,
        "ap": 0.9839256549730423,
        "f1": 0.940648379052369,
        "f1_threshold": 85.7912368774414,
        "precision": 0.9217986314760508,
        "recall": 0.960285132382892
      },
      "max": {
        "accuracy": 0.9280415430267063,
        "ap": 0.9859320897472845,
        "f1": 0.9510978043912176
      }
    },
    "evaluation_time": 16.45,
    "fi": {
      "cos_sim": {
        "accuracy": 0.8464968152866242,
        "accuracy_threshold": 0.49116697907447815,
        "ap": 0.9320145721022652,
        "f1": 0.879,
        "f1_threshold": 0.476226270198822,
        "precision": 0.8435700575815739,
        "recall": 0.9175365344467641
      },
      "dot": {
        "accuracy": 0.8038216560509555,
        "accuracy_threshold": 7.015608310699463,
        "ap": 0.8978994404680853,
        "f1": 0.8463402811439651,
        "f1_threshold": 5.679108142852783,
        "precision": 0.7900452488687782,
        "recall": 0.9112734864300627
      },
      "euclidean": {
        "accuracy": 0.8159235668789809,
        "accuracy_threshold": 3.8863682746887207,
        "ap": 0.9181084891342446,
        "f1": 0.8565795958600295,
        "f1_threshold": 3.9756228923797607,
        "precision": 0.811391223155929,
        "recall": 0.907098121085595
      },
      "manhattan": {
        "accuracy": 0.8171974522292994,
        "accuracy_threshold": 59.65966796875,
        "ap": 0.9178857071654334,
        "f1": 0.855036855036855,
        "f1_threshold": 62.29734420776367,
        "precision": 0.807799442896936,
        "recall": 0.9081419624217119
      },
      "max": {
        "accuracy": 0.8464968152866242,
        "ap": 0.9320145721022652,
        "f1": 0.879
      }
    },
    "fr": {
      "cos_sim": {
        "accuracy": 0.7997275204359673,
        "accuracy_threshold": 0.5574228763580322,
        "ap": 0.9200522043693091,
        "f1": 0.862488306828812,
        "f1_threshold": 0.5385739207267761,
        "precision": 0.8152077807250221,
        "recall": 0.9155908639523337
      },
      "dot": {
        "accuracy": 0.7752043596730245,
        "accuracy_threshold": 6.703585147857666,
        "ap": 0.8939769242745663,
        "f1": 0.8495734171531208,
        "f1_threshold": 6.030879020690918,
        "precision": 0.7754098360655738,
        "recall": 0.9394240317775571
      },
      "euclidean": {
        "accuracy": 0.7826975476839237,
        "accuracy_threshold": 3.473965644836426,
        "ap": 0.9072514654840791,
        "f1": 0.8478757423481041,
        "f1_threshold": 3.8833231925964355,
        "precision": 0.7851099830795262,
        "recall": 0.9215491559086395
      },
      "manhattan": {
        "accuracy": 0.7813351498637602,
        "accuracy_threshold": 54.89225387573242,
        "ap": 0.9069446159561149,
        "f1": 0.8467815049864008,
        "f1_threshold": 61.33842086791992,
        "precision": 0.7789824854045038,
        "recall": 0.9275074478649454
      },
      "max": {
        "accuracy": 0.7997275204359673,
        "ap": 0.9200522043693091,
        "f1": 0.862488306828812
      }
    },
    "ru": {
      "cos_sim": {
        "accuracy": 0.7622549019607843,
        "accuracy_threshold": 0.6107944250106812,
        "ap": 0.8825409842290086,
        "f1": 0.8340214698596201,
        "f1_threshold": 0.4800478219985962,
        "precision": 0.7459379615952733,
        "recall": 0.9456928838951311
      },
      "dot": {
        "accuracy": 0.7389705882352942,
        "accuracy_threshold": 6.563985824584961,
        "ap": 0.8374923856834281,
        "f1": 0.823721881390593,
        "f1_threshold": 5.894525527954102,
        "precision": 0.7312999273783588,
        "recall": 0.9428838951310862
      },
      "euclidean": {
        "accuracy": 0.75,
        "accuracy_threshold": 3.6952261924743652,
        "ap": 0.8763327453397911,
        "f1": 0.8281642917015926,
        "f1_threshold": 3.8161814212799072,
        "precision": 0.7496206373292867,
        "recall": 0.9250936329588015
      },
      "manhattan": {
        "accuracy": 0.7506127450980392,
        "accuracy_threshold": 57.988197326660156,
        "ap": 0.8757193885815904,
        "f1": 0.8277027027027027,
        "f1_threshold": 58.49534606933594,
        "precision": 0.7538461538461538,
        "recall": 0.9176029962546817
      },
      "max": {
        "accuracy": 0.7622549019607843,
        "ap": 0.8825409842290086,
        "f1": 0.8340214698596201
      }
    },
    "sv": {
      "cos_sim": {
        "accuracy": 0.8703703703703703,
        "accuracy_threshold": 0.536458432674408,
        "ap": 0.9398685100006442,
        "f1": 0.8854581673306772,
        "f1_threshold": 0.4777701497077942,
        "precision": 0.8378887841658812,
        "recall": 0.938753959873284
      },
      "dot": {
        "accuracy": 0.8333333333333334,
        "accuracy_threshold": 7.960323333740234,
        "ap": 0.9119846462548107,
        "f1": 0.8485804416403785,
        "f1_threshold": 7.960323333740234,
        "precision": 0.8450261780104712,
        "recall": 0.8521647307286166
      },
      "euclidean": {
        "accuracy": 0.8576388888888888,
        "accuracy_threshold": 3.97670316696167,
        "ap": 0.9290679785018614,
        "f1": 0.8761238761238761,
        "f1_threshold": 4.10938835144043,
        "precision": 0.8312796208530806,
        "recall": 0.9260823653643083
      },
      "manhattan": {
        "accuracy": 0.8587962962962963,