{
  "dataset_revision": "155048684cea7a6d6af1ddbfeb9a04820311ce93",
  "mteb_dataset_name": "RomanianSentimentClassification",
  "mteb_version": "1.6.12",
  "test": {
    "accuracy": 0.6763671875,
    "accuracy_stderr": 0.03195076110601915,
    "ap": 0.6899135528314744,
    "ap_stderr": 0.014234507517298274,
    "evaluation_time": 7.2,
    "f1": 0.6701835552940747,
    "f1_stderr": 0.034475062697467945,
    "main_score": 0.6763671875
  }
}