{
  "dataset_revision": "12ca3b695563788fead87a982ad1a068284413f4",
  "mteb_dataset_name": "SCDBPAuditsLegalBenchClassification",
  "mteb_version": "1.7.7",
  "test": {
    "accuracy": 0.5329815303430079,
    "accuracy_stderr": 0.0,
    "ap": 0.7160577363640893,
    "ap_stderr": 1.1102230246251565e-16,
    "evaluation_time": 147.01,
    "f1": 0.5253684456299483,
    "f1_stderr": 0.0,
    "main_score": 0.5329815303430079
  }
}