{
  "dataset_revision": "0cdfb1d51ef339011c067688a3b75b82f927c097",
  "mteb_dataset_name": "SICK-BR-STS",
  "mteb_version": "1.9.0",
  "test": {
    "cos_sim": {
      "pearson": 0.8200641460679021,
      "spearman": 0.7599836711186337
    },
    "euclidean": {
      "pearson": 0.7987857423106263,
      "spearman": 0.7652406607183403
    },
    "evaluation_time": 11.22,
    "manhattan": {
      "pearson": 0.7969606303261069,
      "spearman": 0.7634786173647589
    }
  },
  "validation": {
    "cos_sim": {
      "pearson": 0.7998636642453028,
      "spearman": 0.7449202001735378
    },
    "euclidean": {
      "pearson": 0.7994046580844223,
      "spearman": 0.7629920414428898
    },
    "evaluation_time": 6.37,
    "manhattan": {
      "pearson": 0.7982826944958847,
      "spearman": 0.763188165655001
    }
  }
}