{
  "dataset_revision": "2a6e340e4b59b7c0a78c03a0b79ac27e1b4a2662",
  "mteb_dataset_name": "SpanishSentimentClassification",
  "mteb_version": "1.6.36",
  "test": {
    "accuracy": 0.8597972972972974,
    "accuracy_stderr": 0.043297316276946926,
    "ap": 0.9427308753411628,
    "ap_stderr": 0.011415620267796951,
    "evaluation_time": 9.02,
    "f1": 0.7962648903905828,
    "f1_stderr": 0.04487448694844857,
    "main_score": 0.8597972972972974
  }
}