{
  "dataset_revision": "e14f2f4f2c9efba0d4478c03daf11a180bf860f6",
  "dev": {
    "de": {
      "cos_sim": {
        "pearson": 0.8277077160093816,
        "spearman": 0.8312189797902397
      },
      "euclidean": {
        "pearson": 0.8133633208786013,
        "spearman": 0.820146861488429
      },
      "manhattan": {
        "pearson": 0.8128032109401915,
        "spearman": 0.8192430423288267
      }
    },
    "en": {
      "cos_sim": {
        "pearson": 0.8700228897931218,
        "spearman": 0.8746794907485151
      },
      "euclidean": {
        "pearson": 0.8591301477005907,
        "spearman": 0.8612521149460324
      },
      "manhattan": {
        "pearson": 0.8582548175599355,
        "spearman": 0.8601995829567566
      }
    },
    "es": {
      "cos_sim": {
        "pearson": 0.8366317863495029,
        "spearman": 0.840047843071178
      },
      "euclidean": {
        "pearson": 0.8267506036430606,
        "spearman": 0.8300838557678779
      },
      "manhattan": {
        "pearson": 0.8255415707704236,
        "spearman": 0.8282685199955223
      }
    },
    "evaluation_time": 9.66,
    "fr": {
      "cos_sim": {
        "pearson": 0.832866146398441,
        "spearman": 0.8358142053044127
      },
      "euclidean": {
        "pearson": 0.8170064842359009,
        "spearman": 0.8202794115268154
      },
      "manhattan": {
        "pearson": 0.8165362294458506,
        "spearman": 0.8196908445536335
      }
    },
    "it": {
      "cos_sim": {
        "pearson": 0.8341177599126407,
        "spearman": 0.8387465190752563
      },
      "euclidean": {
        "pearson": 0.8139868433202013,
        "spearman": 0.8212850436459016
      },
      "manhattan": {
        "pearson": 0.8130767637610687,
        "spearman": 0.8202686532647644
      }
    },
    "nl": {
      "cos_sim": {
        "pearson": 0.8294208146636131,
        "spearman": 0.8340130552437133
      },
      "euclidean": {
        "pearson": 0.8137401643517376,
        "spearman": 0.8227916004567495
      },
      "manhattan": {
        "pearson": 0.8128976749613839,
        "spearman": 0.8213580834366642
      }
    },
    "pl": {
      "cos_sim": {
        "pearson": 0.8278423638692192,
        "spearman": 0.830018292274554
      },
      "euclidean": {
        "pearson": 0.8112405377322746,
        "spearman": 0.816896249201231
      },
      "manhattan": {
        "pearson": 0.810141814054196,
        "spearman": 0.8157250402047906
      }
    },
    "pt": {
      "cos_sim": {
        "pearson": 0.8358530605319304,
        "spearman": 0.8408267248544555
      },
      "euclidean": {
        "pearson": 0.8229093019612491,
        "spearman": 0.8305532871322684
      },
      "manhattan": {
        "pearson": 0.8222993306744484,
        "spearman": 0.8293499848497042
      }
    },
    "ru": {
      "cos_sim": {
        "pearson": 0.8356590281334193,
        "spearman": 0.8383722658457959
      },
      "euclidean": {
        "pearson": 0.8130098647466206,
        "spearman": 0.8187541556920324
      },
      "manhattan": {
        "pearson": 0.8121285566222705,
        "spearman": 0.8171956901496804
      }
    },
    "zh": {
      "cos_sim": {
        "pearson": 0.8380273059287382,
        "spearman": 0.8405342844434142
      },
      "euclidean": {
        "pearson": 0.8116442754726331,
        "spearman": 0.8176791352645184
      },
      "manhattan": {
        "pearson": 0.8112473142312652,
        "spearman": 0.8168733266913163
      }
    }
  },
  "mteb_dataset_name": "STSBenchmarkMultilingualSTS",
  "mteb_version": "1.7.62",
  "test": {
    "de": {
      "cos_sim": {
        "pearson": 0.7787073090937966,
        "spearman": 0.7887381610840144
      },
      "euclidean": {
        "pearson": 0.765726466873501,
        "spearman": 0.7694377322269735
      },
      "manhattan": {
        "pearson": 0.7654874192242818,
        "spearman": 0.7691952851591086
      }
    },
    "en": {
      "cos_sim": {
        "pearson": 0.8342123253292277,
        "spearman": 0.8441677730521133
      },
      "euclidean": {
        "pearson": 0.8358177232989673,
        "spearman": 0.8374082014003418
      },
      "manhattan": {
        "pearson": 0.8361239656556313,
        "spearman": 0.8378677578646448
      }
    },
    "es": {
      "cos_sim": {
        "pearson": 0.7995445808108194,
        "spearman": 0.8110062367165658
      },
      "euclidean": {
        "pearson": 0.7913804651656493,
        "spearman": 0.7941144267284862
      },
      "manhattan": {
        "pearson": 0.7917107555639878,
        "spearman": 0.7945116115971254
      }
    },
    "evaluation_time": 7.79,
    "fr": {
      "cos_sim": {
        "pearson": 0.7910661581122347,
        "spearman": 0.7989879474908237
      },
      "euclidean": {
        "pearson": 0.7863306547824729,
        "spearman": 0.7869821815302588
      },
      "manhattan": {
        "pearson": 0.7860385785124413,
        "spearman": 0.7865094393437182
      }
    },
    "it": {
      "cos_sim": {
        "pearson": 0.7947618769892485,
        "spearman": 0.8039408800315038
      },
      "euclidean": {
        "pearson": 0.7814596589458704,
        "spearman": 0.7818961827316054
      },
      "manhattan": {
        "pearson": 0.7814664122015993,
        "spearman": 0.7818253031617106
      }
    },
    "nl": {
      "cos_sim": {
        "pearson": 0.7867982615190225,
        "spearman": 0.7953894934192566
      },
      "euclidean": {
        "pearson": 0.7667350184718287,
        "spearman": 0.767992839135887
      },
      "manhattan": {
        "pearson": 0.7667681038598647,
        "spearman": 0.7678681809576609
      }
    },
    "pl": {
      "cos_sim": {
        "pearson": 0.7836699354551301,
        "spearman": 0.7828646305931103
      },
      "euclidean": {
        "pearson": 0.7625525069491893,
        "spearman": 0.7587094821166463
      },
      "manhattan": {
        "pearson": 0.7611763332694553,
        "spearman": 0.757059468083837
      }
    },
    "pt": {
      "cos_sim": {
        "pearson": 0.7957959578270835,
        "spearman": 0.8016415785528852
      },
      "euclidean": {
        "pearson": 0.7828518496376878,
        "spearman": 0.7824094492145034
      },
      "manhattan": {
        "pearson": 0.782754881886684,
        "spearman": 0.7822943281621698
      }
    },
    "ru": {
      "cos_sim": {
        "pearson": 0.7866879036312179,
        "spearman": 0.7932017485816502
      },
      "euclidean": {
        "pearson": 0.7725026013267,
        "spearman": 0.7724317271001109
      },
      "manhattan": {
        "pearson": 0.7727154457499554,
        "spearman": 0.7724948620339201
      }
    },
    "zh": {
      "cos_sim": {
        "pearson": 0.8004485636505019,
        "spearman": 0.8047084687528503
      },
      "euclidean": {
        "pearson": 0.7816300240939733,
        "spearman": 0.783945171374317
      },
      "manhattan": {
        "pearson": 0.7806661733709461,
        "spearman": 0.7829381477943207
      }
    }
  }
}