{
  "dataset_revision": "105ba6b3cb99b9fd64880215be469d60ebf44a1b",
  "mteb_dataset_name": "SwedishSentimentClassification",
  "mteb_version": "1.6.3",
  "test": {
    "accuracy": 0.898046875,
    "accuracy_stderr": 0.013927233006375215,
    "ap": 0.8628577759711323,
    "ap_stderr": 0.0197179219149882,
    "evaluation_time": 73.0,
    "f1": 0.8979411271792227,
    "f1_stderr": 0.01397266693118865,
    "main_score": 0.898046875
  },
  "validation": {
    "accuracy": 0.89853515625,
    "accuracy_stderr": 0.013680242974873014,
    "ap": 0.8626670098602087,
    "ap_stderr": 0.01979388733491205,
    "evaluation_time": 93.77,
    "f1": 0.8984248220247864,
    "f1_stderr": 0.01371569559272139,
    "main_score": 0.89853515625
  }
}