{
  "dataset_revision": "7ebf0b4caa7b2ae39698a889de782c09e6f5ee56",
  "mteb_dataset_name": "SweFaqRetrieval",
  "mteb_version": "1.2.1.dev0",
  "test": {
    "evaluation_time": 2.92,
    "map_at_1": 0.39571,
    "map_at_10": 0.50782,
    "map_at_100": 0.51553,
    "map_at_1000": 0.51585,
    "map_at_3": 0.47238,
    "map_at_5": 0.49568,
    "mrr_at_1": 0.39571,
    "mrr_at_10": 0.50782,
    "mrr_at_100": 0.51553,
    "mrr_at_1000": 0.51585,
    "mrr_at_3": 0.47238,
    "mrr_at_5": 0.49568,
    "ndcg_at_1": 0.39571,
    "ndcg_at_10": 0.56936,
    "ndcg_at_100": 0.60773,
    "ndcg_at_1000": 0.61477,
    "ndcg_at_3": 0.49679,
    "ndcg_at_5": 0.53907,
    "precision_at_1": 0.39571,
    "precision_at_10": 0.07661,
    "precision_at_100": 0.00947,
    "precision_at_1000": 0.001,
    "precision_at_3": 0.18908,
    "precision_at_5": 0.13411,
    "recall_at_1": 0.39571,
    "recall_at_10": 0.76608,
    "recall_at_100": 0.94737,
    "recall_at_1000": 1.0,
    "recall_at_3": 0.56725,
    "recall_at_5": 0.67057
  }
}