{
  "dataset_revision": "29806f87bba4f23d0707d3b6d9ea5432afefbe2f",
  "mteb_dataset_name": "SwissJudgementClassification",
  "mteb_version": "1.7.20",
  "test": {
    "de": {
      "accuracy": 0.521728515625,
      "accuracy_stderr": 0.083576364581042,
      "ap": 0.20666622261185696,
      "ap_stderr": 0.006412840903708519,
      "f1": 0.458158126418009,
      "f1_stderr": 0.0394139933342838,
      "main_score": 0.521728515625
    },
    "evaluation_time": 413.95,
    "fr": {
      "accuracy": 0.519189453125,
      "accuracy_stderr": 0.10332890783082903,
      "ap": 0.20189282411106407,
      "ap_stderr": 0.007871306357925571,
      "f1": 0.45229007884062716,
      "f1_stderr": 0.056188481235234795,
      "main_score": 0.519189453125
    },
    "it": {
      "accuracy": 0.5282019704433497,
      "accuracy_stderr": 0.0864764434817093,
      "ap": 0.18937301842638846,
      "ap_stderr": 0.005798651247321819,
      "f1": 0.4542408899560801,
      "f1_stderr": 0.04700864093700379,
      "main_score": 0.5282019704433497
    }
  }
}