{
  "dataset_revision": "3b6ea595c94bac3448a2ad167ca2e06abd340d6e",
  "mteb_dataset_name": "WikipediaRetrievalMultilingual",
  "mteb_version": "1.10.2",
  "test": {
    "bg": {
      "map_at_1": 0.51133,
      "map_at_10": 0.60342,
      "map_at_100": 0.60934,
      "map_at_1000": 0.60959,
      "map_at_20": 0.60671,
      "map_at_3": 0.58144,
      "map_at_5": 0.59414,
      "mrr_at_1": 0.51133,
      "mrr_at_10": 0.60344,
      "mrr_at_100": 0.60937,
      "mrr_at_1000": 0.60961,
      "mrr_at_20": 0.60673,
      "mrr_at_3": 0.58144,
      "mrr_at_5": 0.59428,
      "ndcg_at_1": 0.51133,
      "ndcg_at_10": 0.64865,
      "ndcg_at_100": 0.67887,
      "ndcg_at_1000": 0.68552,
      "ndcg_at_20": 0.66074,
      "ndcg_at_3": 0.60388,
      "ndcg_at_5": 0.62672,
      "precision_at_1": 0.51133,
      "precision_at_10": 0.07907,
      "precision_at_100": 0.00935,
      "precision_at_1000": 0.00099,
      "precision_at_20": 0.04193,
      "precision_at_3": 0.22289,
      "precision_at_5": 0.1448,
      "recall_at_1": 0.51133,
      "recall_at_10": 0.79067,
      "recall_at_100": 0.93467,
      "recall_at_1000": 0.98733,
      "recall_at_20": 0.83867,
      "recall_at_3": 0.66867,
      "recall_at_5": 0.724
    },
    "bn": {
      "map_at_1": 0.02267,
      "map_at_10": 0.03009,
      "map_at_100": 0.03197,
      "map_at_1000": 0.03253,
      "map_at_20": 0.03101,
      "map_at_3": 0.02744,
      "map_at_5": 0.02881,
      "mrr_at_1": 0.02267,
      "mrr_at_10": 0.03009,
      "mrr_at_100": 0.03197,
      "mrr_at_1000": 0.03253,
      "mrr_at_20": 0.03101,
      "mrr_at_3": 0.02744,
      "mrr_at_5": 0.02881,
      "ndcg_at_1": 0.02267,
      "ndcg_at_10": 0.03461,
      "ndcg_at_100": 0.04599,
      "ndcg_at_1000": 0.06703,
      "ndcg_at_20": 0.03808,
      "ndcg_at_3": 0.02896,
      "ndcg_at_5": 0.03143,
      "precision_at_1": 0.02267,
      "precision_at_10": 0.00493,
      "precision_at_100": 0.00108,
      "precision_at_1000": 0.00029,
      "precision_at_20": 0.00317,
      "precision_at_3": 0.01111,
      "precision_at_5": 0.00787,
      "recall_at_1": 0.02267,
      "recall_at_10": 0.04933,
      "recall_at_100": 0.108,
      "recall_at_1000": 0.28733,
      "recall_at_20": 0.06333,
      "recall_at_3": 0.03333,
      "recall_at_5": 0.03933
    },
    "cs": {
      "map_at_1": 0.548,
      "map_at_10": 0.64274,
      "map_at_100": 0.64722,
      "map_at_1000": 0.64746,
      "map_at_20": 0.64537,
      "map_at_3": 0.62211,
      "map_at_5": 0.63421,
      "mrr_at_1": 0.548,
      "mrr_at_10": 0.64272,
      "mrr_at_100": 0.64721,
      "mrr_at_1000": 0.64745,
      "mrr_at_20": 0.64536,
      "mrr_at_3": 0.62211,
      "mrr_at_5": 0.63421,
      "ndcg_at_1": 0.548,
      "ndcg_at_10": 0.68752,
      "ndcg_at_100": 0.71041,
      "ndcg_at_1000": 0.71722,
      "ndcg_at_20": 0.69712,
      "ndcg_at_3": 0.64559,
      "ndcg_at_5": 0.66734,
      "precision_at_1": 0.548,
      "precision_at_10": 0.08273,
      "precision_at_100": 0.00937,
      "precision_at_1000": 0.00099,
      "precision_at_20": 0.04327,
      "precision_at_3": 0.23778,
      "precision_at_5": 0.1532,
      "recall_at_1": 0.548,
      "recall_at_10": 0.82733,
      "recall_at_100": 0.93667,
      "recall_at_1000": 0.99133,
      "recall_at_20": 0.86533,
      "recall_at_3": 0.71333,
      "recall_at_5": 0.766
    },
    "da": {
      "map_at_1": 0.57133,
      "map_at_10": 0.66563,
      "map_at_100": 0.67023,
      "map_at_1000": 0.67044,
      "map_at_20": 0.66884,
      "map_at_3": 0.64722,
      "map_at_5": 0.65972,
      "mrr_at_1": 0.57133,
      "mrr_at_10": 0.66561,
      "mrr_at_100": 0.6702,
      "mrr_at_1000": 0.67041,
      "mrr_at_20": 0.66881,
      "mrr_at_3": 0.64722,
      "mrr_at_5": 0.65972,
      "ndcg_at_1": 0.57133,
      "ndcg_at_10": 0.7078,
      "ndcg_at_100": 0.72966,
      "ndcg_at_1000": 0.73526,
      "ndcg_at_20": 0.71911,
      "ndcg_at_3": 0.67128,
      "ndcg_at_5": 0.69366,
      "precision_at_1": 0.57133,
      "precision_at_10": 0.0838,
      "precision_at_100": 0.0094,
      "precision_at_1000": 0.00098,
      "precision_at_20": 0.0441,
      "precision_at_3": 0.24689,
      "precision_at_5": 0.15893,
      "recall_at_1": 0.57133,
      "recall_at_10": 0.838,
      "recall_at_100": 0.94,
      "recall_at_1000": 0.984,
      "recall_at_20": 0.882,
      "recall_at_3": 0.74067,
      "recall_at_5": 0.79467
    },
    "de": {
      "map_at_1": 0.588,
      "map_at_10": 0.67641,
      "map_at_100": 0.68058,
      "map_at_1000": 0.68079,
      "map_at_20": 0.67883,
      "map_at_3": 0.65889,
      "map_at_5": 0.66999,
      "mrr_at_1": 0.588,
      "mrr_at_10": 0.67641,
      "mrr_at_100": 0.68058,
      "mrr_at_1000": 0.68079,
      "mrr_at_20": 0.67883,
      "mrr_at_3": 0.65889,
      "mrr_at_5": 0.66999,
      "ndcg_at_1": 0.588,
      "ndcg_at_10": 0.71643,
      "ndcg_at_100": 0.73768,
      "ndcg_at_1000": 0.74346,
      "ndcg_at_20": 0.72522,
      "ndcg_at_3": 0.681,
      "ndcg_at_5": 0.70102,
      "precision_at_1": 0.588,
      "precision_at_10": 0.08407,
      "precision_at_100": 0.00942,
      "precision_at_1000": 0.00099,
      "precision_at_20": 0.04377,
      "precision_at_3": 0.24822,
      "precision_at_5": 0.15867,
      "recall_at_1": 0.588,
      "recall_at_10": 0.84067,
      "recall_at_100": 0.942,
      "recall_at_1000": 0.988,
      "recall_at_20": 0.87533,
      "recall_at_3": 0.74467,
      "recall_at_5": 0.79333
    },
    "en": {
      "map_at_1": 0.74067,
      "map_at_10": 0.81615,
      "map_at_100": 0.81783,
      "map_at_1000": 0.81789,
      "map_at_20": 0.81726,
      "map_at_3": 0.80267,
      "map_at_5": 0.81157,
      "mrr_at_1": 0.74067,
      "mrr_at_10": 0.81615,
      "mrr_at_100": 0.81783,
      "mrr_at_1000": 0.81789,
      "mrr_at_20": 0.81726,
      "mrr_at_3": 0.80267,
      "mrr_at_5": 0.81157,
      "ndcg_at_1": 0.74067,
      "ndcg_at_10": 0.84895,
      "ndcg_at_100": 0.85698,
      "ndcg_at_1000": 0.85846,
      "ndcg_at_20": 0.85298,
      "ndcg_at_3": 0.82192,
      "ndcg_at_5": 0.8379,
      "precision_at_1": 0.74067,
      "precision_at_10": 0.095,
      "precision_at_100": 0.00987,
      "precision_at_1000": 0.001,
      "precision_at_20": 0.0483,
      "precision_at_3": 0.29244,
      "precision_at_5": 0.1832,
      "recall_at_1": 0.74067,
      "recall_at_10": 0.95,
      "recall_at_100": 0.98733,
      "recall_at_1000": 0.99867,
      "recall_at_20": 0.966,
      "recall_at_3": 0.87733,
      "recall_at_5": 0.916
    },
    "evaluation_time": 85.91,
    "fa": {
      "map_at_1": 0.49933,
      "map_at_10": 0.58103,
      "map_at_100": 0.58723,
      "map_at_1000": 0.58763,
      "map_at_20": 0.585,
      "map_at_3": 0.562,
      "map_at_5": 0.57323,
      "mrr_at_1": 0.498,
      "mrr_at_10": 0.58042,
      "mrr_at_100": 0.58662,
      "mrr_at_1000": 0.58702,
      "mrr_at_20": 0.58438,
      "mrr_at_3": 0.56133,
      "mrr_at_5": 0.57273,
      "ndcg_at_1": 0.49933,
      "ndcg_at_10": 0.6215,
      "ndcg_at_100": 0.65192,
      "ndcg_at_1000": 0.66274,
      "ndcg_at_20": 0.63566,
      "ndcg_at_3": 0.58254,
      "ndcg_at_5": 0.60282,
      "precision_at_1": 0.49933,
      "precision_at_10": 0.07487,
      "precision_at_100": 0.00892,
      "precision_at_1000": 0.00098,
      "precision_at_20": 0.0402,
      "precision_at_3": 0.214,
      "precision_at_5": 0.13827,
      "recall_at_1": 0.49933,
      "recall_at_10": 0.74867,
      "recall_at_100": 0.892,
      "recall_at_1000": 0.978,
      "recall_at_20": 0.804,
      "recall_at_3": 0.642,
      "recall_at_5": 0.69133
    },
    "fi": {
      "map_at_1": 0.51267,
      "map_at_10": 0.60078,
      "map_at_100": 0.60659,
      "map_at_1000": 0.60684,
      "map_at_20": 0.6046,
      "map_at_3": 0.57856,
      "map_at_5": 0.59186,
      "mrr_at_1": 0.51267,
      "mrr_at_10": 0.601,
      "mrr_at_100": 0.60673,
      "mrr_at_1000": 0.60699,
      "mrr_at_20": 0.60474,
      "mrr_at_3": 0.57856,
      "mrr_at_5": 0.59186,