{
  "dataset_revision": "5c8f1945c55593dc6ee8552c9807661fcb25d53a",
  "mteb_dataset_name": "WikipediaRetrievalBG",
  "mteb_version": "1.9.0",
  "test": {
    "evaluation_time": 5.74,
    "map_at_1": 0.56533,
    "map_at_10": 0.66317,
    "map_at_100": 0.66832,
    "map_at_1000": 0.66849,
    "map_at_20": 0.66665,
    "map_at_3": 0.64389,
    "map_at_5": 0.65656,
    "mrr_at_1": 0.56533,
    "mrr_at_10": 0.66317,
    "mrr_at_100": 0.66832,
    "mrr_at_1000": 0.66849,
    "mrr_at_20": 0.66665,
    "mrr_at_3": 0.64389,
    "mrr_at_5": 0.65656,
    "ndcg_at_1": 0.56533,
    "ndcg_at_10": 0.70749,
    "ndcg_at_100": 0.73196,
    "ndcg_at_1000": 0.73667,
    "ndcg_at_20": 0.72013,
    "ndcg_at_3": 0.66896,
    "ndcg_at_5": 0.69162,
    "precision_at_1": 0.56533,
    "precision_at_10": 0.08447,
    "precision_at_100": 0.00958,
    "precision_at_1000": 0.001,
    "precision_at_20": 0.04473,
    "precision_at_3": 0.24711,
    "precision_at_5": 0.1592,
    "recall_at_1": 0.56533,
    "recall_at_10": 0.84467,
    "recall_at_100": 0.958,
    "recall_at_1000": 0.99533,
    "recall_at_20": 0.89467,
    "recall_at_3": 0.74133,
    "recall_at_5": 0.796
  }
}