{
  "dataset_revision": "dde1ce992ca9090e9b36466c98d017ffad2b294c",
  "mteb_dataset_name": "XNLITurkishV2",
  "mteb_version": "1.8.0",
  "test": {
    "cos_sim": {
      "accuracy": 0.738622754491018,
      "accuracy_threshold": 0.5518599152565002,
      "ap": 0.8089008361919795,
      "f1": 0.7577115739520168,
      "f1_threshold": 0.4858572781085968,
      "precision": 0.67687235044748,
      "recall": 0.8604790419161676
    },
    "dot": {
      "accuracy": 0.6994011976047905,
      "accuracy_threshold": 8.75497817993164,
      "ap": 0.7564539002723658,
      "f1": 0.7222792607802875,
      "f1_threshold": 6.619801044464111,
      "precision": 0.6320754716981132,
      "recall": 0.8425149700598802
    },
    "euclidean": {
      "accuracy": 0.7377245508982035,
      "accuracy_threshold": 3.716042995452881,
      "ap": 0.7975001263701456,
      "f1": 0.7536764705882354,
      "f1_threshold": 3.9908242225646973,
      "precision": 0.6711880261927035,
      "recall": 0.8592814371257484
    },
    "evaluation_time": 16.2,
    "manhattan": {
      "accuracy": 0.7377245508982035,
      "accuracy_threshold": 56.31071472167969,
      "ap": 0.7972242230007238,
      "f1": 0.751328374070138,
      "f1_threshold": 61.55879211425781,
      "precision": 0.6752626552053486,
      "recall": 0.8467065868263473
    },
    "max": {
      "accuracy": 0.738622754491018,
      "ap": 0.8089008361919795,
      "f1": 0.7577115739520168
    }
  }
}