{
  "dataset_revision": "51adfef1c1287aab1d2d91b5bead9bcfb9c68583",
  "mteb_dataset_name": "XQuADRetrieval",
  "mteb_version": "1.7.27",
  "validation": {
    "ar": {
      "map_at_1": 0.65261,
      "map_at_10": 0.7328,
      "map_at_100": 0.73685,
      "map_at_1000": 0.73691,
      "map_at_20": 0.73531,
      "map_at_3": 0.71276,
      "map_at_5": 0.72545,
      "mrr_at_1": 0.65261,
      "mrr_at_10": 0.7328,
      "mrr_at_100": 0.73685,
      "mrr_at_1000": 0.73691,
      "mrr_at_20": 0.73531,
      "mrr_at_3": 0.71276,
      "mrr_at_5": 0.72545,
      "ndcg_at_1": 0.65261,
      "ndcg_at_10": 0.77291,
      "ndcg_at_100": 0.79271,
      "ndcg_at_1000": 0.79389,
      "ndcg_at_20": 0.78192,
      "ndcg_at_3": 0.73259,
      "ndcg_at_5": 0.75531,
      "precision_at_1": 0.65261,
      "precision_at_10": 0.08988,
      "precision_at_100": 0.00992,
      "precision_at_1000": 0.001,
      "precision_at_20": 0.04671,
      "precision_at_3": 0.26335,
      "precision_at_5": 0.16897,
      "recall_at_1": 0.65261,
      "recall_at_10": 0.89882,
      "recall_at_100": 0.99157,
      "recall_at_1000": 1.0,
      "recall_at_20": 0.93423,
      "recall_at_3": 0.79005,
      "recall_at_5": 0.84486
    },
    "de": {
      "map_at_1": 0.72735,
      "map_at_10": 0.80575,
      "map_at_100": 0.80826,
      "map_at_1000": 0.80829,
      "map_at_20": 0.80753,
      "map_at_3": 0.79241,
      "map_at_5": 0.80202,
      "mrr_at_1": 0.72735,
      "mrr_at_10": 0.80575,
      "mrr_at_100": 0.80826,
      "mrr_at_1000": 0.80829,
      "mrr_at_20": 0.80753,
      "mrr_at_3": 0.79241,
      "mrr_at_5": 0.80202,
      "ndcg_at_1": 0.72735,
      "ndcg_at_10": 0.84016,
      "ndcg_at_100": 0.85133,
      "ndcg_at_1000": 0.85193,
      "ndcg_at_20": 0.84647,
      "ndcg_at_3": 0.81375,
      "ndcg_at_5": 0.83113,
      "precision_at_1": 0.72735,
      "precision_at_10": 0.09458,
      "precision_at_100": 0.00996,
      "precision_at_1000": 0.001,
      "precision_at_20": 0.04852,
      "precision_at_3": 0.29184,
      "precision_at_5": 0.18357,
      "recall_at_1": 0.72735,
      "recall_at_10": 0.94581,
      "recall_at_100": 0.99577,
      "recall_at_1000": 1.0,
      "recall_at_20": 0.97036,
      "recall_at_3": 0.87553,
      "recall_at_5": 0.91787
    },
    "el": {
      "map_at_1": 0.67314,
      "map_at_10": 0.76333,
      "map_at_100": 0.76611,
      "map_at_1000": 0.76616,
      "map_at_20": 0.76509,
      "map_at_3": 0.7469,
      "map_at_5": 0.75573,
      "mrr_at_1": 0.67314,
      "mrr_at_10": 0.76333,
      "mrr_at_100": 0.76611,
      "mrr_at_1000": 0.76616,
      "mrr_at_20": 0.76509,
      "mrr_at_3": 0.7469,
      "mrr_at_5": 0.75573,
      "ndcg_at_1": 0.67314,
      "ndcg_at_10": 0.80365,
      "ndcg_at_100": 0.81733,
      "ndcg_at_1000": 0.8183,
      "ndcg_at_20": 0.8102,
      "ndcg_at_3": 0.7695,
      "ndcg_at_5": 0.78546,
      "precision_at_1": 0.67314,
      "precision_at_10": 0.09291,
      "precision_at_100": 0.00993,
      "precision_at_1000": 0.001,
      "precision_at_20": 0.04776,
      "precision_at_3": 0.27815,
      "precision_at_5": 0.17466,
      "recall_at_1": 0.67314,
      "recall_at_10": 0.92905,
      "recall_at_100": 0.99324,
      "recall_at_1000": 1.0,
      "recall_at_20": 0.95524,
      "recall_at_3": 0.83446,
      "recall_at_5": 0.87331
    },
    "en": {
      "map_at_1": 0.79662,
      "map_at_10": 0.85843,
      "map_at_100": 0.86005,
      "map_at_1000": 0.86007,
      "map_at_20": 0.85959,
      "map_at_3": 0.84838,
      "map_at_5": 0.85501,
      "mrr_at_1": 0.79662,
      "mrr_at_10": 0.85843,
      "mrr_at_100": 0.86005,
      "mrr_at_1000": 0.86007,
      "mrr_at_20": 0.85959,
      "mrr_at_3": 0.84838,
      "mrr_at_5": 0.85501,
      "ndcg_at_1": 0.79662,
      "ndcg_at_10": 0.88496,
      "ndcg_at_100": 0.89203,
      "ndcg_at_1000": 0.8924,
      "ndcg_at_20": 0.88908,
      "ndcg_at_3": 0.86502,
      "ndcg_at_5": 0.87689,
      "precision_at_1": 0.79662,
      "precision_at_10": 0.09662,
      "precision_at_100": 0.00997,
      "precision_at_1000": 0.001,
      "precision_at_20": 0.04911,
      "precision_at_3": 0.30436,
      "precision_at_5": 0.18835,
      "recall_at_1": 0.79662,
      "recall_at_10": 0.96624,
      "recall_at_100": 0.99747,
      "recall_at_1000": 1.0,
      "recall_at_20": 0.98228,
      "recall_at_3": 0.91308,
      "recall_at_5": 0.94177
    },
    "es": {
      "map_at_1": 0.7348,
      "map_at_10": 0.80783,
      "map_at_100": 0.81047,
      "map_at_1000": 0.81049,
      "map_at_20": 0.80974,
      "map_at_3": 0.79575,
      "map_at_5": 0.80386,
      "mrr_at_1": 0.7348,
      "mrr_at_10": 0.80783,
      "mrr_at_100": 0.81047,
      "mrr_at_1000": 0.81049,
      "mrr_at_20": 0.80974,
      "mrr_at_3": 0.79575,
      "mrr_at_5": 0.80386,
      "ndcg_at_1": 0.7348,
      "ndcg_at_10": 0.84009,
      "ndcg_at_100": 0.85254,
      "ndcg_at_1000": 0.85302,
      "ndcg_at_20": 0.8471,
      "ndcg_at_3": 0.81607,
      "ndcg_at_5": 0.8305,
      "precision_at_1": 0.7348,
      "precision_at_10": 0.09392,
      "precision_at_100": 0.00997,
      "precision_at_1000": 0.001,
      "precision_at_20": 0.04835,
      "precision_at_3": 0.29167,
      "precision_at_5": 0.18193,
      "recall_at_1": 0.7348,
      "recall_at_10": 0.93919,
      "recall_at_100": 0.99662,
      "recall_at_1000": 1.0,
      "recall_at_20": 0.96706,
      "recall_at_3": 0.875,
      "recall_at_5": 0.90963
    },
    "evaluation_time": 12.41,
    "hi": {
      "map_at_1": 0.65173,
      "map_at_10": 0.74089,
      "map_at_100": 0.7447,
      "map_at_1000": 0.74475,
      "map_at_20": 0.74324,
      "map_at_3": 0.72288,
      "map_at_5": 0.73505,
      "mrr_at_1": 0.65173,
      "mrr_at_10": 0.74089,
      "mrr_at_100": 0.7447,
      "mrr_at_1000": 0.74475,
      "mrr_at_20": 0.74324,
      "mrr_at_3": 0.72288,
      "mrr_at_5": 0.73505,
      "ndcg_at_1": 0.65173,
      "ndcg_at_10": 0.78163,
      "ndcg_at_100": 0.7999,
      "ndcg_at_1000": 0.80095,
      "ndcg_at_20": 0.79004,
      "ndcg_at_3": 0.74567,
      "ndcg_at_5": 0.76761,
      "precision_at_1": 0.65173,
      "precision_at_10": 0.09079,
      "precision_at_100": 0.00992,
      "precision_at_1000": 0.001,
      "precision_at_20": 0.04704,
      "precision_at_3": 0.2705,
      "precision_at_5": 0.17295,
      "recall_at_1": 0.65173,
      "recall_at_10": 0.90786,
      "recall_at_100": 0.99239,
      "recall_at_1000": 1.0,
      "recall_at_20": 0.94083,
      "recall_at_3": 0.8115,
      "recall_at_5": 0.86475
    },
    "ro": {
      "map_at_1": 0.73226,
      "map_at_10": 0.8071,
      "map_at_100": 0.80997,
      "map_at_1000": 0.81,
      "map_at_20": 0.80917,
      "map_at_3": 0.79406,
      "map_at_5": 0.80276,
      "mrr_at_1": 0.73226,
      "mrr_at_10": 0.8071,
      "mrr_at_100": 0.80997,
      "mrr_at_1000": 0.81,
      "mrr_at_20": 0.80917,
      "mrr_at_3": 0.79406,
      "mrr_at_5": 0.80276,
      "ndcg_at_1": 0.73226,
      "ndcg_at_10": 0.83933,
      "ndcg_at_100": 0.85214,
      "ndcg_at_1000": 0.85274,
      "ndcg_at_20": 0.84669,
      "ndcg_at_3": 0.81359,
      "ndcg_at_5": 0.8289,
      "precision_at_1": 0.73226,
      "precision_at_10": 0.09383,
      "precision_at_100": 0.00996,
      "precision_at_1000": 0.001,
      "precision_at_20": 0.04835,
      "precision_at_3": 0.28998,
      "precision_at_5": 0.18125,
      "recall_at_1": 0.73226,
      "recall_at_10": 0.93834,
      "recall_at_100": 0.99578,
      "recall_at_1000": 1.0,
      "recall_at_20": 0.96706,
      "recall_at_3": 0.86993,
      "recall_at_5": 0.90625
    },
    "ru": {
      "map_at_1": 0.72658,
      "map_at_10": 0.80843,
      "map_at_100": 0.81085,
      "map_at_1000": 0.81088,
      "map_at_20": 0.81047,
      "map_at_3": 0.79451,
      "map_at_5": 0.80422,
      "mrr_at_1": 0.72658,
      "mrr_at_10": 0.80843,
      "mrr_at_100": 0.81085,
      "mrr_at_1000": 0.81088,
      "mrr_at_20": 0.81047,
      "mrr_at_3": 0.79451,
      "mrr_at_5": 0.80422,