{
  "dataset_revision": "1300d045cf983bac23faadf3aa12a619624769da",
  "mteb_dataset_name": "YueOpenriceReviewClassification",
  "mteb_version": "1.7.14",
  "test": {
    "accuracy": 0.2923828125,
    "accuracy_stderr": 0.019095230769350907,
    "evaluation_time": 24.67,
    "f1": 0.25366252012508783,
    "f1_stderr": 0.013833175951934548,
    "main_score": 0.2923828125
  }
}