{
  "dataset_revision": "fcf295ea64c750f41fadbaa37b9b861558e1bfbd",
  "mteb_dataset_name": "AlloprofRetrievalAbstention",
  "mteb_version": "1.6.36",
  "test": {
    "evaluation_time": 38.48,
    "map_at_1": 0.06261,
    "map_at_10": 0.09929,
    "map_at_100": 0.10737,
    "map_at_1000": 0.10877,
    "map_at_20": 0.10359,
    "map_at_3": 0.08564,
    "map_at_5": 0.09257,
    "mrr_at_1": 0.06261,
    "mrr_at_10": 0.09929,
    "mrr_at_100": 0.10737,
    "mrr_at_1000": 0.10877,
    "mrr_at_20": 0.10359,
    "mrr_at_3": 0.08564,
    "mrr_at_5": 0.09257,
    "nAUC_map_at_10_P1P2": 0.31571928345940226,
    "nAUC_map_at_10_max": -0.03705885658722631,
    "nAUC_map_at_10_std": 0.16101371420607777,
    "nAUC_map_at_1_P1P2": 0.40106487424538917,
    "nAUC_map_at_1_max": -0.029665485538427416,
    "nAUC_map_at_1_std": 0.10099551565855719,
    "nAUC_map_at_3_P1P2": 0.3381742498498076,
    "nAUC_map_at_3_max": -0.028730644007320595,
    "nAUC_map_at_3_std": 0.14182724966144755,
    "nAUC_map_at_5_P1P2": 0.32913907710251944,
    "nAUC_map_at_5_max": -0.029739848906356815,
    "nAUC_map_at_5_std": 0.15333727355498505,
    "nAUC_ndcg_at_10_P1P2": 0.2858898016181107,
    "nAUC_ndcg_at_10_max": -0.04482308718132838,
    "nAUC_ndcg_at_10_std": 0.18427975960427825,
    "nAUC_ndcg_at_1_P1P2": 0.40106487424538917,
    "nAUC_ndcg_at_1_max": -0.029665485538427416,
    "nAUC_ndcg_at_1_std": 0.10099551565855719,
    "nAUC_ndcg_at_3_P1P2": 0.3254815255991642,
    "nAUC_ndcg_at_3_max": -0.02772849892341394,
    "nAUC_ndcg_at_3_std": 0.15143820695030583,
    "nAUC_ndcg_at_5_P1P2": 0.31181803789680124,
    "nAUC_ndcg_at_5_max": -0.029751119513369943,
    "nAUC_ndcg_at_5_std": 0.1696228396455342,
    "nAUC_precision_at_10_P1P2": 0.22659148389158917,
    "nAUC_precision_at_10_max": -0.062313903794114306,
    "nAUC_precision_at_10_std": 0.2306001457361694,
    "nAUC_precision_at_1_P1P2": 0.40106487424538917,
    "nAUC_precision_at_1_max": -0.029665485538427416,
    "nAUC_precision_at_1_std": 0.10099551565855719,
    "nAUC_precision_at_3_P1P2": 0.29759851693004075,
    "nAUC_precision_at_3_max": -0.02529355518255448,
    "nAUC_precision_at_3_std": 0.17294451794198407,
    "nAUC_precision_at_5_P1P2": 0.2755390937194487,
    "nAUC_precision_at_5_max": -0.029974972215981388,
    "nAUC_precision_at_5_std": 0.2048437404685501,
    "nAUC_recall_at_10_P1P2": 0.2265914838915937,
    "nAUC_recall_at_10_max": -0.06231390379411097,
    "nAUC_recall_at_10_std": 0.23060014573617338,
    "nAUC_recall_at_1_P1P2": 0.40106487424538917,
    "nAUC_recall_at_1_max": -0.029665485538427416,
    "nAUC_recall_at_1_std": 0.10099551565855719,
    "nAUC_recall_at_3_P1P2": 0.2975985169300388,
    "nAUC_recall_at_3_max": -0.02529355518255586,
    "nAUC_recall_at_3_std": 0.17294451794198248,
    "nAUC_recall_at_5_P1P2": 0.2755390937194527,
    "nAUC_recall_at_5_max": -0.029974972215978418,
    "nAUC_recall_at_5_std": 0.20484374046855347,
    "ndcg_at_1": 0.06261,
    "ndcg_at_10": 0.12213,
    "ndcg_at_100": 0.1663,
    "ndcg_at_1000": 0.21289,
    "ndcg_at_20": 0.13755,
    "ndcg_at_3": 0.09335,
    "ndcg_at_5": 0.10581,
    "precision_at_1": 0.06261,
    "precision_at_10": 0.01965,
    "precision_at_100": 0.00415,
    "precision_at_1000": 0.0008,
    "precision_at_20": 0.01285,
    "precision_at_3": 0.03857,
    "precision_at_5": 0.02919,
    "recall_at_1": 0.06261,
    "recall_at_10": 0.19646,
    "recall_at_100": 0.41494,
    "recall_at_1000": 0.80268,
    "recall_at_20": 0.25691,
    "recall_at_3": 0.11572,
    "recall_at_5": 0.14594
  }
}