{
    "test": {
        "number_of_characters": 664.7686497593272,
        "num_samples": 1056326,
        "num_queries": 52561,
        "num_documents": 1003765,
        "average_document_length": 1.9924982441109223e-06,
        "average_query_length": 0.012609513703303347,
        "average_relevant_docs_per_query": 1.0,
        "hf_subset_descriptive_stats": {
            "python": {
                "number_of_characters": 941.4041426464673,
                "num_samples": 295228,
                "num_queries": 14918,
                "num_documents": 280310,
                "average_document_length": 7.134957725375477e-06,
                "average_query_length": 0.0629711853228628,
                "average_relevant_docs_per_query": 1.0
            },
            "javascript": {
                "number_of_characters": 748.8343968398663,
                "num_samples": 68145,
                "num_queries": 3291,
                "num_documents": 64854,
                "average_document_length": 3.0838498781879296e-05,
                "average_query_length": 0.2269323600242681,
                "average_relevant_docs_per_query": 1.0
            },
            "go": {
                "number_of_characters": 405.3770007387343,
                "num_samples": 190562,
                "num_queries": 8122,
                "num_documents": 182440,
                "average_document_length": 1.0962508221881167e-05,
                "average_query_length": 0.049664737840277556,
                "average_relevant_docs_per_query": 1.0
            },
            "ruby": {
                "number_of_characters": 457.43695479777955,
                "num_samples": 28831,
                "num_queries": 1261,
                "num_documents": 27570,
                "average_document_length": 7.254261878853827e-05,
                "average_query_length": 0.3611712567785722,
                "average_relevant_docs_per_query": 1.0
            },
            "java": {
                "number_of_characters": 588.8922866271109,
                "num_samples": 191821,
                "num_queries": 10955,
                "num_documents": 180866,
                "average_document_length": 1.1057910276116019e-05,
                "average_query_length": 0.053573006538303145,
                "average_relevant_docs_per_query": 1.0
            },
            "php": {
                "number_of_characters": 578.8503639217925,
                "num_samples": 281739,
                "num_queries": 14014,
                "num_documents": 267725,
                "average_document_length": 7.470352040339901e-06,
                "average_query_length": 0.041162434987997175,
                "average_relevant_docs_per_query": 1.0
            }
        }
    }
}