{
  "dataset_revision": "b1d89eda849e636676df6ead8002602fb1858600",
  "evaluation_time": 636.6930768489838,
  "kg_co2_emissions": null,
  "mteb_version": "1.14.15",
  "scores": {
    "test": [
      {
        "cv_recall_at_1": 0.4,
        "cv_recall_at_10": 0.678,
        "cv_recall_at_100": 0.904,
        "cv_recall_at_1000": 1.0,
        "cv_recall_at_20": 0.742,
        "cv_recall_at_3": 0.526,
        "cv_recall_at_5": 0.586,
        "hf_subset": "default",
        "languages": [
          "eng-Latn"
        ],
        "main_score": 0.49756,
        "map_at_1": 0.4,
        "map_at_10": 0.48082,
        "map_at_100": 0.48939,
        "map_at_1000": 0.48988,
        "map_at_20": 0.48533,
        "map_at_3": 0.455,
        "map_at_5": 0.4683,
        "mrr_at_1": 0.4,
        "mrr_at_10": 0.4808214285714284,
        "mrr_at_100": 0.48938796963272635,
        "mrr_at_1000": 0.48987689381415356,
        "mrr_at_20": 0.48532962232985455,
        "mrr_at_3": 0.45500000000000024,
        "mrr_at_5": 0.46830000000000005,
        "nauc_cv_recall_at_1000_diff1": NaN,
        "nauc_cv_recall_at_1000_max": NaN,
        "nauc_cv_recall_at_1000_std": NaN,
        "nauc_cv_recall_at_100_diff1": 0.5545440398381588,
        "nauc_cv_recall_at_100_max": 0.6224031279178338,
        "nauc_cv_recall_at_100_std": 0.7042483660130732,
        "nauc_cv_recall_at_10_diff1": 0.5922844253579569,
        "nauc_cv_recall_at_10_max": 0.5432800999287697,
        "nauc_cv_recall_at_10_std": 0.3076353976332295,
        "nauc_cv_recall_at_1_diff1": 0.7808676622039137,
        "nauc_cv_recall_at_1_max": 0.42874356333676633,
        "nauc_cv_recall_at_1_std": 0.023313594232749747,
        "nauc_cv_recall_at_20_diff1": 0.6226725372659271,
        "nauc_cv_recall_at_20_max": 0.5880120622044127,
        "nauc_cv_recall_at_20_std": 0.38371357569278075,
        "nauc_cv_recall_at_3_diff1": 0.6621787729379458,
        "nauc_cv_recall_at_3_max": 0.47943079125818877,
        "nauc_cv_recall_at_3_std": 0.14791707160827738,
        "nauc_cv_recall_at_5_diff1": 0.6327712997671421,
        "nauc_cv_recall_at_5_max": 0.5113726338055739,
        "nauc_cv_recall_at_5_std": 0.19278695996423892,
        "nauc_map_at_1000_diff1": 0.7223029853211699,
        "nauc_map_at_1000_max": 0.4573500912745452,
        "nauc_map_at_1000_std": 0.0938975472934603,
        "nauc_map_at_100_diff1": 0.7220311079046942,
        "nauc_map_at_100_max": 0.4575388060411859,
        "nauc_map_at_100_std": 0.09469610080340737,
        "nauc_map_at_10_diff1": 0.7194427550991311,
        "nauc_map_at_10_max": 0.4566455594885925,
        "nauc_map_at_10_std": 0.09238228683223873,
        "nauc_map_at_1_diff1": 0.7808676622039137,
        "nauc_map_at_1_max": 0.42874356333676633,
        "nauc_map_at_1_std": 0.023313594232749747,
        "nauc_map_at_20_diff1": 0.7219933633150782,
        "nauc_map_at_20_max": 0.4582682569401601,
        "nauc_map_at_20_std": 0.09425310386243768,
        "nauc_map_at_3_diff1": 0.7271767768253766,
        "nauc_map_at_3_max": 0.44831239354747643,
        "nauc_map_at_3_std": 0.07368394666258558,
        "nauc_map_at_5_diff1": 0.7221060762465903,
        "nauc_map_at_5_max": 0.45374468132339285,
        "nauc_map_at_5_std": 0.08090647086207076,
        "nauc_mrr_at_1000_diff1": 0.7223029853211699,
        "nauc_mrr_at_1000_max": 0.4573500912745452,
        "nauc_mrr_at_1000_std": 0.0938975472934603,
        "nauc_mrr_at_100_diff1": 0.7220311079046942,
        "nauc_mrr_at_100_max": 0.4575388060411859,
        "nauc_mrr_at_100_std": 0.09469610080340737,
        "nauc_mrr_at_10_diff1": 0.7194427550991311,
        "nauc_mrr_at_10_max": 0.4566455594885925,
        "nauc_mrr_at_10_std": 0.09238228683223873,
        "nauc_mrr_at_1_diff1": 0.7808676622039137,
        "nauc_mrr_at_1_max": 0.42874356333676633,
        "nauc_mrr_at_1_std": 0.023313594232749747,
        "nauc_mrr_at_20_diff1": 0.7219933633150782,
        "nauc_mrr_at_20_max": 0.4582682569401601,
        "nauc_mrr_at_20_std": 0.09425310386243768,
        "nauc_mrr_at_3_diff1": 0.7271767768253766,
        "nauc_mrr_at_3_max": 0.44831239354747643,
        "nauc_mrr_at_3_std": 0.07368394666258558,
        "nauc_mrr_at_5_diff1": 0.7221060762465903,
        "nauc_mrr_at_5_max": 0.45374468132339285,
        "nauc_mrr_at_5_std": 0.08090647086207076,
        "nauc_ndcg_at_1000_diff1": 0.710686523220205,
        "nauc_ndcg_at_1000_max": 0.46774398996740346,
        "nauc_ndcg_at_1000_std": 0.12081898918084653,
        "nauc_ndcg_at_100_diff1": 0.7038461631864035,
        "nauc_ndcg_at_100_max": 0.4740669291705547,
        "nauc_ndcg_at_100_std": 0.1453284101083725,
        "nauc_ndcg_at_10_diff1": 0.6931946908889765,
        "nauc_ndcg_at_10_max": 0.4740638945720107,
        "nauc_ndcg_at_10_std": 0.13525061573977884,
        "nauc_ndcg_at_1_diff1": 0.7808676622039137,
        "nauc_ndcg_at_1_max": 0.42874356333676633,
        "nauc_ndcg_at_1_std": 0.023313594232749747,
        "nauc_ndcg_at_20_diff1": 0.7022453664871185,
        "nauc_ndcg_at_20_max": 0.48027538874049586,
        "nauc_ndcg_at_20_std": 0.14356378032475198,
        "nauc_ndcg_at_3_diff1": 0.710802049583976,
        "nauc_ndcg_at_3_max": 0.4560014006504877,
        "nauc_ndcg_at_3_std": 0.09211662046447473,
        "nauc_ndcg_at_5_diff1": 0.7008949703273786,
        "nauc_ndcg_at_5_max": 0.46696217106895704,
        "nauc_ndcg_at_5_std": 0.10693699002475192,
        "nauc_precision_at_1000_diff1": 1.0,
        "nauc_precision_at_1000_max": 1.0,
        "nauc_precision_at_1000_std": 1.0,
        "nauc_precision_at_100_diff1": 0.5545440398381573,
        "nauc_precision_at_100_max": 0.6224031279178333,
        "nauc_precision_at_100_std": 0.7042483660130705,
        "nauc_precision_at_10_diff1": 0.5922844253579582,
        "nauc_precision_at_10_max": 0.5432800999287695,
        "nauc_precision_at_10_std": 0.30763539763322983,
        "nauc_precision_at_1_diff1": 0.7808676622039137,
        "nauc_precision_at_1_max": 0.42874356333676633,
        "nauc_precision_at_1_std": 0.023313594232749747,
        "nauc_precision_at_20_diff1": 0.6226725372659271,
        "nauc_precision_at_20_max": 0.5880120622044128,
        "nauc_precision_at_20_std": 0.3837135756927807,
        "nauc_precision_at_3_diff1": 0.6621787729379459,
        "nauc_precision_at_3_max": 0.47943079125818866,
        "nauc_precision_at_3_std": 0.14791707160827736,
        "nauc_precision_at_5_diff1": 0.6327712997671422,
        "nauc_precision_at_5_max": 0.5113726338055742,
        "nauc_precision_at_5_std": 0.19278695996423872,
        "nauc_recall_at_1000_diff1": NaN,
        "nauc_recall_at_1000_max": NaN,
        "nauc_recall_at_1000_std": NaN,
        "nauc_recall_at_100_diff1": 0.5545440398381588,
        "nauc_recall_at_100_max": 0.6224031279178338,
        "nauc_recall_at_100_std": 0.7042483660130732,
        "nauc_recall_at_10_diff1": 0.5922844253579569,
        "nauc_recall_at_10_max": 0.5432800999287697,
        "nauc_recall_at_10_std": 0.3076353976332295,
        "nauc_recall_at_1_diff1": 0.7808676622039137,
        "nauc_recall_at_1_max": 0.42874356333676633,
        "nauc_recall_at_1_std": 0.023313594232749747,
        "nauc_recall_at_20_diff1": 0.6226725372659271,
        "nauc_recall_at_20_max": 0.5880120622044127,
        "nauc_recall_at_20_std": 0.38371357569278075,
        "nauc_recall_at_3_diff1": 0.6621787729379458,
        "nauc_recall_at_3_max": 0.47943079125818877,
        "nauc_recall_at_3_std": 0.14791707160827738,
        "nauc_recall_at_5_diff1": 0.6327712997671421,
        "nauc_recall_at_5_max": 0.5113726338055739,
        "nauc_recall_at_5_std": 0.19278695996423892,
        "ndcg_at_1": 0.4,
        "ndcg_at_10": 0.52756,
        "ndcg_at_100": 0.57365,
        "ndcg_at_1000": 0.58612,
        "ndcg_at_20": 0.54381,
        "ndcg_at_3": 0.47321,
        "ndcg_at_5": 0.49756,
        "precision_at_1": 0.4,
        "precision_at_10": 0.0678,
        "precision_at_100": 0.00904,