{
  "dataset_revision": "fec9c59496ddf4a34e01ca8080515722bd3cf970",
  "evaluation_time": 992.0337262153625,
  "kg_co2_emissions": null,
  "mteb_version": "1.14.15",
  "scores": {
    "test": [
      {
        "cv_recall_at_1": 0.804,
        "cv_recall_at_10": 0.942,
        "cv_recall_at_100": 0.98,
        "cv_recall_at_1000": 1.0,
        "cv_recall_at_20": 0.964,
        "cv_recall_at_3": 0.878,
        "cv_recall_at_5": 0.912,
        "hf_subset": "default",
        "languages": [
          "eng-Latn"
        ],
        "main_score": 0.86114,
        "map_at_1": 0.804,
        "map_at_10": 0.8487,
        "map_at_100": 0.85081,
        "map_at_1000": 0.85089,
        "map_at_20": 0.85029,
        "map_at_3": 0.83667,
        "map_at_5": 0.84427,
        "mrr_at_1": 0.804,
        "mrr_at_10": 0.8486992063492061,
        "mrr_at_100": 0.8508131647390718,
        "mrr_at_1000": 0.8508934544613491,
        "mrr_at_20": 0.8502916295692607,
        "mrr_at_3": 0.8366666666666666,
        "mrr_at_5": 0.8442666666666663,
        "nauc_cv_recall_at_1000_diff1": NaN,
        "nauc_cv_recall_at_1000_max": NaN,
        "nauc_cv_recall_at_1000_std": NaN,
        "nauc_cv_recall_at_100_diff1": 0.8513071895424827,
        "nauc_cv_recall_at_100_max": 0.8503734827264224,
        "nauc_cv_recall_at_100_std": 0.7185340802987861,
        "nauc_cv_recall_at_10_diff1": 0.834991467851509,
        "nauc_cv_recall_at_10_max": 0.7839112656556875,
        "nauc_cv_recall_at_10_std": 0.29012524550049995,
        "nauc_cv_recall_at_1_diff1": 0.8625328284370615,
        "nauc_cv_recall_at_1_max": 0.4626162991917587,
        "nauc_cv_recall_at_1_std": -0.20730267310002226,
        "nauc_cv_recall_at_20_diff1": 0.826097105508873,
        "nauc_cv_recall_at_20_max": 0.7789189749974079,
        "nauc_cv_recall_at_20_std": 0.5447660545699772,
        "nauc_cv_recall_at_3_diff1": 0.8494693608816293,
        "nauc_cv_recall_at_3_max": 0.5553683121443455,
        "nauc_cv_recall_at_3_std": -0.17134862284648175,
        "nauc_cv_recall_at_5_diff1": 0.8283783210253801,
        "nauc_cv_recall_at_5_max": 0.6534462269756393,
        "nauc_cv_recall_at_5_std": 0.020870469399881346,
        "nauc_map_at_1000_diff1": 0.8581318188677318,
        "nauc_map_at_1000_max": 0.5029151761338965,
        "nauc_map_at_1000_std": -0.170525470223046,
        "nauc_map_at_100_diff1": 0.8581332599209811,
        "nauc_map_at_100_max": 0.503110087695966,
        "nauc_map_at_100_std": -0.17004814783619687,
        "nauc_map_at_10_diff1": 0.8577013332981014,
        "nauc_map_at_10_max": 0.5067936179071768,
        "nauc_map_at_10_std": -0.16767133793646685,
        "nauc_map_at_1_diff1": 0.8625328284370615,
        "nauc_map_at_1_max": 0.4626162991917587,
        "nauc_map_at_1_std": -0.20730267310002226,
        "nauc_map_at_20_diff1": 0.8579526180444351,
        "nauc_map_at_20_max": 0.5035773415391347,
        "nauc_map_at_20_std": -0.16871880221874927,
        "nauc_map_at_3_diff1": 0.8590778618599331,
        "nauc_map_at_3_max": 0.49468576246010537,
        "nauc_map_at_3_std": -0.19930147132620046,
        "nauc_map_at_5_diff1": 0.856560029179217,
        "nauc_map_at_5_max": 0.5033649175384577,
        "nauc_map_at_5_std": -0.17793292309864372,
        "nauc_mrr_at_1000_diff1": 0.8581318188677318,
        "nauc_mrr_at_1000_max": 0.5029151761338965,
        "nauc_mrr_at_1000_std": -0.170525470223046,
        "nauc_mrr_at_100_diff1": 0.8581332599209811,
        "nauc_mrr_at_100_max": 0.503110087695966,
        "nauc_mrr_at_100_std": -0.17004814783619687,
        "nauc_mrr_at_10_diff1": 0.8577013332981014,
        "nauc_mrr_at_10_max": 0.5067936179071768,
        "nauc_mrr_at_10_std": -0.16767133793646685,
        "nauc_mrr_at_1_diff1": 0.8625328284370615,
        "nauc_mrr_at_1_max": 0.4626162991917587,
        "nauc_mrr_at_1_std": -0.20730267310002226,
        "nauc_mrr_at_20_diff1": 0.8579526180444351,
        "nauc_mrr_at_20_max": 0.5035773415391347,
        "nauc_mrr_at_20_std": -0.16871880221874927,
        "nauc_mrr_at_3_diff1": 0.8590778618599331,
        "nauc_mrr_at_3_max": 0.49468576246010537,
        "nauc_mrr_at_3_std": -0.19930147132620046,
        "nauc_mrr_at_5_diff1": 0.856560029179217,
        "nauc_mrr_at_5_max": 0.5033649175384577,
        "nauc_mrr_at_5_std": -0.17793292309864372,
        "nauc_ndcg_at_1000_diff1": 0.8570009197459093,
        "nauc_ndcg_at_1000_max": 0.515089390761954,
        "nauc_ndcg_at_1000_std": -0.14762192315949124,
        "nauc_ndcg_at_100_diff1": 0.8568954592274121,
        "nauc_ndcg_at_100_max": 0.5223246104075928,
        "nauc_ndcg_at_100_std": -0.12904095017909736,
        "nauc_ndcg_at_10_diff1": 0.8548433259646303,
        "nauc_ndcg_at_10_max": 0.5385901444924547,
        "nauc_ndcg_at_10_std": -0.11731864860745544,
        "nauc_ndcg_at_1_diff1": 0.8625328284370615,
        "nauc_ndcg_at_1_max": 0.4626162991917587,
        "nauc_ndcg_at_1_std": -0.20730267310002226,
        "nauc_ndcg_at_20_diff1": 0.855337897660986,
        "nauc_ndcg_at_20_max": 0.5263685689351201,
        "nauc_ndcg_at_20_std": -0.11775218712386955,
        "nauc_ndcg_at_3_diff1": 0.8571055573097612,
        "nauc_ndcg_at_3_max": 0.5074477037297324,
        "nauc_ndcg_at_3_std": -0.19362485217798167,
        "nauc_ndcg_at_5_diff1": 0.8519901570958626,
        "nauc_ndcg_at_5_max": 0.5278319529214093,
        "nauc_ndcg_at_5_std": -0.14676364377526235,
        "nauc_precision_at_1000_diff1": 1.0,
        "nauc_precision_at_1000_max": 1.0,
        "nauc_precision_at_1000_std": 1.0,
        "nauc_precision_at_100_diff1": 0.8513071895424774,
        "nauc_precision_at_100_max": 0.8503734827264159,
        "nauc_precision_at_100_std": 0.7185340802987755,
        "nauc_precision_at_10_diff1": 0.8349914678515092,
        "nauc_precision_at_10_max": 0.7839112656556898,
        "nauc_precision_at_10_std": 0.2901252455005006,
        "nauc_precision_at_1_diff1": 0.8625328284370615,
        "nauc_precision_at_1_max": 0.4626162991917587,
        "nauc_precision_at_1_std": -0.20730267310002226,
        "nauc_precision_at_20_diff1": 0.8260971055088702,
        "nauc_precision_at_20_max": 0.7789189749974024,
        "nauc_precision_at_20_std": 0.5447660545699731,
        "nauc_precision_at_3_diff1": 0.8494693608816277,
        "nauc_precision_at_3_max": 0.5553683121443457,
        "nauc_precision_at_3_std": -0.1713486228464822,
        "nauc_precision_at_5_diff1": 0.8283783210253806,
        "nauc_precision_at_5_max": 0.6534462269756387,
        "nauc_precision_at_5_std": 0.020870469399880635,
        "nauc_recall_at_1000_diff1": NaN,
        "nauc_recall_at_1000_max": NaN,
        "nauc_recall_at_1000_std": NaN,
        "nauc_recall_at_100_diff1": 0.8513071895424827,
        "nauc_recall_at_100_max": 0.8503734827264224,
        "nauc_recall_at_100_std": 0.7185340802987861,
        "nauc_recall_at_10_diff1": 0.834991467851509,
        "nauc_recall_at_10_max": 0.7839112656556875,
        "nauc_recall_at_10_std": 0.29012524550049995,
        "nauc_recall_at_1_diff1": 0.8625328284370615,
        "nauc_recall_at_1_max": 0.4626162991917587,
        "nauc_recall_at_1_std": -0.20730267310002226,
        "nauc_recall_at_20_diff1": 0.826097105508873,
        "nauc_recall_at_20_max": 0.7789189749974079,
        "nauc_recall_at_20_std": 0.5447660545699772,
        "nauc_recall_at_3_diff1": 0.8494693608816293,
        "nauc_recall_at_3_max": 0.5553683121443455,
        "nauc_recall_at_3_std": -0.17134862284648175,
        "nauc_recall_at_5_diff1": 0.8283783210253801,
        "nauc_recall_at_5_max": 0.6534462269756393,
        "nauc_recall_at_5_std": 0.020870469399881346,
        "ndcg_at_1": 0.804,
        "ndcg_at_10": 0.87127,
        "ndcg_at_100": 0.88009,
        "ndcg_at_1000": 0.88257,
        "ndcg_at_20": 0.87692,
        "ndcg_at_3": 0.84728,
        "ndcg_at_5": 0.86114,
        "precision_at_1": 0.804,
        "precision_at_10": 0.0942,
        "precision_at_100": 0.0098,