{
  "dataset_revision": "53db4c9f9c93cb74926a1c9d04dea7d7acac2f21",
  "evaluation_time": 53264.06916642189,
  "kg_co2_emissions": null,
  "mteb_version": "1.14.15",
  "scores": {
    "test": [
      {
        "cv_recall_at_1": 0.51971,
        "cv_recall_at_10": 0.88371,
        "cv_recall_at_100": 0.98606,
        "cv_recall_at_1000": 0.99801,
        "cv_recall_at_20": 0.93986,
        "cv_recall_at_3": 0.71446,
        "cv_recall_at_5": 0.7965,
        "hf_subset": "default",
        "languages": [
          "eng-Latn"
        ],
        "main_score": 0.65641,
        "map_at_1": 0.41219,
        "map_at_10": 0.5806,
        "map_at_100": 0.59162,
        "map_at_1000": 0.59181,
        "map_at_20": 0.58823,
        "map_at_3": 0.53322,
        "map_at_5": 0.5607,
        "mrr_at_1": 0.5197132616487455,
        "mrr_at_10": 0.6376906689929384,
        "mrr_at_100": 0.6430317621020902,
        "mrr_at_1000": 0.6430981364740875,
        "mrr_at_20": 0.6417126087487943,
        "mrr_at_3": 0.6069958847736621,
        "mrr_at_5": 0.6257334395327226,
        "nauc_cv_recall_at_1000_diff1": -0.16359871061056505,
        "nauc_cv_recall_at_1000_max": 0.9738573659551857,
        "nauc_cv_recall_at_1000_std": 0.8716355426212542,
        "nauc_cv_recall_at_100_diff1": 0.37040443651434385,
        "nauc_cv_recall_at_100_max": 0.5536562443724028,
        "nauc_cv_recall_at_100_std": -0.2029133108392488,
        "nauc_cv_recall_at_10_diff1": 0.4373814649783142,
        "nauc_cv_recall_at_10_max": 0.2623278235230551,
        "nauc_cv_recall_at_10_std": -0.4777458069030308,
        "nauc_cv_recall_at_1_diff1": 0.6296700135608259,
        "nauc_cv_recall_at_1_max": 0.18595989336420365,
        "nauc_cv_recall_at_1_std": -0.308000860424921,
        "nauc_cv_recall_at_20_diff1": 0.44396751777858534,
        "nauc_cv_recall_at_20_max": 0.37139002202609384,
        "nauc_cv_recall_at_20_std": -0.46416365148674804,
        "nauc_cv_recall_at_3_diff1": 0.5250228583228617,
        "nauc_cv_recall_at_3_max": 0.21452132324025366,
        "nauc_cv_recall_at_3_std": -0.376613676516204,
        "nauc_cv_recall_at_5_diff1": 0.48969921934185057,
        "nauc_cv_recall_at_5_max": 0.2201012342193106,
        "nauc_cv_recall_at_5_std": -0.3966907506361567,
        "nauc_map_at_1000_diff1": 0.5606927411639652,
        "nauc_map_at_1000_max": 0.23695502946687824,
        "nauc_map_at_1000_std": -0.3219725297843542,
        "nauc_map_at_100_diff1": 0.560601290642645,
        "nauc_map_at_100_max": 0.2369761010127848,
        "nauc_map_at_100_std": -0.322177283851876,
        "nauc_map_at_10_diff1": 0.557362556735293,
        "nauc_map_at_10_max": 0.23837454920688683,
        "nauc_map_at_10_std": -0.32505856270238065,
        "nauc_map_at_1_diff1": 0.5956803415962526,
        "nauc_map_at_1_max": 0.2511508848721171,
        "nauc_map_at_1_std": -0.2533533014832028,
        "nauc_map_at_20_diff1": 0.5593378056108329,
        "nauc_map_at_20_max": 0.2378486279109965,
        "nauc_map_at_20_std": -0.3236293166425821,
        "nauc_map_at_3_diff1": 0.5639181501834886,
        "nauc_map_at_3_max": 0.24187972587351358,
        "nauc_map_at_3_std": -0.31665507581977087,
        "nauc_map_at_5_diff1": 0.5580745238384635,
        "nauc_map_at_5_max": 0.23962606930376834,
        "nauc_map_at_5_std": -0.31997561410739733,
        "nauc_mrr_at_1000_diff1": 0.5885577140835274,
        "nauc_mrr_at_1000_max": 0.19740465284088993,
        "nauc_mrr_at_1000_std": -0.33687489687989824,
        "nauc_mrr_at_100_diff1": 0.5885256709976912,
        "nauc_mrr_at_100_max": 0.19746031034257694,
        "nauc_mrr_at_100_std": -0.3369123512013644,
        "nauc_mrr_at_10_diff1": 0.5857089403879366,
        "nauc_mrr_at_10_max": 0.1971397736486086,
        "nauc_mrr_at_10_std": -0.3400377337570375,
        "nauc_mrr_at_1_diff1": 0.6296700135608259,
        "nauc_mrr_at_1_max": 0.18595989336420365,
        "nauc_mrr_at_1_std": -0.308000860424921,
        "nauc_mrr_at_20_diff1": 0.5878546914502075,
        "nauc_mrr_at_20_max": 0.1979369859133071,
        "nauc_mrr_at_20_std": -0.33782493585182194,
        "nauc_mrr_at_3_diff1": 0.5876131256705309,
        "nauc_mrr_at_3_max": 0.1952677167723346,
        "nauc_mrr_at_3_std": -0.33690000733845876,
        "nauc_mrr_at_5_diff1": 0.5848840257463417,
        "nauc_mrr_at_5_max": 0.19573848094590507,
        "nauc_mrr_at_5_std": -0.33754136097831156,
        "nauc_ndcg_at_1000_diff1": 0.5578263978615521,
        "nauc_ndcg_at_1000_max": 0.2287106730052526,
        "nauc_ndcg_at_1000_std": -0.32790750604660857,
        "nauc_ndcg_at_100_diff1": 0.5553967772122925,
        "nauc_ndcg_at_100_max": 0.23045027433227894,
        "nauc_ndcg_at_100_std": -0.33087731960853317,
        "nauc_ndcg_at_10_diff1": 0.5423985101785965,
        "nauc_ndcg_at_10_max": 0.23676469280404897,
        "nauc_ndcg_at_10_std": -0.34577355251853725,
        "nauc_ndcg_at_1_diff1": 0.6206472732725669,
        "nauc_ndcg_at_1_max": 0.1884184377108565,
        "nauc_ndcg_at_1_std": -0.30647209320694563,
        "nauc_ndcg_at_20_diff1": 0.5488316930039923,
        "nauc_ndcg_at_20_max": 0.23729811515756516,
        "nauc_ndcg_at_20_std": -0.3397743302343221,
        "nauc_ndcg_at_3_diff1": 0.5554620170205623,
        "nauc_ndcg_at_3_max": 0.23676777748450337,
        "nauc_ndcg_at_3_std": -0.32826473567801495,
        "nauc_ndcg_at_5_diff1": 0.5453608942107281,
        "nauc_ndcg_at_5_max": 0.2362765393024237,
        "nauc_ndcg_at_5_std": -0.33441704181011644,
        "nauc_precision_at_1000_diff1": -0.2490286905418845,
        "nauc_precision_at_1000_max": -0.2823172572380373,
        "nauc_precision_at_1000_std": 0.06940935099459479,
        "nauc_precision_at_100_diff1": -0.20322438082025343,
        "nauc_precision_at_100_max": -0.23944899930888527,
        "nauc_precision_at_100_std": 0.014691925313461496,
        "nauc_precision_at_10_diff1": 0.04685689049403343,
        "nauc_precision_at_10_max": -0.048833759034091796,
        "nauc_precision_at_10_std": -0.19287228031286877,
        "nauc_precision_at_1_diff1": 0.6206472732725669,
        "nauc_precision_at_1_max": 0.1884184377108565,
        "nauc_precision_at_1_std": -0.30647209320694563,
        "nauc_precision_at_20_diff1": -0.059356183920344925,
        "nauc_precision_at_20_max": -0.11647543513941302,
        "nauc_precision_at_20_std": -0.11040894004972752,
        "nauc_precision_at_3_diff1": 0.2963034493624533,
        "nauc_precision_at_3_max": 0.06193015454029306,
        "nauc_precision_at_3_std": -0.2847934074807809,
        "nauc_precision_at_5_diff1": 0.1818704510358003,
        "nauc_precision_at_5_max": 0.012838216995005054,
        "nauc_precision_at_5_std": -0.23678360333260248,
        "nauc_recall_at_1000_diff1": -0.031658167426407764,
        "nauc_recall_at_1000_max": 0.761294904963372,
        "nauc_recall_at_1000_std": 0.589836641693236,
        "nauc_recall_at_100_diff1": 0.30495269315830603,
        "nauc_recall_at_100_max": 0.40319937864466737,
        "nauc_recall_at_100_std": -0.3076823635453479,
        "nauc_recall_at_10_diff1": 0.40320059333569697,
        "nauc_recall_at_10_max": 0.2820181081363864,
        "nauc_recall_at_10_std": -0.4051693238202271,
        "nauc_recall_at_1_diff1": 0.5956803415962526,
        "nauc_recall_at_1_max": 0.2511508848721171,
        "nauc_recall_at_1_std": -0.2533533014832028,
        "nauc_recall_at_20_diff1": 0.38601321807115213,
        "nauc_recall_at_20_max": 0.33457449244668686,
        "nauc_recall_at_20_std": -0.4021984802798079,
        "nauc_recall_at_3_diff1": 0.49455357752002116,
        "nauc_recall_at_3_max": 0.254980097750559,
        "nauc_recall_at_3_std": -0.33207921509986293,
        "nauc_recall_at_5_diff1": 0.4489604939387345,
        "nauc_recall_at_5_max": 0.2583193566941697,
        "nauc_recall_at_5_std": -0.34658019377545485,
        "ndcg_at_1": 0.5237,
        "ndcg_at_10": 0.65641,
        "ndcg_at_100": 0.69529,