{
  "dataset_revision": "4ed8415e9dc24060deefc84be59e2db0aacbadcc",
  "evaluation_time": 7.933516979217529,
  "kg_co2_emissions": null,
  "mteb_version": "1.12.27",
  "scores": {
    "test": [
      {
        "hf_subset": "default",
        "languages": [
          "eng-Latn"
        ],
        "main_score": 0.0088,
        "map_at_1": 0.00563,
        "map_at_10": 0.00745,
        "map_at_100": 0.0089,
        "map_at_1000": 0.00949,
        "map_at_20": 0.00815,
        "map_at_3": 0.00674,
        "map_at_5": 0.00684,
        "mrr_at_1": 0.005629477993858751,
        "mrr_at_10": 0.007454387418563467,
        "mrr_at_100": 0.008898960571201783,
        "mrr_at_1000": 0.009492389041231,
        "mrr_at_20": 0.008152236207808488,
        "mrr_at_3": 0.006738314568406687,
        "mrr_at_5": 0.006840668713749574,
        "nauc_map_at_1000_diff1": 0.4205302407530829,
        "nauc_map_at_1000_max": -0.18846304379393364,
        "nauc_map_at_1000_std": -0.4599133305455337,
        "nauc_map_at_100_diff1": 0.44037184045539035,
        "nauc_map_at_100_max": -0.19201921618808032,
        "nauc_map_at_100_std": -0.4754143980167357,
        "nauc_map_at_10_diff1": 0.5050763386362099,
        "nauc_map_at_10_max": -0.1847398794693069,
        "nauc_map_at_10_std": -0.4907957218529824,
        "nauc_map_at_1_diff1": 0.6029677172517353,
        "nauc_map_at_1_max": -0.16223970157073087,
        "nauc_map_at_1_std": -0.5008012033532647,
        "nauc_map_at_20_diff1": 0.47650564399243023,
        "nauc_map_at_20_max": -0.18865641005090178,
        "nauc_map_at_20_std": -0.4860662016070681,
        "nauc_map_at_3_diff1": 0.5692991539610822,
        "nauc_map_at_3_max": -0.1713240043174284,
        "nauc_map_at_3_std": -0.5081645569935355,
        "nauc_map_at_5_diff1": 0.5560177898441324,
        "nauc_map_at_5_max": -0.17735538174192947,
        "nauc_map_at_5_std": -0.5091559261485685,
        "nauc_mrr_at_1000_diff1": 0.4205302407530829,
        "nauc_mrr_at_1000_max": -0.18846304379393364,
        "nauc_mrr_at_1000_std": -0.4599133305455337,
        "nauc_mrr_at_100_diff1": 0.44037184045539035,
        "nauc_mrr_at_100_max": -0.19201921618808032,
        "nauc_mrr_at_100_std": -0.4754143980167357,
        "nauc_mrr_at_10_diff1": 0.5050763386362099,
        "nauc_mrr_at_10_max": -0.1847398794693069,
        "nauc_mrr_at_10_std": -0.4907957218529824,
        "nauc_mrr_at_1_diff1": 0.6029677172517353,
        "nauc_mrr_at_1_max": -0.16223970157073087,
        "nauc_mrr_at_1_std": -0.5008012033532647,
        "nauc_mrr_at_20_diff1": 0.47650564399243023,
        "nauc_mrr_at_20_max": -0.18865641005090178,
        "nauc_mrr_at_20_std": -0.4860662016070681,
        "nauc_mrr_at_3_diff1": 0.5692991539610822,
        "nauc_mrr_at_3_max": -0.1713240043174284,
        "nauc_mrr_at_3_std": -0.5081645569935355,
        "nauc_mrr_at_5_diff1": 0.5560177898441324,
        "nauc_mrr_at_5_max": -0.17735538174192947,
        "nauc_mrr_at_5_std": -0.5091559261485685,
        "nauc_ndcg_at_1000_diff1": 0.15418201394455644,
        "nauc_ndcg_at_1000_max": -0.14808596579950775,
        "nauc_ndcg_at_1000_std": -0.26516708186009935,
        "nauc_ndcg_at_100_diff1": 0.2826879807921273,
        "nauc_ndcg_at_100_max": -0.2123148846365729,
        "nauc_ndcg_at_100_std": -0.4298729445578646,
        "nauc_ndcg_at_10_diff1": 0.4394715362326003,
        "nauc_ndcg_at_10_max": -0.19762303575919368,
        "nauc_ndcg_at_10_std": -0.4740293467025621,
        "nauc_ndcg_at_1_diff1": 0.6029677172517353,
        "nauc_ndcg_at_1_max": -0.16223970157073087,
        "nauc_ndcg_at_1_std": -0.5008012033532647,
        "nauc_ndcg_at_20_diff1": 0.3844128095202086,
        "nauc_ndcg_at_20_max": -0.20815908690956067,
        "nauc_ndcg_at_20_std": -0.4672189374828777,
        "nauc_ndcg_at_3_diff1": 0.5603514377474299,
        "nauc_ndcg_at_3_max": -0.17225336415703274,
        "nauc_ndcg_at_3_std": -0.5100194465760842,
        "nauc_ndcg_at_5_diff1": 0.5365466576568602,
        "nauc_ndcg_at_5_max": -0.1831485744306594,
        "nauc_ndcg_at_5_std": -0.5117641643828368,
        "nauc_precision_at_1000_diff1": 0.05715658795191393,
        "nauc_precision_at_1000_max": -0.1157773149528669,
        "nauc_precision_at_1000_std": -0.16672877636804437,
        "nauc_precision_at_100_diff1": 0.165111216843344,
        "nauc_precision_at_100_max": -0.22531652776035138,
        "nauc_precision_at_100_std": -0.3915316707446948,
        "nauc_precision_at_10_diff1": 0.3132844698823933,
        "nauc_precision_at_10_max": -0.2226838428863998,
        "nauc_precision_at_10_std": -0.4394436140819433,
        "nauc_precision_at_1_diff1": 0.6029677172517353,
        "nauc_precision_at_1_max": -0.16223970157073087,
        "nauc_precision_at_1_std": -0.5008012033532647,
        "nauc_precision_at_20_diff1": 0.2681539783343919,
        "nauc_precision_at_20_max": -0.23498176314174155,
        "nauc_precision_at_20_std": -0.4431923737244136,
        "nauc_precision_at_3_diff1": 0.5389797882096594,
        "nauc_precision_at_3_max": -0.1740905494195555,
        "nauc_precision_at_3_std": -0.5144235785573619,
        "nauc_precision_at_5_diff1": 0.4885492900097742,
        "nauc_precision_at_5_max": -0.1976394031118319,
        "nauc_precision_at_5_std": -0.5179528423003555,
        "nauc_recall_at_1000_diff1": 0.057156587951914126,
        "nauc_recall_at_1000_max": -0.11577731495286686,
        "nauc_recall_at_1000_std": -0.16672877636804448,
        "nauc_recall_at_100_diff1": 0.1651112168433439,
        "nauc_recall_at_100_max": -0.22531652776035138,
        "nauc_recall_at_100_std": -0.3915316707446947,
        "nauc_recall_at_10_diff1": 0.3132844698823934,
        "nauc_recall_at_10_max": -0.2226838428863997,
        "nauc_recall_at_10_std": -0.43944361408194327,
        "nauc_recall_at_1_diff1": 0.6029677172517353,
        "nauc_recall_at_1_max": -0.16223970157073087,
        "nauc_recall_at_1_std": -0.5008012033532647,
        "nauc_recall_at_20_diff1": 0.26815397833439175,
        "nauc_recall_at_20_max": -0.2349817631417416,
        "nauc_recall_at_20_std": -0.44319237372441356,
        "nauc_recall_at_3_diff1": 0.5389797882096591,
        "nauc_recall_at_3_max": -0.17409054941955557,
        "nauc_recall_at_3_std": -0.5144235785573621,
        "nauc_recall_at_5_diff1": 0.4885492900097745,
        "nauc_recall_at_5_max": -0.19763940311183195,
        "nauc_recall_at_5_std": -0.5179528423003558,
        "ndcg_at_1": 0.00563,
        "ndcg_at_10": 0.0088,
        "ndcg_at_100": 0.01698,
        "ndcg_at_1000": 0.04153,
        "ndcg_at_20": 0.01137,
        "ndcg_at_3": 0.00711,
        "ndcg_at_5": 0.00731,
        "precision_at_1": 0.00563,
        "precision_at_10": 0.00133,
        "precision_at_100": 0.00054,
        "precision_at_1000": 0.00027,
        "precision_at_20": 0.00118,
        "precision_at_3": 0.00273,
        "precision_at_5": 0.00174,
        "recall_at_1": 0.00563,
        "recall_at_10": 0.01331,
        "recall_at_100": 0.05425,
        "recall_at_1000": 0.26766,
        "recall_at_20": 0.02354,
        "recall_at_3": 0.00819,
        "recall_at_5": 0.0087
      }
    ]
  },
  "task_name": "SIQA"
}