{
  "dataset_revision": "3c42539652de3d787cecfb897d3b20905e5c7250",
  "evaluation_time": 13.774925947189331,
  "kg_co2_emissions": null,
  "mteb_version": "1.12.27",
  "scores": {
    "test": [
      {
        "hf_subset": "default",
        "languages": [
          "eng-Latn"
        ],
        "main_score": 0.06677,
        "map_at_1": 0.01582,
        "map_at_10": 0.04688,
        "map_at_100": 0.05508,
        "map_at_1000": 0.05605,
        "map_at_20": 0.05132,
        "map_at_3": 0.03446,
        "map_at_5": 0.04086,
        "mrr_at_1": 0.015815634884771803,
        "mrr_at_10": 0.046875067243345586,
        "mrr_at_100": 0.05507727497023983,
        "mrr_at_1000": 0.05604560915109233,
        "mrr_at_20": 0.051324361805254015,
        "mrr_at_3": 0.03445549028468141,
        "mrr_at_5": 0.04086082241301402,
        "nauc_map_at_1000_diff1": -0.1364377178360759,
        "nauc_map_at_1000_max": 0.2945100582933244,
        "nauc_map_at_1000_std": 0.4373299984024742,
        "nauc_map_at_100_diff1": -0.13730874478987123,
        "nauc_map_at_100_max": 0.29568964512710166,
        "nauc_map_at_100_std": 0.43893174183968214,
        "nauc_map_at_10_diff1": -0.12851709770417258,
        "nauc_map_at_10_max": 0.2931806807691052,
        "nauc_map_at_10_std": 0.4131047709798214,
        "nauc_map_at_1_diff1": -0.21998585646414542,
        "nauc_map_at_1_max": 0.22286426476079757,
        "nauc_map_at_1_std": 0.3714553405449263,
        "nauc_map_at_20_diff1": -0.13506605662056223,
        "nauc_map_at_20_max": 0.2963113793573642,
        "nauc_map_at_20_std": 0.4298147974839687,
        "nauc_map_at_3_diff1": -0.12193839443015454,
        "nauc_map_at_3_max": 0.2899225461549112,
        "nauc_map_at_3_std": 0.38450982712001175,
        "nauc_map_at_5_diff1": -0.11883547190612442,
        "nauc_map_at_5_max": 0.28563434909184565,
        "nauc_map_at_5_std": 0.3882087747124542,
        "nauc_mrr_at_1000_diff1": -0.1364377178360759,
        "nauc_mrr_at_1000_max": 0.2945100582933244,
        "nauc_mrr_at_1000_std": 0.4373299984024742,
        "nauc_mrr_at_100_diff1": -0.13730874478987123,
        "nauc_mrr_at_100_max": 0.29568964512710166,
        "nauc_mrr_at_100_std": 0.43893174183968214,
        "nauc_mrr_at_10_diff1": -0.12851709770417258,
        "nauc_mrr_at_10_max": 0.2931806807691052,
        "nauc_mrr_at_10_std": 0.4131047709798214,
        "nauc_mrr_at_1_diff1": -0.21998585646414542,
        "nauc_mrr_at_1_max": 0.22286426476079757,
        "nauc_mrr_at_1_std": 0.3714553405449263,
        "nauc_mrr_at_20_diff1": -0.13506605662056223,
        "nauc_mrr_at_20_max": 0.2963113793573642,
        "nauc_mrr_at_20_std": 0.4298147974839687,
        "nauc_mrr_at_3_diff1": -0.12193839443015454,
        "nauc_mrr_at_3_max": 0.2899225461549112,
        "nauc_mrr_at_3_std": 0.38450982712001175,
        "nauc_mrr_at_5_diff1": -0.11883547190612442,
        "nauc_mrr_at_5_max": 0.28563434909184565,
        "nauc_mrr_at_5_std": 0.3882087747124542,
        "nauc_ndcg_at_1000_diff1": -0.13838093482076688,
        "nauc_ndcg_at_1000_max": 0.278207223725656,
        "nauc_ndcg_at_1000_std": 0.4734913968271644,
        "nauc_ndcg_at_100_diff1": -0.15012516889831765,
        "nauc_ndcg_at_100_max": 0.2964306985512229,
        "nauc_ndcg_at_100_std": 0.5003461006283048,
        "nauc_ndcg_at_10_diff1": -0.12760578479817108,
        "nauc_ndcg_at_10_max": 0.3034561403085412,
        "nauc_ndcg_at_10_std": 0.4366820692358468,
        "nauc_ndcg_at_1_diff1": -0.21998585646414542,
        "nauc_ndcg_at_1_max": 0.22286426476079757,
        "nauc_ndcg_at_1_std": 0.3714553405449263,
        "nauc_ndcg_at_20_diff1": -0.14300456445595672,
        "nauc_ndcg_at_20_max": 0.30789035938899845,
        "nauc_ndcg_at_20_std": 0.4719544445178749,
        "nauc_ndcg_at_3_diff1": -0.10988896639432622,
        "nauc_ndcg_at_3_max": 0.2984660949147603,
        "nauc_ndcg_at_3_std": 0.38774247453095767,
        "nauc_ndcg_at_5_diff1": -0.10780685810387995,
        "nauc_ndcg_at_5_max": 0.2909707326134915,
        "nauc_ndcg_at_5_std": 0.39334619908697205,
        "nauc_precision_at_1000_diff1": -0.1326288926350149,
        "nauc_precision_at_1000_max": 0.22093876781569272,
        "nauc_precision_at_1000_std": 0.48396354485815163,
        "nauc_precision_at_100_diff1": -0.16787369354923712,
        "nauc_precision_at_100_max": 0.286435137758705,
        "nauc_precision_at_100_std": 0.5689281604851693,
        "nauc_precision_at_10_diff1": -0.1300047127006782,
        "nauc_precision_at_10_max": 0.316506744696783,
        "nauc_precision_at_10_std": 0.47033797250514275,
        "nauc_precision_at_1_diff1": -0.21998585646414542,
        "nauc_precision_at_1_max": 0.22286426476079757,
        "nauc_precision_at_1_std": 0.3714553405449263,
        "nauc_precision_at_20_diff1": -0.1566338767368694,
        "nauc_precision_at_20_max": 0.31962707849056815,
        "nauc_precision_at_20_std": 0.5236854571759538,
        "nauc_precision_at_3_diff1": -0.08944853373766569,
        "nauc_precision_at_3_max": 0.3130254779229186,
        "nauc_precision_at_3_std": 0.3935829558115015,
        "nauc_precision_at_5_diff1": -0.0925478533639571,
        "nauc_precision_at_5_max": 0.297943054235771,
        "nauc_precision_at_5_std": 0.40139502798615306,
        "nauc_recall_at_1000_diff1": -0.13262889263501507,
        "nauc_recall_at_1000_max": 0.22093876781569333,
        "nauc_recall_at_1000_std": 0.4839635448581513,
        "nauc_recall_at_100_diff1": -0.16787369354923717,
        "nauc_recall_at_100_max": 0.2864351377587048,
        "nauc_recall_at_100_std": 0.5689281604851691,
        "nauc_recall_at_10_diff1": -0.13000471270067834,
        "nauc_recall_at_10_max": 0.31650674469678297,
        "nauc_recall_at_10_std": 0.47033797250514275,
        "nauc_recall_at_1_diff1": -0.21998585646414542,
        "nauc_recall_at_1_max": 0.22286426476079757,
        "nauc_recall_at_1_std": 0.3714553405449263,
        "nauc_recall_at_20_diff1": -0.15663387673686943,
        "nauc_recall_at_20_max": 0.31962707849056793,
        "nauc_recall_at_20_std": 0.5236854571759537,
        "nauc_recall_at_3_diff1": -0.0894485337376657,
        "nauc_recall_at_3_max": 0.31302547792291874,
        "nauc_recall_at_3_std": 0.3935829558115016,
        "nauc_recall_at_5_diff1": -0.09254785336395725,
        "nauc_recall_at_5_max": 0.2979430542357708,
        "nauc_recall_at_5_std": 0.4013950279861529,
        "ndcg_at_1": 0.01582,
        "ndcg_at_10": 0.06677,
        "ndcg_at_100": 0.1111,
        "ndcg_at_1000": 0.14375,
        "ndcg_at_20": 0.08314,
        "ndcg_at_3": 0.04063,
        "ndcg_at_5": 0.05222,
        "precision_at_1": 0.01582,
        "precision_at_10": 0.01317,
        "precision_at_100": 0.00349,
        "precision_at_1000": 0.00062,
        "precision_at_20": 0.00984,
        "precision_at_3": 0.01951,
        "precision_at_5": 0.01735,
        "recall_at_1": 0.01582,
        "recall_at_10": 0.13172,
        "recall_at_100": 0.34907,
        "recall_at_1000": 0.62133,
        "recall_at_20": 0.19679,
        "recall_at_3": 0.05852,
        "recall_at_5": 0.08676
      }
    ]
  },
  "task_name": "TempReasonL3Context"
}