{
  "dataset_revision": "4106e6bcc72e0698d714ea8b101355e3e238431a",
  "evaluation_time": 4.53395676612854,
  "kg_co2_emissions": null,
  "mteb_version": "1.12.49",
  "scores": {
    "test": [
      {
        "hf_subset": "default",
        "languages": [
          "eng-Latn"
        ],
        "main_score": 0.07433,
        "map_at_1": 0.00604,
        "map_at_10": 0.03899,
        "map_at_100": 0.0789,
        "map_at_1000": 0.08417,
        "map_at_20": 0.05007,
        "map_at_3": 0.02688,
        "map_at_5": 0.03038,
        "mrr_at_1": 0.06,
        "mrr_at_10": 0.118,
        "mrr_at_100": 0.14417998426795964,
        "mrr_at_1000": 0.14474056627618498,
        "mrr_at_20": 0.13017532467532467,
        "mrr_at_3": 0.10333333333333333,
        "mrr_at_5": 0.10733333333333332,
        "nauc_map_at_1000_diff1": -0.1864940538111655,
        "nauc_map_at_1000_max": 0.5392467833877199,
        "nauc_map_at_1000_std": -0.3756762812140729,
        "nauc_map_at_100_diff1": -0.19053926237591207,
        "nauc_map_at_100_max": 0.5344290723600272,
        "nauc_map_at_100_std": -0.3731081756890288,
        "nauc_map_at_10_diff1": -0.13464050841785402,
        "nauc_map_at_10_max": 0.4809388629897995,
        "nauc_map_at_10_std": -0.3485388157835729,
        "nauc_map_at_1_diff1": -0.13741863044507388,
        "nauc_map_at_1_max": 0.8880266056441289,
        "nauc_map_at_1_std": -0.5244805080502242,
        "nauc_map_at_20_diff1": -0.14561491138058782,
        "nauc_map_at_20_max": 0.4897477701904,
        "nauc_map_at_20_std": -0.3121857799678154,
        "nauc_map_at_3_diff1": -0.15370170931276067,
        "nauc_map_at_3_max": 0.5344363188722548,
        "nauc_map_at_3_std": -0.40923445138734993,
        "nauc_map_at_5_diff1": -0.12899827975508285,
        "nauc_map_at_5_max": 0.5655724779187716,
        "nauc_map_at_5_std": -0.38501073289818993,
        "nauc_mrr_at_1000_diff1": -0.20480388426956775,
        "nauc_mrr_at_1000_max": 0.5934434186773745,
        "nauc_mrr_at_1000_std": -0.38782197083585107,
        "nauc_mrr_at_100_diff1": -0.2073321722751364,
        "nauc_mrr_at_100_max": 0.5933857196575303,
        "nauc_mrr_at_100_std": -0.3890524138608353,
        "nauc_mrr_at_10_diff1": -0.23191503817950904,
        "nauc_mrr_at_10_max": 0.5940585262343663,
        "nauc_mrr_at_10_std": -0.39558082853802895,
        "nauc_mrr_at_1_diff1": -0.18978624452195686,
        "nauc_mrr_at_1_max": 0.887308827475181,
        "nauc_mrr_at_1_std": -0.5246400143099903,
        "nauc_mrr_at_20_diff1": -0.20110327257289537,
        "nauc_mrr_at_20_max": 0.5724590011894607,
        "nauc_mrr_at_20_std": -0.3676057923211494,
        "nauc_mrr_at_3_diff1": -0.20292924276357083,
        "nauc_mrr_at_3_max": 0.6292624417852826,
        "nauc_mrr_at_3_std": -0.4231284612573441,
        "nauc_mrr_at_5_diff1": -0.22088780368608296,
        "nauc_mrr_at_5_max": 0.6162928734634482,
        "nauc_mrr_at_5_std": -0.3847155384792127,
        "nauc_ndcg_at_1000_diff1": -0.21966443427073318,
        "nauc_ndcg_at_1000_max": 0.5404115629470727,
        "nauc_ndcg_at_1000_std": -0.38609546196869216,
        "nauc_ndcg_at_100_diff1": -0.2850893357620112,
        "nauc_ndcg_at_100_max": 0.5362925134001747,
        "nauc_ndcg_at_100_std": -0.41667429458153504,
        "nauc_ndcg_at_10_diff1": -0.1922314681419278,
        "nauc_ndcg_at_10_max": 0.44883053743519924,
        "nauc_ndcg_at_10_std": -0.32860861378496536,
        "nauc_ndcg_at_1_diff1": -0.18978624452195686,
        "nauc_ndcg_at_1_max": 0.887308827475181,
        "nauc_ndcg_at_1_std": -0.5246400143099903,
        "nauc_ndcg_at_20_diff1": -0.14037813797353552,
        "nauc_ndcg_at_20_max": 0.4301748289241327,
        "nauc_ndcg_at_20_std": -0.23548077008049673,
        "nauc_ndcg_at_3_diff1": -0.19965990398457598,
        "nauc_ndcg_at_3_max": 0.6499817864354437,
        "nauc_ndcg_at_3_std": -0.45246163550721796,
        "nauc_ndcg_at_5_diff1": -0.20389688306447787,
        "nauc_ndcg_at_5_max": 0.6137029364636946,
        "nauc_ndcg_at_5_std": -0.399134710853091,
        "nauc_precision_at_1000_diff1": -0.26699523619016213,
        "nauc_precision_at_1000_max": 0.46409324561020127,
        "nauc_precision_at_1000_std": -0.37380946777788576,
        "nauc_precision_at_100_diff1": -0.29692268260058147,
        "nauc_precision_at_100_max": 0.49265913223173585,
        "nauc_precision_at_100_std": -0.4145888232985447,
        "nauc_precision_at_10_diff1": -0.2097442824537705,
        "nauc_precision_at_10_max": 0.5392426289067956,
        "nauc_precision_at_10_std": -0.3574456192649867,
        "nauc_precision_at_1_diff1": -0.18978624452195686,
        "nauc_precision_at_1_max": 0.887308827475181,
        "nauc_precision_at_1_std": -0.5246400143099903,
        "nauc_precision_at_20_diff1": -0.2303848763224966,
        "nauc_precision_at_20_max": 0.5119001778609016,
        "nauc_precision_at_20_std": -0.33252654161395007,
        "nauc_precision_at_3_diff1": -0.19497362250879266,
        "nauc_precision_at_3_max": 0.6471277842907384,
        "nauc_precision_at_3_std": -0.44512016412661204,
        "nauc_precision_at_5_diff1": -0.18918918918918912,
        "nauc_precision_at_5_max": 0.6489456489456494,
        "nauc_precision_at_5_std": -0.37379608808180237,
        "nauc_recall_at_1000_diff1": NaN,
        "nauc_recall_at_1000_max": NaN,
        "nauc_recall_at_1000_std": NaN,
        "nauc_recall_at_100_diff1": -0.44519375081023294,
        "nauc_recall_at_100_max": 0.2575429602376942,
        "nauc_recall_at_100_std": -0.3330783195688129,
        "nauc_recall_at_10_diff1": -0.18776401920240274,
        "nauc_recall_at_10_max": 0.23007916811885623,
        "nauc_recall_at_10_std": -0.21576198296256532,
        "nauc_recall_at_1_diff1": -0.13741863044507388,
        "nauc_recall_at_1_max": 0.8880266056441289,
        "nauc_recall_at_1_std": -0.5244805080502242,
        "nauc_recall_at_20_diff1": -0.03872411567380334,
        "nauc_recall_at_20_max": 0.2150124528790692,
        "nauc_recall_at_20_std": -0.016719812367243132,
        "nauc_recall_at_3_diff1": -0.2021079163108882,
        "nauc_recall_at_3_max": 0.4215216717819668,
        "nauc_recall_at_3_std": -0.36258746145318527,
        "nauc_recall_at_5_diff1": -0.22102699152035188,
        "nauc_recall_at_5_max": 0.4330767031613079,
        "nauc_recall_at_5_std": -0.27398704255640477,
        "ndcg_at_1": 0.06,
        "ndcg_at_10": 0.07433,
        "ndcg_at_100": 0.26354,
        "ndcg_at_1000": 0.30558,
        "ndcg_at_20": 0.11143,
        "ndcg_at_3": 0.07979,
        "ndcg_at_5": 0.0681,
        "precision_at_1": 0.06,
        "precision_at_10": 0.042,
        "precision_at_100": 0.0312,
        "precision_at_1000": 0.0039,
        "precision_at_20": 0.042,
        "precision_at_3": 0.08,
        "precision_at_5": 0.056,
        "recall_at_1": 0.00604,
        "recall_at_10": 0.09678,
        "recall_at_100": 0.78645,
        "recall_at_1000": 1.0,
        "recall_at_20": 0.2079,
        "recall_at_3": 0.04261,
        "recall_at_5": 0.05011
      }
    ]
  },
  "task_name": "AILACasedocs"
}