{
  "dataset_revision": "ad9991cb51e31e31e430383c75ffb2885547b5f0",
  "evaluation_time": 28.184082508087158,
  "kg_co2_emissions": null,
  "mteb_version": "1.12.49",
  "scores": {
    "test": [
      {
        "hf_subset": "default",
        "languages": [
          "eng-Latn"
        ],
        "main_score": 0.17534,
        "map_at_1": 0.11354,
        "map_at_10": 0.14847,
        "map_at_100": 0.1549,
        "map_at_1000": 0.15588,
        "map_at_20": 0.1517,
        "map_at_3": 0.13501,
        "map_at_5": 0.14221,
        "mrr_at_1": 0.14267515923566879,
        "mrr_at_10": 0.1805727428975836,
        "mrr_at_100": 0.18690847238016758,
        "mrr_at_1000": 0.18764726106731444,
        "mrr_at_20": 0.18395670843598796,
        "mrr_at_3": 0.1664543524416137,
        "mrr_at_5": 0.17333333333333334,
        "nauc_map_at_1000_diff1": 0.4330167676930549,
        "nauc_map_at_1000_max": 0.1606805541449501,
        "nauc_map_at_1000_std": 0.12507510564248167,
        "nauc_map_at_100_diff1": 0.4334383366787733,
        "nauc_map_at_100_max": 0.16049871088358675,
        "nauc_map_at_100_std": 0.1245712935804974,
        "nauc_map_at_10_diff1": 0.4368867580593078,
        "nauc_map_at_10_max": 0.16416139033487048,
        "nauc_map_at_10_std": 0.12219643122219238,
        "nauc_map_at_1_diff1": 0.506090963952,
        "nauc_map_at_1_max": 0.1878413464500168,
        "nauc_map_at_1_std": 0.1090744028944332,
        "nauc_map_at_20_diff1": 0.4349084704145287,
        "nauc_map_at_20_max": 0.16182371186268704,
        "nauc_map_at_20_std": 0.12299197289134225,
        "nauc_map_at_3_diff1": 0.45751823982563267,
        "nauc_map_at_3_max": 0.17192711563068458,
        "nauc_map_at_3_std": 0.1116466159721384,
        "nauc_map_at_5_diff1": 0.4453444696379338,
        "nauc_map_at_5_max": 0.16559164547974103,
        "nauc_map_at_5_std": 0.11928445405766698,
        "nauc_mrr_at_1000_diff1": 0.4229550571785051,
        "nauc_mrr_at_1000_max": 0.1564212264317568,
        "nauc_mrr_at_1000_std": 0.1221491820640565,
        "nauc_mrr_at_100_diff1": 0.42301744065140406,
        "nauc_mrr_at_100_max": 0.1561733477074953,
        "nauc_mrr_at_100_std": 0.12181221737579533,
        "nauc_mrr_at_10_diff1": 0.4267058610029665,
        "nauc_mrr_at_10_max": 0.15926109333510835,
        "nauc_mrr_at_10_std": 0.12192068681943583,
        "nauc_mrr_at_1_diff1": 0.5189198697276755,
        "nauc_mrr_at_1_max": 0.19325504911863642,
        "nauc_mrr_at_1_std": 0.12282190963023766,
        "nauc_mrr_at_20_diff1": 0.42390650150691345,
        "nauc_mrr_at_20_max": 0.1569353374171923,
        "nauc_mrr_at_20_std": 0.12145452140370937,
        "nauc_mrr_at_3_diff1": 0.44715851634047943,
        "nauc_mrr_at_3_max": 0.16790849616314052,
        "nauc_mrr_at_3_std": 0.12056098541376209,
        "nauc_mrr_at_5_diff1": 0.4387033674228477,
        "nauc_mrr_at_5_max": 0.16270118452872623,
        "nauc_mrr_at_5_std": 0.12268005300025886,
        "nauc_ndcg_at_1000_diff1": 0.3801640412131576,
        "nauc_ndcg_at_1000_max": 0.14409491835566401,
        "nauc_ndcg_at_1000_std": 0.14292607075384597,
        "nauc_ndcg_at_100_diff1": 0.3857310899261012,
        "nauc_ndcg_at_100_max": 0.13847832990597306,
        "nauc_ndcg_at_100_std": 0.13318671226615844,
        "nauc_ndcg_at_10_diff1": 0.4002384031953078,
        "nauc_ndcg_at_10_max": 0.1518313865997875,
        "nauc_ndcg_at_10_std": 0.12662598128357672,
        "nauc_ndcg_at_1_diff1": 0.5189198697276755,
        "nauc_ndcg_at_1_max": 0.19325504911863642,
        "nauc_ndcg_at_1_std": 0.12282190963023766,
        "nauc_ndcg_at_20_diff1": 0.39357302335202726,
        "nauc_ndcg_at_20_max": 0.14497857343754966,
        "nauc_ndcg_at_20_std": 0.12630113736826498,
        "nauc_ndcg_at_3_diff1": 0.4358418967840297,
        "nauc_ndcg_at_3_max": 0.16597491536723943,
        "nauc_ndcg_at_3_std": 0.11650784883274327,
        "nauc_ndcg_at_5_diff1": 0.4202130435072668,
        "nauc_ndcg_at_5_max": 0.15627518090215248,
        "nauc_ndcg_at_5_std": 0.12533489817270918,
        "nauc_precision_at_1000_diff1": 0.03679521880714478,
        "nauc_precision_at_1000_max": 0.007919025640437954,
        "nauc_precision_at_1000_std": 0.11047727940811522,
        "nauc_precision_at_100_diff1": 0.19407813046285602,
        "nauc_precision_at_100_max": 0.04371550640277142,
        "nauc_precision_at_100_std": 0.1695689901160964,
        "nauc_precision_at_10_diff1": 0.28437045098011526,
        "nauc_precision_at_10_max": 0.11734386703789056,
        "nauc_precision_at_10_std": 0.15714063626213687,
        "nauc_precision_at_1_diff1": 0.5189198697276755,
        "nauc_precision_at_1_max": 0.19325504911863642,
        "nauc_precision_at_1_std": 0.12282190963023766,
        "nauc_precision_at_20_diff1": 0.2661622384998239,
        "nauc_precision_at_20_max": 0.09031660188586936,
        "nauc_precision_at_20_std": 0.16203376207825929,
        "nauc_precision_at_3_diff1": 0.3806503732867805,
        "nauc_precision_at_3_max": 0.15242914979757063,
        "nauc_precision_at_3_std": 0.13448074137354654,
        "nauc_precision_at_5_diff1": 0.3474896073477683,
        "nauc_precision_at_5_max": 0.13347547367557508,
        "nauc_precision_at_5_std": 0.15211527933339694,
        "nauc_recall_at_1000_diff1": 0.22478800979463684,
        "nauc_recall_at_1000_max": 0.1113145140021939,
        "nauc_recall_at_1000_std": 0.20050008624461874,
        "nauc_recall_at_100_diff1": 0.25988786568304556,
        "nauc_recall_at_100_max": 0.08089785168176973,
        "nauc_recall_at_100_std": 0.14262619130209112,
        "nauc_recall_at_10_diff1": 0.3086672216229169,
        "nauc_recall_at_10_max": 0.1214019760016012,
        "nauc_recall_at_10_std": 0.128097154636935,
        "nauc_recall_at_1_diff1": 0.506090963952,
        "nauc_recall_at_1_max": 0.1878413464500168,
        "nauc_recall_at_1_std": 0.1090744028944332,
        "nauc_recall_at_20_diff1": 0.28832935090203227,
        "nauc_recall_at_20_max": 0.10309594281852648,
        "nauc_recall_at_20_std": 0.12251157275647977,
        "nauc_recall_at_3_diff1": 0.4010571209823532,
        "nauc_recall_at_3_max": 0.15165723469178263,
        "nauc_recall_at_3_std": 0.1099744165240917,
        "nauc_recall_at_5_diff1": 0.3609241435581379,
        "nauc_recall_at_5_max": 0.13032542349570053,
        "nauc_recall_at_5_std": 0.1280262751905368,
        "ndcg_at_1": 0.14268,
        "ndcg_at_10": 0.17534,
        "ndcg_at_100": 0.2078,
        "ndcg_at_1000": 0.23526,
        "ndcg_at_20": 0.18567,
        "ndcg_at_3": 0.15218,
        "ndcg_at_5": 0.16164,
        "precision_at_1": 0.14268,
        "precision_at_10": 0.03312,
        "precision_at_100": 0.00603,
        "precision_at_1000": 0.00105,
        "precision_at_20": 0.01987,
        "precision_at_3": 0.07219,
        "precision_at_5": 0.05121,
        "recall_at_1": 0.11354,
        "recall_at_10": 0.22511,
        "recall_at_100": 0.3724,
        "recall_at_1000": 0.56718,
        "recall_at_20": 0.26363,
        "recall_at_3": 0.1553,
        "recall_at_5": 0.18322
      }
    ]
  },
  "task_name": "CQADupstackEnglishRetrieval"
}