{
  "dataset_revision": "4885aa143210c98657558c04aaf3dc47cfb54340",
  "evaluation_time": 28.148483514785767,
  "kg_co2_emissions": null,
  "mteb_version": "1.12.49",
  "scores": {
    "test": [
      {
        "hf_subset": "default",
        "languages": [
          "eng-Latn"
        ],
        "main_score": 0.2903,
        "map_at_1": 0.19307,
        "map_at_10": 0.25453,
        "map_at_100": 0.2633,
        "map_at_1000": 0.2642,
        "map_at_20": 0.25896,
        "map_at_3": 0.23572,
        "map_at_5": 0.24694,
        "mrr_at_1": 0.22006269592476488,
        "mrr_at_10": 0.2787858884410605,
        "mrr_at_100": 0.2865281496924271,
        "mrr_at_1000": 0.28725946491824234,
        "mrr_at_20": 0.2827627133400298,
        "mrr_at_3": 0.25997910135841157,
        "mrr_at_5": 0.2711703239289442,
        "nauc_map_at_1000_diff1": 0.4350604073464055,
        "nauc_map_at_1000_max": 0.30480004310005543,
        "nauc_map_at_1000_std": 0.0018281635239684301,
        "nauc_map_at_100_diff1": 0.4351057034900177,
        "nauc_map_at_100_max": 0.30463453039114535,
        "nauc_map_at_100_std": 0.0013922138136513908,
        "nauc_map_at_10_diff1": 0.43680704548271027,
        "nauc_map_at_10_max": 0.30639431323648625,
        "nauc_map_at_10_std": -0.0017722097946115797,
        "nauc_map_at_1_diff1": 0.4951121570705665,
        "nauc_map_at_1_max": 0.3182085174610059,
        "nauc_map_at_1_std": -0.02635315036488275,
        "nauc_map_at_20_diff1": 0.43519636427140745,
        "nauc_map_at_20_max": 0.30479309603785193,
        "nauc_map_at_20_std": -0.0004034004401117608,
        "nauc_map_at_3_diff1": 0.4466005424875873,
        "nauc_map_at_3_max": 0.3035371167828995,
        "nauc_map_at_3_std": -0.014381463631334364,
        "nauc_map_at_5_diff1": 0.4414458335553869,
        "nauc_map_at_5_max": 0.3049464687257249,
        "nauc_map_at_5_std": -0.007069576298198817,
        "nauc_mrr_at_1000_diff1": 0.4349091070845857,
        "nauc_mrr_at_1000_max": 0.3090421726007321,
        "nauc_mrr_at_1000_std": 0.006030969099528763,
        "nauc_mrr_at_100_diff1": 0.4348206732167152,
        "nauc_mrr_at_100_max": 0.3088580556602301,
        "nauc_mrr_at_100_std": 0.005769328589498473,
        "nauc_mrr_at_10_diff1": 0.4355457392824764,
        "nauc_mrr_at_10_max": 0.31139789286663294,
        "nauc_mrr_at_10_std": 0.003913731216636011,
        "nauc_mrr_at_1_diff1": 0.497476817055079,
        "nauc_mrr_at_1_max": 0.33354878107865893,
        "nauc_mrr_at_1_std": -0.023354193125278862,
        "nauc_mrr_at_20_diff1": 0.43488278256694823,
        "nauc_mrr_at_20_max": 0.30983317516254566,
        "nauc_mrr_at_20_std": 0.004846694988872726,
        "nauc_mrr_at_3_diff1": 0.44666618771469857,
        "nauc_mrr_at_3_max": 0.3131121111690094,
        "nauc_mrr_at_3_std": -0.0059707535542623735,
        "nauc_mrr_at_5_diff1": 0.44052871412204664,
        "nauc_mrr_at_5_max": 0.3118504408386352,
        "nauc_mrr_at_5_std": 0.00032760418391312627,
        "nauc_ndcg_at_1000_diff1": 0.4064648189672279,
        "nauc_ndcg_at_1000_max": 0.29851206560241866,
        "nauc_ndcg_at_1000_std": 0.037885804314712425,
        "nauc_ndcg_at_100_diff1": 0.40546606067443125,
        "nauc_ndcg_at_100_max": 0.2952262097274987,
        "nauc_ndcg_at_100_std": 0.03131369505288409,
        "nauc_ndcg_at_10_diff1": 0.41189151331147367,
        "nauc_ndcg_at_10_max": 0.30257730735981375,
        "nauc_ndcg_at_10_std": 0.014832838842089191,
        "nauc_ndcg_at_1_diff1": 0.497476817055079,
        "nauc_ndcg_at_1_max": 0.33354878107865893,
        "nauc_ndcg_at_1_std": -0.023354193125278862,
        "nauc_ndcg_at_20_diff1": 0.40699405553742646,
        "nauc_ndcg_at_20_max": 0.2967596434757782,
        "nauc_ndcg_at_20_std": 0.01867030269832103,
        "nauc_ndcg_at_3_diff1": 0.43313981749068037,
        "nauc_ndcg_at_3_max": 0.2992612987963682,
        "nauc_ndcg_at_3_std": -0.007629159307364975,
        "nauc_ndcg_at_5_diff1": 0.42253676094445264,
        "nauc_ndcg_at_5_max": 0.3001182202513922,
        "nauc_ndcg_at_5_std": 0.004228958959339596,
        "nauc_precision_at_1000_diff1": 0.06294045364733052,
        "nauc_precision_at_1000_max": 0.13003287301353916,
        "nauc_precision_at_1000_std": 0.19672009407091076,
        "nauc_precision_at_100_diff1": 0.18900847000430282,
        "nauc_precision_at_100_max": 0.1989805341000471,
        "nauc_precision_at_100_std": 0.14097381220216437,
        "nauc_precision_at_10_diff1": 0.3201928748275832,
        "nauc_precision_at_10_max": 0.2886871993008859,
        "nauc_precision_at_10_std": 0.07067713684120723,
        "nauc_precision_at_1_diff1": 0.497476817055079,
        "nauc_precision_at_1_max": 0.33354878107865893,
        "nauc_precision_at_1_std": -0.023354193125278862,
        "nauc_precision_at_20_diff1": 0.27442952211039867,
        "nauc_precision_at_20_max": 0.2551570310142488,
        "nauc_precision_at_20_std": 0.08001107746535538,
        "nauc_precision_at_3_diff1": 0.38338815695861955,
        "nauc_precision_at_3_max": 0.28995385801766826,
        "nauc_precision_at_3_std": 0.0046426597601937035,
        "nauc_precision_at_5_diff1": 0.3593052673151141,
        "nauc_precision_at_5_max": 0.2877086703745561,
        "nauc_precision_at_5_std": 0.03020792681159482,
        "nauc_recall_at_1000_diff1": 0.2741373306452372,
        "nauc_recall_at_1000_max": 0.2564007134728585,
        "nauc_recall_at_1000_std": 0.23024726525628747,
        "nauc_recall_at_100_diff1": 0.30238748775488383,
        "nauc_recall_at_100_max": 0.2483445535706549,
        "nauc_recall_at_100_std": 0.13213229148027994,
        "nauc_recall_at_10_diff1": 0.33660824128432765,
        "nauc_recall_at_10_max": 0.28239711759937824,
        "nauc_recall_at_10_std": 0.05259078451819804,
        "nauc_recall_at_1_diff1": 0.4951121570705665,
        "nauc_recall_at_1_max": 0.3182085174610059,
        "nauc_recall_at_1_std": -0.02635315036488275,
        "nauc_recall_at_20_diff1": 0.3177661434800746,
        "nauc_recall_at_20_max": 0.2594930659435059,
        "nauc_recall_at_20_std": 0.06611875576453824,
        "nauc_recall_at_3_diff1": 0.39160959107282806,
        "nauc_recall_at_3_max": 0.2764955581506583,
        "nauc_recall_at_3_std": 0.0010121363216139174,
        "nauc_recall_at_5_diff1": 0.36329682917145434,
        "nauc_recall_at_5_max": 0.27325678767283695,
        "nauc_recall_at_5_std": 0.02653663972529844,
        "ndcg_at_1": 0.22006,
        "ndcg_at_10": 0.2903,
        "ndcg_at_100": 0.33319,
        "ndcg_at_1000": 0.3589,
        "ndcg_at_20": 0.30504,
        "ndcg_at_3": 0.25348,
        "ndcg_at_5": 0.27267,
        "precision_at_1": 0.22006,
        "precision_at_10": 0.04627,
        "precision_at_100": 0.00744,
        "precision_at_1000": 0.00103,
        "precision_at_20": 0.02702,
        "precision_at_3": 0.11034,
        "precision_at_5": 0.07862,
        "recall_at_1": 0.19307,
        "recall_at_10": 0.37624,
        "recall_at_100": 0.56997,
        "recall_at_1000": 0.76623,
        "recall_at_20": 0.43086,
        "recall_at_3": 0.27724,
        "recall_at_5": 0.32421
      }
    ]
  },
  "task_name": "CQADupstackGamingRetrieval"
}