{
  "dataset_revision": "e19b6ffa60b3bc248e0b41f4cc37c26a55c2a67b",
  "evaluation_time": 33.716325998306274,
  "kg_co2_emissions": null,
  "mteb_version": "1.12.49",
  "scores": {
    "test": [
      {
        "hf_subset": "default",
        "languages": [
          "rus-Cyrl"
        ],
        "main_score": 0.51734,
        "map_at_1": 0.28511,
        "map_at_10": 0.43631,
        "map_at_100": 0.44988,
        "map_at_1000": 0.45052,
        "map_at_20": 0.44462,
        "map_at_3": 0.38937,
        "map_at_5": 0.41833,
        "mrr_at_1": 0.41312056737588654,
        "mrr_at_10": 0.5336138316634781,
        "mrr_at_100": 0.5394927663231022,
        "mrr_at_1000": 0.5397463197704906,
        "mrr_at_20": 0.5372140863635181,
        "mrr_at_3": 0.5043341213553989,
        "mrr_at_5": 0.5232466509062269,
        "nauc_map_at_1000_diff1": 0.28763838953386794,
        "nauc_map_at_1000_max": 0.2405872020745483,
        "nauc_map_at_1000_std": 0.004391402834566779,
        "nauc_map_at_100_diff1": 0.2874115734128027,
        "nauc_map_at_100_max": 0.24067201633751908,
        "nauc_map_at_100_std": 0.004847965764315117,
        "nauc_map_at_10_diff1": 0.28780555857778817,
        "nauc_map_at_10_max": 0.23660824446842013,
        "nauc_map_at_10_std": -0.0013417257945838412,
        "nauc_map_at_1_diff1": 0.31726698171475987,
        "nauc_map_at_1_max": 0.18706684051084677,
        "nauc_map_at_1_std": -0.031112088462944578,
        "nauc_map_at_20_diff1": 0.28821888050893524,
        "nauc_map_at_20_max": 0.24054108877450064,
        "nauc_map_at_20_std": 0.0029933097295171897,
        "nauc_map_at_3_diff1": 0.29414059668041187,
        "nauc_map_at_3_max": 0.21603288627966424,
        "nauc_map_at_3_std": -0.012582454726026869,
        "nauc_map_at_5_diff1": 0.28763709067820065,
        "nauc_map_at_5_max": 0.2283472652858084,
        "nauc_map_at_5_std": -0.009139576784503077,
        "nauc_mrr_at_1000_diff1": 0.3278826040099789,
        "nauc_mrr_at_1000_max": 0.26645815716166127,
        "nauc_mrr_at_1000_std": -0.01751195655856463,
        "nauc_mrr_at_100_diff1": 0.3277886459571929,
        "nauc_mrr_at_100_max": 0.2665637126850806,
        "nauc_mrr_at_100_std": -0.017267980184678584,
        "nauc_mrr_at_10_diff1": 0.3278874216502045,
        "nauc_mrr_at_10_max": 0.264839655119896,
        "nauc_mrr_at_10_std": -0.01979014901495645,
        "nauc_mrr_at_1_diff1": 0.3513232635364635,
        "nauc_mrr_at_1_max": 0.23697653866746013,
        "nauc_mrr_at_1_std": -0.03229619940147812,
        "nauc_mrr_at_20_diff1": 0.32778023549897023,
        "nauc_mrr_at_20_max": 0.2668040225454969,
        "nauc_mrr_at_20_std": -0.0175616956975016,
        "nauc_mrr_at_3_diff1": 0.32984816761600433,
        "nauc_mrr_at_3_max": 0.2613901825373233,
        "nauc_mrr_at_3_std": -0.0252193076369521,
        "nauc_mrr_at_5_diff1": 0.3284967841683121,
        "nauc_mrr_at_5_max": 0.2652954737332245,
        "nauc_mrr_at_5_std": -0.025581887401849596,
        "nauc_ndcg_at_1000_diff1": 0.28596338371171104,
        "nauc_ndcg_at_1000_max": 0.26398864343527545,
        "nauc_ndcg_at_1000_std": 0.020928142009674265,
        "nauc_ndcg_at_100_diff1": 0.2825901263389625,
        "nauc_ndcg_at_100_max": 0.2693052809711281,
        "nauc_ndcg_at_100_std": 0.031368035623322264,
        "nauc_ndcg_at_10_diff1": 0.28273504061219296,
        "nauc_ndcg_at_10_max": 0.2570274506672966,
        "nauc_ndcg_at_10_std": 0.01031980357515916,
        "nauc_ndcg_at_1_diff1": 0.35288927336386483,
        "nauc_ndcg_at_1_max": 0.23407964640774143,
        "nauc_ndcg_at_1_std": -0.032088824424845744,
        "nauc_ndcg_at_20_diff1": 0.2827252389476242,
        "nauc_ndcg_at_20_max": 0.26959280568356686,
        "nauc_ndcg_at_20_std": 0.02355748254409649,
        "nauc_ndcg_at_3_diff1": 0.29507109145825144,
        "nauc_ndcg_at_3_max": 0.23171704666301915,
        "nauc_ndcg_at_3_std": -0.014521550440778285,
        "nauc_ndcg_at_5_diff1": 0.28488416363267216,
        "nauc_ndcg_at_5_max": 0.24634705555699837,
        "nauc_ndcg_at_5_std": -0.009243408985702865,
        "nauc_precision_at_1000_diff1": -0.016853041487515184,
        "nauc_precision_at_1000_max": 0.07960967030916032,
        "nauc_precision_at_1000_std": 0.03649150841235278,
        "nauc_precision_at_100_diff1": 0.01113812593600308,
        "nauc_precision_at_100_max": 0.14425287491557784,
        "nauc_precision_at_100_std": 0.08976522577047673,
        "nauc_precision_at_10_diff1": 0.09746060862351767,
        "nauc_precision_at_10_max": 0.21236087741176712,
        "nauc_precision_at_10_std": 0.05704741335087524,
        "nauc_precision_at_1_diff1": 0.35288927336386483,
        "nauc_precision_at_1_max": 0.23407964640774143,
        "nauc_precision_at_1_std": -0.032088824424845744,
        "nauc_precision_at_20_diff1": 0.06326610022834948,
        "nauc_precision_at_20_max": 0.2035842844947274,
        "nauc_precision_at_20_std": 0.08561077634074317,
        "nauc_precision_at_3_diff1": 0.2023921207457269,
        "nauc_precision_at_3_max": 0.22983126702497753,
        "nauc_precision_at_3_std": 0.0037620657696135137,
        "nauc_precision_at_5_diff1": 0.14130374029335452,
        "nauc_precision_at_5_max": 0.22272802031013392,
        "nauc_precision_at_5_std": 0.014403304333986181,
        "nauc_recall_at_1000_diff1": 0.05336939388003354,
        "nauc_recall_at_1000_max": 0.3170688095737735,
        "nauc_recall_at_1000_std": 0.34428541304950006,
        "nauc_recall_at_100_diff1": 0.1306348098921675,
        "nauc_recall_at_100_max": 0.3543003105581946,
        "nauc_recall_at_100_std": 0.28949432461425634,
        "nauc_recall_at_10_diff1": 0.1958510835348359,
        "nauc_recall_at_10_max": 0.2598205980928563,
        "nauc_recall_at_10_std": 0.06643640648680416,
        "nauc_recall_at_1_diff1": 0.31726698171475987,
        "nauc_recall_at_1_max": 0.18706684051084677,
        "nauc_recall_at_1_std": -0.031112088462944578,
        "nauc_recall_at_20_diff1": 0.1750381042355996,
        "nauc_recall_at_20_max": 0.31185904487900323,
        "nauc_recall_at_20_std": 0.13510200942211564,
        "nauc_recall_at_3_diff1": 0.24227382984516146,
        "nauc_recall_at_3_max": 0.2140248626451014,
        "nauc_recall_at_3_std": -0.00469137375497106,
        "nauc_recall_at_5_diff1": 0.2125980638967181,
        "nauc_recall_at_5_max": 0.23853364661344403,
        "nauc_recall_at_5_std": 0.007407724495151051,
        "ndcg_at_1": 0.41253,
        "ndcg_at_10": 0.51734,
        "ndcg_at_100": 0.56796,
        "ndcg_at_1000": 0.58044,
        "ndcg_at_20": 0.53982,
        "ndcg_at_3": 0.44448,
        "ndcg_at_5": 0.48306,
        "precision_at_1": 0.41253,
        "precision_at_10": 0.10674,
        "precision_at_100": 0.01437,
        "precision_at_1000": 0.00159,
        "precision_at_20": 0.06028,
        "precision_at_3": 0.24901,
        "precision_at_5": 0.18038,
        "recall_at_1": 0.28511,
        "recall_at_10": 0.65646,
        "recall_at_100": 0.8637,
        "recall_at_1000": 0.94926,
        "recall_at_20": 0.73236,
        "recall_at_3": 0.47492,
        "recall_at_5": 0.56552
      }
    ]
  },
  "task_name": "RuBQRetrieval"
}