{
  "dataset_revision": "7b58f24536063837d644aab9a023c62199b2a612",
  "evaluation_time": 0.2883951663970947,
  "kg_co2_emissions": null,
  "mteb_version": "1.12.49",
  "scores": {
    "dev": [
      {
        "cosine": {
          "accuracy": 0.5960912052117264,
          "accuracy_threshold": 0.8155556917190552,
          "ap": 0.5608760299515377,
          "f1": 0.6733167082294264,
          "f1_threshold": 0.7814505100250244,
          "precision": 0.5443548387096774,
          "recall": 0.8823529411764706
        },
        "dot": {
          "accuracy": 0.5960912052117264,
          "accuracy_threshold": 0.8155556917190552,
          "ap": 0.5608760299515377,
          "f1": 0.6733167082294264,
          "f1_threshold": 0.7814503908157349,
          "precision": 0.5443548387096774,
          "recall": 0.8823529411764706
        },
        "euclidean": {
          "accuracy": 0.5960912052117264,
          "accuracy_threshold": 0.6073614358901978,
          "ap": 0.5608760299515377,
          "f1": 0.6733167082294264,
          "f1_threshold": 0.6611342430114746,
          "precision": 0.5443548387096774,
          "recall": 0.8823529411764706
        },
        "hf_subset": "default",
        "languages": [
          "rus-Cyrl"
        ],
        "main_score": 0.5626544747251268,
        "manhattan": {
          "accuracy": 0.6091205211726385,
          "accuracy_threshold": 8.77942180633545,
          "ap": 0.5626544747251268,
          "f1": 0.6716791979949874,
          "f1_threshold": 9.309440612792969,
          "precision": 0.5447154471544715,
          "recall": 0.8758169934640523
        },
        "max": {
          "accuracy": 0.6091205211726385,
          "ap": 0.5626544747251268,
          "f1": 0.6733167082294264
        },
        "similarity": {
          "accuracy": 0.5960912052117264,
          "accuracy_threshold": 0.8155557513237,
          "ap": 0.5608760299515377,
          "f1": 0.6733167082294264,
          "f1_threshold": 0.781450629234314,
          "precision": 0.5443548387096774,
          "recall": 0.8823529411764706
        }
      }
    ]
  },
  "task_name": "TERRa"
}