{
  "dataset_revision": "fae860d870141ee0f34fbab67314c65f41921943",
  "mteb_dataset_name": "News21InstructionRetrieval",
  "mteb_version": "1.6.11",
  "test": {
    "evaluation_time": 97.59,
    "individual": {
      "base": {},
      "changed": {
        "map_at_1": 0.02579,
        "map_at_10": 0.1389,
        "map_at_100": 0.264,
        "map_at_1000": 0.30462,
        "map_at_20": 0.19711,
        "map_at_3": 0.06963,
        "map_at_5": 0.09229,
        "mrr_at_1": 0.625,
        "mrr_at_10": 0.74062,
        "mrr_at_100": 0.74239,
        "mrr_at_1000": 0.74239,
        "mrr_at_20": 0.74062,
        "mrr_at_3": 0.72396,
        "mrr_at_5": 0.73021,
        "ndcg_at_1": 0.35938,
        "ndcg_at_10": 0.36023,
        "ndcg_at_100": 0.44544,
        "ndcg_at_1000": 0.58596,
        "ndcg_at_20": 0.37638,
        "ndcg_at_3": 0.35647,
        "ndcg_at_5": 0.33994,
        "precision_at_1": 0.625,
        "precision_at_10": 0.46562,
        "precision_at_100": 0.15688,
        "precision_at_1000": 0.03391,
        "precision_at_20": 0.375,
        "precision_at_3": 0.57292,
        "precision_at_5": 0.51875,
        "recall_at_1": 0.02579,
        "recall_at_10": 0.18181,
        "recall_at_100": 0.50348,
        "recall_at_1000": 1.0,
        "recall_at_20": 0.28046,
        "recall_at_3": 0.07776,
        "recall_at_5": 0.10781
      },
      "original": {
        "map_at_1": 0.02807,
        "map_at_10": 0.12177,
        "map_at_100": 0.19463,
        "map_at_1000": 0.21976,
        "map_at_20": 0.15485,
        "map_at_3": 0.07547,
        "map_at_5": 0.09118,
        "mrr_at_1": 0.375,
        "mrr_at_10": 0.51228,
        "mrr_at_100": 0.52401,
        "mrr_at_1000": 0.52401,
        "mrr_at_20": 0.52013,
        "mrr_at_3": 0.47396,
        "mrr_at_5": 0.4974,
        "ndcg_at_1": 0.22656,
        "ndcg_at_10": 0.2646,
        "ndcg_at_100": 0.37758,
        "ndcg_at_1000": 0.49267,
        "ndcg_at_20": 0.29666,
        "ndcg_at_3": 0.2429,
        "ndcg_at_5": 0.2419,
        "precision_at_1": 0.375,
        "precision_at_10": 0.2625,
        "precision_at_100": 0.08781,
        "precision_at_1000": 0.01916,
        "precision_at_20": 0.2125,
        "precision_at_3": 0.35417,
        "precision_at_5": 0.3125,
        "recall_at_1": 0.02807,
        "recall_at_10": 0.18958,
        "recall_at_100": 0.50293,
        "recall_at_1000": 1.0,
        "recall_at_20": 0.28077,
        "recall_at_3": 0.09085,
        "recall_at_5": 0.1203
      }
    },
    "p-MRR": -0.02444899964735557
  }
}