{
  "dataset_revision": "cfe15bd2791dde5f8f20aebecf0b4eb3812972d6",
  "evaluation_time": 93.58067321777344,
  "kg_co2_emissions": null,
  "mteb_version": "1.12.80",
  "scores": {
    "test": [
      {
        "hf_subset": "default",
        "languages": [
          "eng-Latn"
        ],
        "main_score": 0.58366,
        "map_at_1": 0.41549,
        "map_at_10": 0.52488,
        "map_at_100": 0.53435,
        "map_at_1000": 0.53448,
        "map_at_20": 0.5309,
        "map_at_3": 0.49362,
        "map_at_5": 0.51155,
        "mrr_at_1": 0.41601838042645817,
        "mrr_at_10": 0.5255243392854887,
        "mrr_at_100": 0.5348733342315144,
        "mrr_at_1000": 0.5349968576566357,
        "mrr_at_20": 0.5314956818071761,
        "mrr_at_3": 0.49423596275545995,
        "mrr_at_5": 0.5122092788907409,
        "nauc_map_at_1000_diff1": 0.5624393151830621,
        "nauc_map_at_1000_max": 0.1883984047435345,
        "nauc_map_at_1000_std": -0.300281213090816,
        "nauc_map_at_100_diff1": 0.5623891134436314,
        "nauc_map_at_100_max": 0.18846608709434864,
        "nauc_map_at_100_std": -0.3001965535748168,
        "nauc_map_at_10_diff1": 0.5603327032580525,
        "nauc_map_at_10_max": 0.18715837124430523,
        "nauc_map_at_10_std": -0.302544478256696,
        "nauc_map_at_1_diff1": 0.6091183832361869,
        "nauc_map_at_1_max": 0.19445927993458345,
        "nauc_map_at_1_std": -0.2806441521864675,
        "nauc_map_at_20_diff1": 0.5614027805327534,
        "nauc_map_at_20_max": 0.18786747432769882,
        "nauc_map_at_20_std": -0.3015101845331886,
        "nauc_map_at_3_diff1": 0.5621560332044606,
        "nauc_map_at_3_max": 0.18742943309539936,
        "nauc_map_at_3_std": -0.2996055329867434,
        "nauc_map_at_5_diff1": 0.5598162631668463,
        "nauc_map_at_5_max": 0.18579277507099531,
        "nauc_map_at_5_std": -0.30325696648318895,
        "nauc_mrr_at_1000_diff1": 0.5618384854801253,
        "nauc_mrr_at_1000_max": 0.1893320924160437,
        "nauc_mrr_at_1000_std": -0.29919748725758244,
        "nauc_mrr_at_100_diff1": 0.5617865037742961,
        "nauc_mrr_at_100_max": 0.18940792340998744,
        "nauc_mrr_at_100_std": -0.29910507969649847,
        "nauc_mrr_at_10_diff1": 0.5595973365694361,
        "nauc_mrr_at_10_max": 0.18831353355793895,
        "nauc_mrr_at_10_std": -0.3012225279840895,
        "nauc_mrr_at_1_diff1": 0.6086677033863201,
        "nauc_mrr_at_1_max": 0.19525350096143335,
        "nauc_mrr_at_1_std": -0.2797335075064764,
        "nauc_mrr_at_20_diff1": 0.5607498445253036,
        "nauc_mrr_at_20_max": 0.18897520934910883,
        "nauc_mrr_at_20_std": -0.30027624919809554,
        "nauc_mrr_at_3_diff1": 0.5614777749783645,
        "nauc_mrr_at_3_max": 0.18847496584680384,
        "nauc_mrr_at_3_std": -0.29848619493001144,
        "nauc_mrr_at_5_diff1": 0.5590866529097342,
        "nauc_mrr_at_5_max": 0.18696239905084666,
        "nauc_mrr_at_5_std": -0.3019481978381332,
        "nauc_ndcg_at_1000_diff1": 0.5544996950498666,
        "nauc_ndcg_at_1000_max": 0.1899712267352402,
        "nauc_ndcg_at_1000_std": -0.3002746853968903,
        "nauc_ndcg_at_100_diff1": 0.5531116875181972,
        "nauc_ndcg_at_100_max": 0.19235157602831457,
        "nauc_ndcg_at_100_std": -0.2968862811392692,
        "nauc_ndcg_at_10_diff1": 0.5418234351636028,
        "nauc_ndcg_at_10_max": 0.18525740550465958,
        "nauc_ndcg_at_10_std": -0.3108723228378656,
        "nauc_ndcg_at_1_diff1": 0.6086677033863201,
        "nauc_ndcg_at_1_max": 0.19525350096143335,
        "nauc_ndcg_at_1_std": -0.2797335075064764,
        "nauc_ndcg_at_20_diff1": 0.5457713006659793,
        "nauc_ndcg_at_20_max": 0.18823783560110394,
        "nauc_ndcg_at_20_std": -0.30723165105906064,
        "nauc_ndcg_at_3_diff1": 0.5465925294717622,
        "nauc_ndcg_at_3_max": 0.18498021161717793,
        "nauc_ndcg_at_3_std": -0.3052417229375767,
        "nauc_ndcg_at_5_diff1": 0.5414141206084832,
        "nauc_ndcg_at_5_max": 0.18187192357717108,
        "nauc_ndcg_at_5_std": -0.3122724524680724,
        "nauc_precision_at_1000_diff1": -0.2717903666306267,
        "nauc_precision_at_1000_max": 0.3971860188038004,
        "nauc_precision_at_1000_std": 0.552726119141797,
        "nauc_precision_at_100_diff1": 0.15897061095455042,
        "nauc_precision_at_100_max": 0.42848198127641873,
        "nauc_precision_at_100_std": 0.24775900337098317,
        "nauc_precision_at_10_diff1": 0.45241283409781885,
        "nauc_precision_at_10_max": 0.18182339360260374,
        "nauc_precision_at_10_std": -0.34048980216449526,
        "nauc_precision_at_1_diff1": 0.6086677033863201,
        "nauc_precision_at_1_max": 0.19525350096143335,
        "nauc_precision_at_1_std": -0.2797335075064764,
        "nauc_precision_at_20_diff1": 0.42977222993638897,
        "nauc_precision_at_20_max": 0.20622305981256997,
        "nauc_precision_at_20_std": -0.31448081933782945,
        "nauc_precision_at_3_diff1": 0.4972012863500112,
        "nauc_precision_at_3_max": 0.17750313343860488,
        "nauc_precision_at_3_std": -0.3218876469389674,
        "nauc_precision_at_5_diff1": 0.47444239516674885,
        "nauc_precision_at_5_max": 0.16915063391060323,
        "nauc_precision_at_5_std": -0.3422618390030155,
        "nauc_recall_at_1000_diff1": 0.3832069088634286,
        "nauc_recall_at_1000_max": 0.8901286684038919,
        "nauc_recall_at_1000_std": 0.8681810401874042,
        "nauc_recall_at_100_diff1": 0.4185975008775339,
        "nauc_recall_at_100_max": 0.45763959222653156,
        "nauc_recall_at_100_std": 0.1007829133427318,
        "nauc_recall_at_10_diff1": 0.4592974110602662,
        "nauc_recall_at_10_max": 0.1757829270013686,
        "nauc_recall_at_10_std": -0.3502055124676758,
        "nauc_recall_at_1_diff1": 0.6091183832361869,
        "nauc_recall_at_1_max": 0.19445927993458345,
        "nauc_recall_at_1_std": -0.2806441521864675,
        "nauc_recall_at_20_diff1": 0.4522393445441416,
        "nauc_recall_at_20_max": 0.19461709532525517,
        "nauc_recall_at_20_std": -0.3418318635602553,
        "nauc_recall_at_3_diff1": 0.49905878884342847,
        "nauc_recall_at_3_max": 0.17580402067909676,
        "nauc_recall_at_3_std": -0.32419684954654177,
        "nauc_recall_at_5_diff1": 0.4770455272089403,
        "nauc_recall_at_5_max": 0.1660363394348069,
        "nauc_recall_at_5_std": -0.3461249105285916,
        "ndcg_at_1": 0.41602,
        "ndcg_at_10": 0.58366,
        "ndcg_at_100": 0.62879,
        "ndcg_at_1000": 0.63154,
        "ndcg_at_20": 0.6053,
        "ndcg_at_3": 0.51938,
        "ndcg_at_5": 0.55166,
        "precision_at_1": 0.41602,
        "precision_at_10": 0.0772,
        "precision_at_100": 0.00985,
        "precision_at_1000": 0.00101,
        "precision_at_20": 0.04291,
        "precision_at_3": 0.1981,
        "precision_at_5": 0.1346,
        "recall_at_1": 0.41549,
        "recall_at_10": 0.76983,
        "recall_at_100": 0.9782,
        "recall_at_1000": 0.99865,
        "recall_at_20": 0.85476,
        "recall_at_3": 0.59323,
        "recall_at_5": 0.67157
      }
    ]
  },
  "task_name": "MSCOCOT2IRetrieval"
}