{
  "dataset_revision": "3bc5cfb4ec514264fe2db5615fac9016f7251552",
  "mteb_dataset_name": "BornholmBitextMining",
  "mteb_version": "1.2.1.dev0",
  "test": {
    "accuracy": 0.36,
    "evaluation_time": 3.59,
    "f1": 0.2968132161955691,
    "main_score": 0.2968132161955691,
    "precision": 0.27690919913419915,
    "recall": 0.36
  }
}