{
  "dataset_revision": "7ebf0b4caa7b2ae39698a889de782c09e6f5ee56",
  "mteb_dataset_name": "SweFaqRetrieval",
  "mteb_version": "1.2.1.dev0",
  "test": {
    "evaluation_time": 5.44,
    "map_at_1": 0.2768,
    "map_at_10": 0.36064,
    "map_at_100": 0.37011,
    "map_at_1000": 0.37101,
    "map_at_3": 0.32943,
    "map_at_5": 0.34815,
    "mrr_at_1": 0.2768,
    "mrr_at_10": 0.36062,
    "mrr_at_100": 0.37009,
    "mrr_at_1000": 0.37099,
    "mrr_at_3": 0.32943,
    "mrr_at_5": 0.34776,
    "ndcg_at_1": 0.2768,
    "ndcg_at_10": 0.41075,
    "ndcg_at_100": 0.46199,
    "ndcg_at_1000": 0.485,
    "ndcg_at_3": 0.34786,
    "ndcg_at_5": 0.38158,
    "precision_at_1": 0.2768,
    "precision_at_10": 0.05712,
    "precision_at_100": 0.00823,
    "precision_at_1000": 0.001,
    "precision_at_3": 0.13385,
    "precision_at_5": 0.09669,
    "recall_at_1": 0.2768,
    "recall_at_10": 0.57115,
    "recall_at_100": 0.82261,
    "recall_at_1000": 1.0,
    "recall_at_3": 0.40156,
    "recall_at_5": 0.48343
  }
}