{
    "test": {
        "num_samples": 1320,
        "number_of_characters": 27769,
        "documents_text_statistics": {
            "total_text_length": 27769,
            "min_text_length": 5,
            "average_text_length": 42.07424242424243,
            "max_text_length": 138,
            "unique_texts": 660
        },
        "documents_image_statistics": null,
        "documents_audio_statistics": null,
        "documents_video_statistics": null,
        "queries_text_statistics": null,
        "queries_image_statistics": null,
        "queries_audio_statistics": null,
        "queries_video_statistics": {
            "total_duration_seconds": 6642.050145000014,
            "total_frames": 189864,
            "min_width": 176,
            "average_width": 574.8787878787879,
            "max_width": 1920,
            "min_height": 144,
            "average_height": 380.1333333333333,
            "max_height": 1080,
            "min_duration_seconds": 1.866667,
            "average_duration_seconds": 10.063712340909111,
            "max_duration_seconds": 60.026633,
            "unique_videos": 660,
            "average_fps": 29.11060606060606,
            "fps": {
                "30": 380,
                "25": 119,
                "60": 35,
                "24": 48,
                "59": 1,
                "15": 46,
                "12": 4,
                "47": 1,
                "10": 3,
                "29": 3,
                "7": 1,
                "48": 1,
                "20": 1,
                "58": 2,
                "53": 2,
                "52": 1,
                "50": 1,
                "39": 1,
                "8": 1,
                "14": 2,
                "26": 1,
                "6": 1,
                "13": 3,
                "23": 1,
                "57": 1
            },
            "min_resolution": [
                176,
                144
            ],
            "average_resolution": [
                574.8787878787879,
                380.1333333333333
            ],
            "max_resolution": [
                1920,
                1080
            ],
            "resolutions": {
                "640x480": 78,
                "480x360": 114,
                "320x240": 179,
                "640x360": 45,
                "1280x720": 65,
                "720x480": 13,
                "320x214": 4,
                "384x240": 1,
                "600x480": 7,
                "480x320": 7,
                "384x288": 12,
                "638x360": 1,
                "540x360": 13,
                "786x480": 1,
                "854x480": 11,
                "640x352": 2,
                "640x464": 1,
                "608x256": 17,
                "320x180": 4,
                "640x284": 1,
                "544x360": 2,
                "450x360": 4,
                "576x234": 1,
                "322x240": 4,
                "1920x1080": 8,
                "240x320": 1,
                "176x144": 3,
                "432x360": 2,
                "352x264": 2,
                "640x358": 1,
                "320x212": 1,
                "300x240": 1,
                "490x360": 1,
                "360x180": 1,
                "640x288": 2,
                "352x294": 1,
                "448x336": 1,
                "320x176": 2,
                "352x288": 6,
                "512x288": 2,
                "480x272": 1,
                "630x360": 1,
                "320x182": 1,
                "632x478": 3,
                "352x240": 1,
                "320x262": 1,
                "450x338": 1,
                "960x720": 2,
                "848x480": 1,
                "632x480": 1,
                "192x144": 2,
                "568x480": 1,
                "640x328": 1,
                "590x448": 1,
                "426x318": 1,
                "360x240": 1,
                "420x288": 2,
                "640x424": 1,
                "492x360": 1,
                "352x262": 1,
                "656x432": 1,
                "608x358": 1,
                "240x180": 1,
                "494x360": 1,
                "400x226": 1,
                "480x270": 1,
                "500x360": 1,
                "640x368": 1,
                "464x260": 1,
                "792x480": 1,
                "630x468": 1,
                "350x192": 1,
                "486x360": 1
            }
        },
        "relevant_docs_statistics": {
            "num_relevant_docs": 660,
            "min_relevant_docs_per_query": 1,
            "average_relevant_docs_per_query": 1.0,
            "max_relevant_docs_per_query": 1,
            "unique_relevant_docs": 660
        },
        "top_ranked_statistics": null
    }
}