{
    "test": {
        "num_samples": 6982,
        "number_of_characters": 366039,
        "documents_text_statistics": null,
        "documents_image_statistics": null,
        "documents_audio_statistics": null,
        "documents_video_statistics": {
            "total_duration_seconds": 34636.71593099924,
            "total_frames": 939366,
            "min_width": 140,
            "average_width": 762.7780005729018,
            "max_width": 1280,
            "min_height": 96,
            "average_height": 472.60269263821255,
            "max_height": 720,
            "min_duration_seconds": 1.866667,
            "average_duration_seconds": 9.92171753967323,
            "max_duration_seconds": 10.094347,
            "unique_videos": 3491,
            "average_fps": 27.137782870237753,
            "fps": {
                "30": 2125,
                "25": 809,
                "24": 244,
                "15": 171,
                "27": 4,
                "29": 17,
                "10": 24,
                "20": 19,
                "16": 2,
                "12": 28,
                "18": 3,
                "23": 3,
                "13": 6,
                "8": 7,
                "11": 4,
                "6": 4,
                "28": 6,
                "14": 3,
                "17": 4,
                "22": 2,
                "21": 1,
                "26": 2,
                "7": 2,
                "19": 1
            },
            "min_resolution": [
                140,
                96
            ],
            "average_resolution": [
                762.7780005729018,
                472.60269263821255
            ],
            "max_resolution": [
                1280,
                720
            ],
            "resolutions": {
                "1280x720": 1207,
                "640x360": 393,
                "192x144": 14,
                "480x360": 837,
                "960x720": 41,
                "320x240": 397,
                "352x264": 9,
                "490x360": 9,
                "480x270": 23,
                "176x128": 1,
                "640x270": 3,
                "540x360": 52,
                "360x360": 5,
                "480x272": 11,
                "1280x560": 1,
                "466x318": 1,
                "360x264": 1,
                "270x202": 1,
                "436x240": 1,
                "320x180": 4,
                "1280x480": 1,
                "204x360": 7,
                "384x288": 46,
                "448x336": 5,
                "640x352": 15,
                "352x288": 28,
                "450x360": 32,
                "480x320": 17,
                "720x720": 3,
                "352x240": 8,
                "502x278": 1,
                "428x240": 3,
                "406x720": 19,
                "492x360": 11,
                "202x360": 9,
                "352x262": 10,
                "270x360": 14,
                "320x262": 4,
                "568x320": 21,
                "600x360": 6,
                "630x360": 1,
                "480x256": 1,
                "496x360": 1,
                "1126x720": 1,
                "1280x532": 1,
                "640x298": 1,
                "964x720": 1,
                "524x360": 1,
                "400x300": 5,
                "464x360": 1,
                "216x360": 1,
                "176x132": 2,
                "1280x634": 1,
                "400x294": 1,
                "176x144": 2,
                "480x276": 2,
                "640x274": 1,
                "1280x536": 1,
                "500x334": 1,
                "426x326": 1,
                "638x360": 6,
                "400x166": 1,
                "640x358": 8,
                "160x120": 3,
                "1280x718": 1,
                "408x720": 1,
                "636x360": 7,
                "640x356": 13,
                "640x338": 1,
                "340x240": 1,
                "1280x404": 2,
                "500x360": 1,
                "406x360": 1,
                "500x288": 1,
                "398x224": 1,
                "450x300": 1,
                "1016x720": 1,
                "480x352": 8,
                "640x346": 1,
                "370x360": 1,
                "258x360": 1,
                "312x360": 1,
                "640x296": 1,
                "360x240": 2,
                "360x288": 4,
                "1164x720": 1,
                "584x328": 1,
                "300x240": 1,
                "478x360": 2,
                "1058x720": 1,
                "480x280": 1,
                "468x360": 1,
                "426x240": 5,
                "540x306": 1,
                "562x720": 1,
                "474x360": 1,
                "476x360": 2,
                "208x160": 2,
                "412x360": 1,
                "416x272": 1,
                "1272x720": 2,
                "432x360": 2,
                "400x230": 1,
                "176x320": 1,
                "1280x688": 1,
                "1270x720": 4,
                "422x360": 3,
                "460x344": 1,
                "456x252": 1,
                "640x344": 1,
                "1278x720": 3,
                "364x200": 1,
                "480x720": 2,
                "574x312": 1,
                "592x320": 1,
                "608x360": 3,
                "1280x534": 1,
                "240x176": 2,
                "320x256": 1,
                "1274x720": 1,
                "486x360": 2,
                "342x240": 1,
                "240x180": 2,
                "522x348": 1,
                "426x318": 1,
                "480x266": 2,
                "612x360": 1,
                "160x214": 1,
                "528x360": 1,
                "900x720": 2,
                "1152x720": 3,
                "368x204": 1,
                "384x240": 1,
                "496x296": 1,
                "400x224": 1,
                "454x348": 1,
                "432x720": 3,
                "632x360": 1,
                "470x260": 1,
                "368x208": 1,
                "384x260": 1,
                "300x200": 1,
                "526x360": 2,
                "370x208": 1,
                "140x96": 1,
                "1280x702": 1,
                "320x176": 1,
                "432x244": 1,
                "996x720": 1,
                "480x268": 1,
                "640x336": 1,
                "460x360": 1,
                "494x360": 1,
                "320x264": 1,
                "624x352": 2,
                "512x288": 3,
                "480x358": 1,
                "464x348": 1,
                "416x240": 1,
                "576x360": 1,
                "400x226": 1,
                "504x360": 1,
                "544x360": 1,
                "480x348": 1,
                "482x360": 1,
                "480x244": 1,
                "626x360": 1,
                "300x164": 1,
                "324x240": 1,
                "608x256": 1,
                "470x360": 1,
                "578x360": 1,
                "416x320": 1,
                "448x352": 1,
                "552x300": 1,
                "288x162": 1,
                "200x360": 1
            }
        },
        "queries_text_statistics": {
            "total_text_length": 366039,
            "min_text_length": 3,
            "average_text_length": 104.85219134918361,
            "max_text_length": 429,
            "unique_texts": 3491
        },
        "queries_image_statistics": null,
        "queries_audio_statistics": null,
        "queries_video_statistics": null,
        "relevant_docs_statistics": {
            "num_relevant_docs": 3491,
            "min_relevant_docs_per_query": 1,
            "average_relevant_docs_per_query": 1.0,
            "max_relevant_docs_per_query": 1,
            "unique_relevant_docs": 3491
        },
        "top_ranked_statistics": null
    }
}