{
    "test": {
        "num_samples": 4926,
        "num_queries": 1926,
        "num_documents": 3000,
        "number_of_characters": 0,
        "documents_text_statistics": null,
        "documents_image_statistics": null,
        "documents_audio_statistics": null,
        "documents_video_statistics": {
            "total_duration_seconds": 95802.9044044044,
            "total_frames": 2755140,
            "min_width": 202,
            "average_width": 537.7233333333334,
            "max_width": 720,
            "min_height": 360,
            "average_height": 360.0,
            "max_height": 360,
            "min_duration_seconds": 5,
            "average_duration_seconds": 31.934301468134798,
            "max_duration_seconds": 165.69903236569903,
            "unique_videos": 3000,
            "average_fps": 28.849,
            "fps": {
                "30": 2386,
                "24": 383,
                "25": 231
            },
            "min_resolution": [
                202,
                360
            ],
            "average_resolution": [
                537.7233333333334,
                360.0
            ],
            "max_resolution": [
                720,
                360
            ],
            "resolutions": {
                "640x360": 1298,
                "544x360": 94,
                "480x360": 1359,
                "270x360": 59,
                "448x360": 15,
                "202x360": 99,
                "352x360": 20,
                "276x360": 1,
                "432x360": 3,
                "576x360": 4,
                "254x360": 1,
                "542x360": 7,
                "540x360": 4,
                "608x360": 14,
                "324x360": 1,
                "490x360": 2,
                "654x360": 6,
                "656x360": 1,
                "214x360": 3,
                "238x360": 1,
                "720x360": 1,
                "528x360": 1,
                "368x360": 2,
                "464x360": 1,
                "372x360": 1,
                "502x360": 1,
                "624x360": 1
            }
        },
        "queries_text_statistics": null,
        "queries_image_statistics": null,
        "queries_audio_statistics": null,
        "queries_video_statistics": {
            "total_duration_seconds": 89761.40999845367,
            "total_frames": 2468268,
            "min_width": 102,
            "average_width": 518.3156801661474,
            "max_width": 1984,
            "min_height": 360,
            "average_height": 360.0,
            "max_height": 360,
            "min_duration_seconds": 8.1,
            "average_duration_seconds": 46.60509345714105,
            "max_duration_seconds": 170.80413747080414,
            "unique_videos": 1926,
            "average_fps": 27.40134994807892,
            "fps": {
                "24": 107,
                "30": 1509,
                "25": 90,
                "10": 193,
                "28": 11,
                "29": 10,
                "26": 3,
                "27": 3
            },
            "min_resolution": [
                102,
                360
            ],
            "average_resolution": [
                518.3156801661474,
                360.0
            ],
            "max_resolution": [
                1984,
                360
            ],
            "resolutions": {
                "478x360": 3,
                "640x360": 391,
                "480x360": 419,
                "324x360": 69,
                "238x360": 77,
                "202x360": 200,
                "576x360": 12,
                "102x360": 4,
                "960x360": 64,
                "1280x360": 59,
                "120x360": 1,
                "416x360": 16,
                "368x360": 19,
                "672x360": 10,
                "496x360": 24,
                "592x360": 6,
                "544x360": 34,
                "270x360": 32,
                "664x360": 1,
                "400x360": 25,
                "704x360": 7,
                "608x360": 17,
                "512x360": 16,
                "280x360": 10,
                "384x360": 8,
                "1042x360": 1,
                "700x360": 2,
                "290x360": 9,
                "1184x360": 2,
                "736x360": 6,
                "338x360": 8,
                "432x360": 15,
                "768x360": 5,
                "276x360": 1,
                "1088x360": 4,
                "128x360": 2,
                "352x360": 17,
                "446x360": 1,
                "232x360": 9,
                "184x360": 3,
                "464x360": 13,
                "1440x360": 1,
                "214x360": 8,
                "1920x360": 1,
                "720x360": 9,
                "354x360": 1,
                "896x360": 3,
                "560x360": 17,
                "816x360": 4,
                "246x360": 9,
                "688x360": 7,
                "448x360": 22,
                "528x360": 12,
                "300x360": 7,
                "218x360": 9,
                "1744x360": 1,
                "198x360": 4,
                "682x360": 1,
                "624x360": 6,
                "264x360": 1,
                "656x360": 12,
                "188x360": 8,
                "1104x360": 2,
                "552x360": 2,
                "226x360": 4,
                "588x360": 1,
                "1072x360": 3,
                "992x360": 2,
                "1278x360": 4,
                "180x360": 2,
                "784x360": 2,
                "190x360": 1,
                "1472x360": 1,
                "136x360": 2,
                "346x360": 1,
                "194x360": 1,
                "1648x360": 2,
                "1136x360": 2,
                "550x360": 1,
                "598x360": 1,
                "1680x360": 1,
                "380x360": 1,
                "630x360": 1,
                "864x360": 1,
                "752x360": 4,
                "192x360": 5,
                "208x360": 6,
                "132x360": 1,
                "240x360": 2,
                "254x360": 6,
                "944x360": 1,
                "952x360": 1,
                "490x360": 1,
                "724x360": 1,
                "788x360": 1,
                "438x360": 1,
                "1264x360": 2,
                "638x360": 2,
                "244x360": 1,
                "342x360": 2,
                "262x360": 5,
                "312x360": 6,
                "646x360": 1,
                "144x360": 1,
                "210x360": 1,
                "530x360": 1,
                "370x360": 1,
                "662x360": 1,
                "760x360": 2,
                "1216x360": 1,
                "848x360": 2,
                "272x360": 2,
                "1344x360": 1,
                "1118x360": 1,
                "484x360": 1,
                "156x360": 1,
                "690x360": 2,
                "1024x360": 3,
                "256x360": 1,
                "554x360": 1,
                "532x360": 2,
                "140x360": 1,
                "866x360": 1,
                "138x360": 1,
                "514x360": 1,
                "650x360": 2,
                "654x360": 1,
                "398x360": 1,
                "716x360": 1,
                "358x360": 1,
                "426x360": 1,
                "176x360": 1,
                "278x360": 1,
                "126x360": 1,
                "732x360": 1,
                "406x360": 3,
                "1056x360": 1,
                "186x360": 1,
                "1120x360": 1,
                "922x360": 1,
                "660x360": 1,
                "1460x360": 1,
                "452x360": 1,
                "1152x360": 2,
                "412x360": 1,
                "966x360": 1,
                "1296x360": 1,
                "204x360": 1,
                "334x360": 1,
                "566x360": 1,
                "454x360": 1,
                "442x360": 1,