{
  "dataset_revision": "7b58f24536063837d644aab9a023c62199b2a612",
  "evaluation_time": 0.3061258792877197,
  "kg_co2_emissions": null,
  "mteb_version": "1.12.25",
  "scores": {
    "dev": [
      {
        "cos_sim": {
          "accuracy": 0.5342019543973942,
          "accuracy_threshold": 0.5930582880973816,
          "ap": 0.510564246749166,
          "f1": 0.6623093681917211,
          "f1_threshold": 0.43242666125297546,
          "precision": 0.49673202614379086,
          "recall": 0.9934640522875817
        },
        "dot": {
          "accuracy": 0.5179153094462541,
          "accuracy_threshold": 40.58732986450195,
          "ap": 0.47399143809420285,
          "f1": 0.6623093681917211,
          "f1_threshold": 33.55192565917969,
          "precision": 0.49673202614379086,
          "recall": 0.9934640522875817
        },
        "euclidean": {
          "accuracy": 0.5309446254071661,
          "accuracy_threshold": 7.601984024047852,
          "ap": 0.5232070507669091,
          "f1": 0.6623093681917211,
          "f1_threshold": 10.181772232055664,
          "precision": 0.49673202614379086,
          "recall": 0.9934640522875817
        },
        "hf_subset": "default",
        "languages": [
          "rus-Cyrl"
        ],
        "main_score": 0.5285217809384593,
        "manhattan": {
          "accuracy": 0.5276872964169381,
          "accuracy_threshold": 83.68392944335938,
          "ap": 0.5285217809384593,
          "f1": 0.663755458515284,
          "f1_threshold": 139.72677612304688,
          "precision": 0.49836065573770494,
          "recall": 0.9934640522875817
        },
        "max": {
          "accuracy": 0.5342019543973942,
          "ap": 0.5285217809384593,
          "f1": 0.663755458515284
        }
      }
    ]
  },
  "task_name": "TERRa"
}