{
  "dataset_revision": "cfe15bd2791dde5f8f20aebecf0b4eb3812972d6",
  "evaluation_time": 102.51849317550659,
  "kg_co2_emissions": null,
  "mteb_version": "1.12.67",
  "scores": {
    "test": [
      {
        "hf_subset": "default",
        "languages": [
          "eng-Latn"
        ],
        "main_score": 0.52318,
        "map_at_1": 0.35829,
        "map_at_10": 0.46471,
        "map_at_100": 0.4758,
        "map_at_1000": 0.47599,
        "map_at_20": 0.47131,
        "map_at_3": 0.43292,
        "map_at_5": 0.45109,
        "mrr_at_1": 0.35853923979201097,
        "mrr_at_10": 0.4651022222478256,
        "mrr_at_100": 0.47611295706758416,
        "mrr_at_1000": 0.47629480544722647,
        "mrr_at_20": 0.4716961247971015,
        "mrr_at_3": 0.43328362019160016,
        "mrr_at_5": 0.45149273785051924,
        "nauc_map_at_1000_diff1": 0.5364389960050693,
        "nauc_map_at_1000_max": 0.27063297333846825,
        "nauc_map_at_1000_std": -0.27269894766508856,
        "nauc_map_at_100_diff1": 0.5363642248904831,
        "nauc_map_at_100_max": 0.2707039659874514,
        "nauc_map_at_100_std": -0.27255201916852684,
        "nauc_map_at_10_diff1": 0.5335239245537733,
        "nauc_map_at_10_max": 0.26812050699895346,
        "nauc_map_at_10_std": -0.2755012154401604,
        "nauc_map_at_1_diff1": 0.5905593031641301,
        "nauc_map_at_1_max": 0.2895208438254399,
        "nauc_map_at_1_std": -0.253486375459467,
        "nauc_map_at_20_diff1": 0.5348655481247181,
        "nauc_map_at_20_max": 0.2693117996470176,
        "nauc_map_at_20_std": -0.274396735120252,
        "nauc_map_at_3_diff1": 0.5393950231886427,
        "nauc_map_at_3_max": 0.27217487369108845,
        "nauc_map_at_3_std": -0.27233322179292724,
        "nauc_map_at_5_diff1": 0.5344534524377408,
        "nauc_map_at_5_max": 0.2687999532811149,
        "nauc_map_at_5_std": -0.27534165682431466,
        "nauc_mrr_at_1000_diff1": 0.5360368110159093,
        "nauc_mrr_at_1000_max": 0.27076830927500367,
        "nauc_mrr_at_1000_std": -0.27230173708749605,
        "nauc_mrr_at_100_diff1": 0.5359631708332794,
        "nauc_mrr_at_100_max": 0.27084424913172367,
        "nauc_mrr_at_100_std": -0.27214703103659804,
        "nauc_mrr_at_10_diff1": 0.5330918181125404,
        "nauc_mrr_at_10_max": 0.26837418551663855,
        "nauc_mrr_at_10_std": -0.27488930900694575,
        "nauc_mrr_at_1_diff1": 0.5901385036140094,
        "nauc_mrr_at_1_max": 0.28945880832060467,
        "nauc_mrr_at_1_std": -0.2534654694762397,
        "nauc_mrr_at_20_diff1": 0.5344539765635075,
        "nauc_mrr_at_20_max": 0.26958226442134897,
        "nauc_mrr_at_20_std": -0.27382433915008214,
        "nauc_mrr_at_3_diff1": 0.538923422488798,
        "nauc_mrr_at_3_max": 0.2723350955816106,
        "nauc_mrr_at_3_std": -0.2718935761838524,
        "nauc_mrr_at_5_diff1": 0.533959843918952,
        "nauc_mrr_at_5_max": 0.26905895384706296,
        "nauc_mrr_at_5_std": -0.2747297894605437,
        "nauc_ndcg_at_1000_diff1": 0.5269109631077971,
        "nauc_ndcg_at_1000_max": 0.2691664483433101,
        "nauc_ndcg_at_1000_std": -0.27198727370439346,
        "nauc_ndcg_at_100_diff1": 0.5250688847438519,
        "nauc_ndcg_at_100_max": 0.2716629727071101,
        "nauc_ndcg_at_100_std": -0.2666531261354938,
        "nauc_ndcg_at_10_diff1": 0.5100643637960702,
        "nauc_ndcg_at_10_max": 0.25728575887213956,
        "nauc_ndcg_at_10_std": -0.2851559836697289,
        "nauc_ndcg_at_1_diff1": 0.5901385036140094,
        "nauc_ndcg_at_1_max": 0.28945880832060467,
        "nauc_ndcg_at_1_std": -0.2534654694762397,
        "nauc_ndcg_at_20_diff1": 0.5141405251743207,
        "nauc_ndcg_at_20_max": 0.2612554258422001,
        "nauc_ndcg_at_20_std": -0.2812613383940013,
        "nauc_ndcg_at_3_diff1": 0.5234248839202699,
        "nauc_ndcg_at_3_max": 0.26623604986271715,
        "nauc_ndcg_at_3_std": -0.2785040097130991,
        "nauc_ndcg_at_5_diff1": 0.5137575676531829,
        "nauc_ndcg_at_5_max": 0.2598174091166936,
        "nauc_ndcg_at_5_std": -0.28407927219401274,
        "nauc_precision_at_1000_diff1": -0.138201035126385,
        "nauc_precision_at_1000_max": 0.2679227808873947,
        "nauc_precision_at_1000_std": 0.5849397960968612,
        "nauc_precision_at_100_diff1": 0.23962363566765063,
        "nauc_precision_at_100_max": 0.4075927257460724,
        "nauc_precision_at_100_std": 0.2742652644802499,
        "nauc_precision_at_10_diff1": 0.4117501094295695,
        "nauc_precision_at_10_max": 0.2126322069047596,
        "nauc_precision_at_10_std": -0.31894957843005256,
        "nauc_precision_at_1_diff1": 0.5901385036140094,
        "nauc_precision_at_1_max": 0.28945880832060467,
        "nauc_precision_at_1_std": -0.2534654694762397,
        "nauc_precision_at_20_diff1": 0.3961829922935417,
        "nauc_precision_at_20_max": 0.2209834925530759,
        "nauc_precision_at_20_std": -0.2985831435827799,
        "nauc_precision_at_3_diff1": 0.4756800519614237,
        "nauc_precision_at_3_max": 0.24830374451491583,
        "nauc_precision_at_3_std": -0.29648946830298284,
        "nauc_precision_at_5_diff1": 0.44476767482754076,
        "nauc_precision_at_5_max": 0.2298515223070273,
        "nauc_precision_at_5_std": -0.31137543613145,
        "nauc_recall_at_1000_diff1": 0.4494321491065472,
        "nauc_recall_at_1000_max": 0.9332926952790045,
        "nauc_recall_at_1000_std": 0.9655409418898824,
        "nauc_recall_at_100_diff1": 0.4033274574532679,
        "nauc_recall_at_100_max": 0.48101784678152426,
        "nauc_recall_at_100_std": 0.17496166411367567,
        "nauc_recall_at_10_diff1": 0.41658984626823475,
        "nauc_recall_at_10_max": 0.21186835042904034,
        "nauc_recall_at_10_std": -0.3250128096915894,
        "nauc_recall_at_1_diff1": 0.5905593031641301,
        "nauc_recall_at_1_max": 0.2895208438254399,
        "nauc_recall_at_1_std": -0.253486375459467,
        "nauc_recall_at_20_diff1": 0.4079171828509436,
        "nauc_recall_at_20_max": 0.2192969350421769,
        "nauc_recall_at_20_std": -0.31531173454663586,
        "nauc_recall_at_3_diff1": 0.4765351052198576,
        "nauc_recall_at_3_max": 0.2481479402236204,
        "nauc_recall_at_3_std": -0.2973941516041928,
        "nauc_recall_at_5_diff1": 0.4467425425914727,
        "nauc_recall_at_5_max": 0.22955437013140248,
        "nauc_recall_at_5_std": -0.3134480016683754,
        "ndcg_at_1": 0.35854,
        "ndcg_at_10": 0.52318,
        "ndcg_at_100": 0.57825,
        "ndcg_at_1000": 0.58224,
        "ndcg_at_20": 0.54712,
        "ndcg_at_3": 0.45743,
        "ndcg_at_5": 0.49017,
        "precision_at_1": 0.35854,
        "precision_at_10": 0.07112,
        "precision_at_100": 0.00975,
        "precision_at_1000": 0.001,
        "precision_at_20": 0.04033,
        "precision_at_3": 0.17621,
        "precision_at_5": 0.1217,
        "recall_at_1": 0.35829,
        "recall_at_10": 0.70943,
        "recall_at_100": 0.96845,
        "recall_at_1000": 0.99797,
        "recall_at_20": 0.80373,
        "recall_at_3": 0.52801,
        "recall_at_5": 0.6074
      }
    ]
  },
  "task_name": "MSCOCOT2IRetrieval"
}