{
  "dataset_revision": "eea276dc58c52eab33e9476acb137ff5530b78e9",
  "evaluation_time": 283.1252419948578,
  "kg_co2_emissions": null,
  "mteb_version": "1.14.1",
  "scores": {
    "test": [
      {
        "cv_recall_at_1": 0.10533,
        "cv_recall_at_10": 0.24633,
        "cv_recall_at_100": 0.4378,
        "cv_recall_at_1000": 0.70805,
        "cv_recall_at_20": 0.2957,
        "cv_recall_at_3": 0.17137,
        "cv_recall_at_5": 0.20138,
        "hf_subset": "default",
        "languages": [
          "eng-Latn"
        ],
        "main_score": 0.17056,
        "map_at_1": 0.10533,
        "map_at_10": 0.14695,
        "map_at_100": 0.15368,
        "map_at_1000": 0.15468,
        "map_at_20": 0.15037,
        "map_at_3": 0.13406,
        "map_at_5": 0.14093,
        "mrr_at_1": 0.10533111971960893,
        "mrr_at_10": 0.1469541826855974,
        "mrr_at_100": 0.15368428460896544,
        "mrr_at_1000": 0.15467910679952085,
        "mrr_at_20": 0.15036538821910328,
        "mrr_at_3": 0.1340568570784395,
        "mrr_at_5": 0.1409252085511078,
        "nauc_cv_recall_at_1000_diff1": 0.23028863328141164,
        "nauc_cv_recall_at_1000_max": 0.092046541316207,
        "nauc_cv_recall_at_1000_std": 0.4571359824346522,
        "nauc_cv_recall_at_100_diff1": 0.2559857960706079,
        "nauc_cv_recall_at_100_max": 0.14529317511624498,
        "nauc_cv_recall_at_100_std": 0.4106083321055665,
        "nauc_cv_recall_at_10_diff1": 0.31671357009704,
        "nauc_cv_recall_at_10_max": 0.2194327767019012,
        "nauc_cv_recall_at_10_std": 0.35938923946956497,
        "nauc_cv_recall_at_1_diff1": 0.5069311041965368,
        "nauc_cv_recall_at_1_max": 0.3013928019939395,
        "nauc_cv_recall_at_1_std": 0.2965515266383622,
        "nauc_cv_recall_at_20_diff1": 0.2913557570660773,
        "nauc_cv_recall_at_20_max": 0.1915193655073638,
        "nauc_cv_recall_at_20_std": 0.37274328079150615,
        "nauc_cv_recall_at_3_diff1": 0.38300334076067827,
        "nauc_cv_recall_at_3_max": 0.27189162202407996,
        "nauc_cv_recall_at_3_std": 0.3332969427195455,
        "nauc_cv_recall_at_5_diff1": 0.34020077997092296,
        "nauc_cv_recall_at_5_max": 0.2493568151718566,
        "nauc_cv_recall_at_5_std": 0.33961563695736396,
        "nauc_map_at_1000_diff1": 0.41636126447481425,
        "nauc_map_at_1000_max": 0.26831410429735236,
        "nauc_map_at_1000_std": 0.3272211690775936,
        "nauc_map_at_100_diff1": 0.4163608476581626,
        "nauc_map_at_100_max": 0.2684712221457793,
        "nauc_map_at_100_std": 0.327070263065989,
        "nauc_map_at_10_diff1": 0.4217520673857625,
        "nauc_map_at_10_max": 0.2739379505279472,
        "nauc_map_at_10_std": 0.3236386178749276,
        "nauc_map_at_1_diff1": 0.5069311041965368,
        "nauc_map_at_1_max": 0.3013928019939395,
        "nauc_map_at_1_std": 0.2965515266383622,
        "nauc_map_at_20_diff1": 0.4181470924103441,
        "nauc_map_at_20_max": 0.270497163275252,
        "nauc_map_at_20_std": 0.32538970678533347,
        "nauc_map_at_3_diff1": 0.44235606110109965,
        "nauc_map_at_3_max": 0.2868603836336605,
        "nauc_map_at_3_std": 0.3166462314562751,
        "nauc_map_at_5_diff1": 0.4273046860941681,
        "nauc_map_at_5_max": 0.27968527276930205,
        "nauc_map_at_5_std": 0.3192981186456483,
        "nauc_mrr_at_1000_diff1": 0.4163612644311463,
        "nauc_mrr_at_1000_max": 0.2683141057970173,
        "nauc_mrr_at_1000_std": 0.32722116697250775,
        "nauc_mrr_at_100_diff1": 0.4163608476581626,
        "nauc_mrr_at_100_max": 0.2684712221457793,
        "nauc_mrr_at_100_std": 0.327070263065989,
        "nauc_mrr_at_10_diff1": 0.4217520673857625,
        "nauc_mrr_at_10_max": 0.2739379505279472,
        "nauc_mrr_at_10_std": 0.3236386178749276,
        "nauc_mrr_at_1_diff1": 0.5069311041965368,
        "nauc_mrr_at_1_max": 0.3013928019939395,
        "nauc_mrr_at_1_std": 0.2965515266383622,
        "nauc_mrr_at_20_diff1": 0.4181470924103441,
        "nauc_mrr_at_20_max": 0.270497163275252,
        "nauc_mrr_at_20_std": 0.32538970678533347,
        "nauc_mrr_at_3_diff1": 0.44235606110109965,
        "nauc_mrr_at_3_max": 0.2868603836336605,
        "nauc_mrr_at_3_std": 0.3166462314562751,
        "nauc_mrr_at_5_diff1": 0.4273046860941681,
        "nauc_mrr_at_5_max": 0.27968527276930205,
        "nauc_mrr_at_5_std": 0.3192981186456483,
        "nauc_ndcg_at_1000_diff1": 0.3701149218651449,
        "nauc_ndcg_at_1000_max": 0.23194294078168726,
        "nauc_ndcg_at_1000_std": 0.3532591641869934,
        "nauc_ndcg_at_100_diff1": 0.3683136220697507,
        "nauc_ndcg_at_100_max": 0.23463564798854547,
        "nauc_ndcg_at_100_std": 0.35003745669206504,
        "nauc_ndcg_at_10_diff1": 0.3893629910934037,
        "nauc_ndcg_at_10_max": 0.257886567721901,
        "nauc_ndcg_at_10_std": 0.3345022150293404,
        "nauc_ndcg_at_1_diff1": 0.5069311041965368,
        "nauc_ndcg_at_1_max": 0.3013928019939395,
        "nauc_ndcg_at_1_std": 0.2965515266383622,
        "nauc_ndcg_at_20_diff1": 0.3786251554746303,
        "nauc_ndcg_at_20_max": 0.24722749345684428,
        "nauc_ndcg_at_20_std": 0.33980295740359023,
        "nauc_ndcg_at_3_diff1": 0.4249771061750892,
        "nauc_ndcg_at_3_max": 0.2825108192119049,
        "nauc_ndcg_at_3_std": 0.3215594005999232,
        "nauc_ndcg_at_5_diff1": 0.40095083808527676,
        "nauc_ndcg_at_5_max": 0.27067795407149536,
        "nauc_ndcg_at_5_std": 0.32555508887366974,
        "nauc_precision_at_1000_diff1": 0.23028863328141058,
        "nauc_precision_at_1000_max": 0.09204654131620628,
        "nauc_precision_at_1000_std": 0.4571359824346514,
        "nauc_precision_at_100_diff1": 0.25598579607060845,
        "nauc_precision_at_100_max": 0.1452931751162452,
        "nauc_precision_at_100_std": 0.4106083321055668,
        "nauc_precision_at_10_diff1": 0.31671357009703993,
        "nauc_precision_at_10_max": 0.21943277670190117,
        "nauc_precision_at_10_std": 0.35938923946956486,
        "nauc_precision_at_1_diff1": 0.5069311041965368,
        "nauc_precision_at_1_max": 0.3013928019939395,
        "nauc_precision_at_1_std": 0.2965515266383622,
        "nauc_precision_at_20_diff1": 0.29135575706607697,
        "nauc_precision_at_20_max": 0.19151936550736376,
        "nauc_precision_at_20_std": 0.37274328079150626,
        "nauc_precision_at_3_diff1": 0.3830033407606782,
        "nauc_precision_at_3_max": 0.27189162202407974,
        "nauc_precision_at_3_std": 0.33329694271954546,
        "nauc_precision_at_5_diff1": 0.3402007799709232,
        "nauc_precision_at_5_max": 0.24935681517185637,
        "nauc_precision_at_5_std": 0.33961563695736424,
        "nauc_recall_at_1000_diff1": 0.23028863328141164,
        "nauc_recall_at_1000_max": 0.092046541316207,
        "nauc_recall_at_1000_std": 0.4571359824346522,
        "nauc_recall_at_100_diff1": 0.2559857960706079,
        "nauc_recall_at_100_max": 0.14529317511624498,
        "nauc_recall_at_100_std": 0.4106083321055665,
        "nauc_recall_at_10_diff1": 0.31671357009704,
        "nauc_recall_at_10_max": 0.2194327767019012,
        "nauc_recall_at_10_std": 0.35938923946956497,
        "nauc_recall_at_1_diff1": 0.5069311041965368,
        "nauc_recall_at_1_max": 0.3013928019939395,
        "nauc_recall_at_1_std": 0.2965515266383622,
        "nauc_recall_at_20_diff1": 0.2913557570660773,
        "nauc_recall_at_20_max": 0.1915193655073638,
        "nauc_recall_at_20_std": 0.37274328079150615,
        "nauc_recall_at_3_diff1": 0.38300334076067827,
        "nauc_recall_at_3_max": 0.27189162202407996,
        "nauc_recall_at_3_std": 0.3332969427195455,
        "nauc_recall_at_5_diff1": 0.34020077997092296,
        "nauc_recall_at_5_max": 0.2493568151718566,
        "nauc_recall_at_5_std": 0.33961563695736396,
        "ndcg_at_1": 0.10533,
        "ndcg_at_10": 0.17056,
        "ndcg_at_100": 0.20873,
        "ndcg_at_1000": 0.24132,
        "ndcg_at_20": 0.18302,