{
  "dataset_revision": "0821bc71310cfa51d5c8131d4d8b9c4d537bd8c8",
  "evaluation_time": 34.53333258628845,
  "kg_co2_emissions": null,
  "mteb_version": "1.14.15",
  "scores": {
    "test": [
      {
        "cv_recall_at_1": 0.37,
        "cv_recall_at_10": 0.76,
        "cv_recall_at_100": 0.95,
        "cv_recall_at_1000": 1.0,
        "cv_recall_at_20": 0.83,
        "cv_recall_at_3": 0.64,
        "cv_recall_at_5": 0.68,
        "hf_subset": "default",
        "languages": [
          "eng-Latn"
        ],
        "main_score": 0.53058,
        "map_at_1": 0.32,
        "map_at_10": 0.4915,
        "map_at_100": 0.4978,
        "map_at_1000": 0.4981,
        "map_at_20": 0.49541,
        "map_at_3": 0.46667,
        "map_at_5": 0.47917,
        "mrr_at_1": 0.37,
        "mrr_at_10": 0.5126746031746032,
        "mrr_at_100": 0.5198506079345971,
        "mrr_at_1000": 0.5201440447016661,
        "mrr_at_20": 0.5174591278604437,
        "mrr_at_3": 0.49166666666666664,
        "mrr_at_5": 0.5011666666666666,
        "nauc_cv_recall_at_1000_diff1": NaN,
        "nauc_cv_recall_at_1000_max": NaN,
        "nauc_cv_recall_at_1000_std": NaN,
        "nauc_cv_recall_at_100_diff1": -0.21447245564892614,
        "nauc_cv_recall_at_100_max": 0.30924369747899044,
        "nauc_cv_recall_at_100_std": 0.4916900093370688,
        "nauc_cv_recall_at_10_diff1": -0.03153932681491796,
        "nauc_cv_recall_at_10_max": 0.47771913126243837,
        "nauc_cv_recall_at_10_std": -0.2724971878515191,
        "nauc_cv_recall_at_1_diff1": 0.13080609566591367,
        "nauc_cv_recall_at_1_max": 0.2643805743088836,
        "nauc_cv_recall_at_1_std": -0.02580341869180856,
        "nauc_cv_recall_at_20_diff1": -0.19083415568584217,
        "nauc_cv_recall_at_20_max": 0.34146978580135867,
        "nauc_cv_recall_at_20_std": -0.23689557090613594,
        "nauc_cv_recall_at_3_diff1": -0.1465704432239113,
        "nauc_cv_recall_at_3_max": 0.3345095159024136,
        "nauc_cv_recall_at_3_std": -0.2043045088772514,
        "nauc_cv_recall_at_5_diff1": -0.10203164950590858,
        "nauc_cv_recall_at_5_max": 0.3911270817497059,
        "nauc_cv_recall_at_5_std": -0.19333494575357663,
        "nauc_map_at_1000_diff1": 0.12011397834904365,
        "nauc_map_at_1000_max": 0.28323827692841,
        "nauc_map_at_1000_std": -0.1905001367686242,
        "nauc_map_at_100_diff1": 0.11966738540821883,
        "nauc_map_at_100_max": 0.28323118429537103,
        "nauc_map_at_100_std": -0.1898627518331248,
        "nauc_map_at_10_diff1": 0.12065719889856055,
        "nauc_map_at_10_max": 0.29021890060830574,
        "nauc_map_at_10_std": -0.19420513505740164,
        "nauc_map_at_1_diff1": 0.2819891897677404,
        "nauc_map_at_1_max": 0.2161778871882692,
        "nauc_map_at_1_std": -0.16618056298833367,
        "nauc_map_at_20_diff1": 0.11805338930333743,
        "nauc_map_at_20_max": 0.2847181951397561,
        "nauc_map_at_20_std": -0.1908796432928892,
        "nauc_map_at_3_diff1": 0.09382723677706396,
        "nauc_map_at_3_max": 0.27825677782425196,
        "nauc_map_at_3_std": -0.19836780866192627,
        "nauc_map_at_5_diff1": 0.10911512170369399,
        "nauc_map_at_5_max": 0.28478822185507247,
        "nauc_map_at_5_std": -0.18782586739147047,
        "nauc_mrr_at_1000_diff1": 0.010318386026540968,
        "nauc_mrr_at_1000_max": 0.28476023988898364,
        "nauc_mrr_at_1000_std": -0.11479441647303681,
        "nauc_mrr_at_100_diff1": 0.009982532144116743,
        "nauc_mrr_at_100_max": 0.2847509614579322,
        "nauc_mrr_at_100_std": -0.11424005887976545,
        "nauc_mrr_at_10_diff1": 0.01425407904727165,
        "nauc_mrr_at_10_max": 0.29299876743388203,
        "nauc_mrr_at_10_std": -0.11910098135182312,
        "nauc_mrr_at_1_diff1": 0.13080609566591367,
        "nauc_mrr_at_1_max": 0.2643805743088836,
        "nauc_mrr_at_1_std": -0.02580341869180856,
        "nauc_mrr_at_20_diff1": 0.00914945533225785,
        "nauc_mrr_at_20_max": 0.2862026177193902,
        "nauc_mrr_at_20_std": -0.11575968447469559,
        "nauc_mrr_at_3_diff1": -0.006611838316696035,
        "nauc_mrr_at_3_max": 0.2755136338315525,
        "nauc_mrr_at_3_std": -0.11688827568051624,
        "nauc_mrr_at_5_diff1": 0.004146095220944025,
        "nauc_mrr_at_5_max": 0.2862054857241672,
        "nauc_mrr_at_5_std": -0.11479469794696757,
        "nauc_ndcg_at_1000_diff1": 0.09693517981423239,
        "nauc_ndcg_at_1000_max": 0.2911411346799712,
        "nauc_ndcg_at_1000_std": -0.19237592779877516,
        "nauc_ndcg_at_100_diff1": 0.08831100693949918,
        "nauc_ndcg_at_100_max": 0.29170420800681346,
        "nauc_ndcg_at_100_std": -0.17476915296633083,
        "nauc_ndcg_at_10_diff1": 0.08365375220406525,
        "nauc_ndcg_at_10_max": 0.32139912966631373,
        "nauc_ndcg_at_10_std": -0.20956662213502888,
        "nauc_ndcg_at_1_diff1": 0.2819891897677404,
        "nauc_ndcg_at_1_max": 0.2161778871882692,
        "nauc_ndcg_at_1_std": -0.16618056298833367,
        "nauc_ndcg_at_20_diff1": 0.07085280370170333,
        "nauc_ndcg_at_20_max": 0.29872845359082356,
        "nauc_ndcg_at_20_std": -0.197926152444139,
        "nauc_ndcg_at_3_diff1": 0.03496567870813315,
        "nauc_ndcg_at_3_max": 0.29633703404607786,
        "nauc_ndcg_at_3_std": -0.20824883400477262,
        "nauc_ndcg_at_5_diff1": 0.06009325276331838,
        "nauc_ndcg_at_5_max": 0.30874738372680843,
        "nauc_ndcg_at_5_std": -0.18973188186410675,
        "nauc_precision_at_1000_diff1": NaN,
        "nauc_precision_at_1000_max": NaN,
        "nauc_precision_at_1000_std": NaN,
        "nauc_precision_at_100_diff1": -0.21447245564892456,
        "nauc_precision_at_100_max": 0.30924369747899483,
        "nauc_precision_at_100_std": 0.491690009337072,
        "nauc_precision_at_10_diff1": -0.059197421722878354,
        "nauc_precision_at_10_max": 0.45963608692732916,
        "nauc_precision_at_10_std": -0.28781808822541777,
        "nauc_precision_at_1_diff1": 0.2819891897677404,
        "nauc_precision_at_1_max": 0.2161778871882692,
        "nauc_precision_at_1_std": -0.16618056298833367,
        "nauc_precision_at_20_diff1": -0.19083415568583906,
        "nauc_precision_at_20_max": 0.3414697858013586,
        "nauc_precision_at_20_std": -0.23689557090613314,
        "nauc_precision_at_3_diff1": -0.14959494821291394,
        "nauc_precision_at_3_max": 0.35252824393989307,
        "nauc_precision_at_3_std": -0.23916075150033597,
        "nauc_precision_at_5_diff1": -0.10203164950590708,
        "nauc_precision_at_5_max": 0.3911270817497069,
        "nauc_precision_at_5_std": -0.1933349457535751,
        "nauc_recall_at_1000_diff1": NaN,
        "nauc_recall_at_1000_max": NaN,
        "nauc_recall_at_1000_std": NaN,
        "nauc_recall_at_100_diff1": -0.21447245564892614,
        "nauc_recall_at_100_max": 0.30924369747899044,
        "nauc_recall_at_100_std": 0.4916900093370688,
        "nauc_recall_at_10_diff1": -0.059197421722880034,
        "nauc_recall_at_10_max": 0.4596360869273292,
        "nauc_recall_at_10_std": -0.28781808822542065,
        "nauc_recall_at_1_diff1": 0.2819891897677404,
        "nauc_recall_at_1_max": 0.2161778871882692,
        "nauc_recall_at_1_std": -0.16618056298833367,
        "nauc_recall_at_20_diff1": -0.19083415568584217,
        "nauc_recall_at_20_max": 0.34146978580135867,
        "nauc_recall_at_20_std": -0.23689557090613594,
        "nauc_recall_at_3_diff1": -0.1495949482129152,
        "nauc_recall_at_3_max": 0.3525282439398921,
        "nauc_recall_at_3_std": -0.23916075150033683,
        "nauc_recall_at_5_diff1": -0.10203164950590858,
        "nauc_recall_at_5_max": 0.3911270817497059,
        "nauc_recall_at_5_std": -0.19333494575357663,
        "ndcg_at_1": 0.32,
        "ndcg_at_10": 0.55999,
        "ndcg_at_100": 0.59578,
        "ndcg_at_1000": 0.6024,
        "ndcg_at_20": 0.57487,
        "ndcg_at_3": 0.50904,
        "ndcg_at_5": 0.53058,
        "precision_at_1": 0.32,