{
  "dataset_revision": "77540146379abf95df8326a3c5bb9eb21c7146c3",
  "task_name": "NanoNQRetrieval",
  "mteb_version": "2.11.6",
  "scores": {
    "train": [
      {
        "ndcg_at_1": 0.28,
        "ndcg_at_3": 0.35274,
        "ndcg_at_5": 0.36522,
        "ndcg_at_10": 0.38206,
        "ndcg_at_20": 0.40833,
        "ndcg_at_100": 0.46034,
        "ndcg_at_1000": 0.47426,
        "map_at_1": 0.27,
        "map_at_3": 0.32833,
        "map_at_5": 0.33633,
        "map_at_10": 0.34419,
        "map_at_20": 0.35172,
        "map_at_100": 0.35861,
        "map_at_1000": 0.35932,
        "recall_at_1": 0.27,
        "recall_at_3": 0.4,
        "recall_at_5": 0.43,
        "recall_at_10": 0.48,
        "recall_at_20": 0.58,
        "recall_at_100": 0.86,
        "recall_at_1000": 0.96,
        "accuracy": 0.27,
        "precision_at_1": 0.28,
        "precision_at_3": 0.14667,
        "precision_at_5": 0.096,
        "precision_at_10": 0.054,
        "precision_at_20": 0.033,
        "precision_at_100": 0.0098,
        "precision_at_1000": 0.0011,
        "mrr_at_1": 0.28,
        "mrr_at_3": 0.35,
        "mrr_at_5": 0.354,
        "mrr_at_10": 0.359357,
        "mrr_at_20": 0.366076,
        "mrr_at_100": 0.372196,
        "mrr_at_1000": 0.372671,
        "nauc_ndcg_at_1_max": 0.367255,
        "nauc_ndcg_at_1_std": -0.07249,
        "nauc_ndcg_at_1_diff1": 0.186686,
        "nauc_ndcg_at_3_max": 0.381217,
        "nauc_ndcg_at_3_std": 0.055881,
        "nauc_ndcg_at_3_diff1": 0.07149,
        "nauc_ndcg_at_5_max": 0.415464,
        "nauc_ndcg_at_5_std": 0.049815,
        "nauc_ndcg_at_5_diff1": 0.076535,
        "nauc_ndcg_at_10_max": 0.374253,
        "nauc_ndcg_at_10_std": 0.028798,
        "nauc_ndcg_at_10_diff1": 0.079266,
        "nauc_ndcg_at_20_max": 0.359194,
        "nauc_ndcg_at_20_std": 0.040223,
        "nauc_ndcg_at_20_diff1": 0.109296,
        "nauc_ndcg_at_100_max": 0.380533,
        "nauc_ndcg_at_100_std": 0.045992,
        "nauc_ndcg_at_100_diff1": 0.118873,
        "nauc_ndcg_at_1000_max": 0.383121,
        "nauc_ndcg_at_1000_std": 0.029771,
        "nauc_ndcg_at_1000_diff1": 0.090961,
        "nauc_map_at_1_max": 0.395531,
        "nauc_map_at_1_std": -0.069997,
        "nauc_map_at_1_diff1": 0.184674,
        "nauc_map_at_3_max": 0.397294,
        "nauc_map_at_3_std": 0.034446,
        "nauc_map_at_3_diff1": 0.099724,
        "nauc_map_at_5_max": 0.413288,
        "nauc_map_at_5_std": 0.02796,
        "nauc_map_at_5_diff1": 0.099777,
        "nauc_map_at_10_max": 0.393674,
        "nauc_map_at_10_std": 0.018046,
        "nauc_map_at_10_diff1": 0.09856,
        "nauc_map_at_20_max": 0.389467,
        "nauc_map_at_20_std": 0.020314,
        "nauc_map_at_20_diff1": 0.107405,
        "nauc_map_at_100_max": 0.390241,
        "nauc_map_at_100_std": 0.022115,
        "nauc_map_at_100_diff1": 0.108846,
        "nauc_map_at_1000_max": 0.39033,
        "nauc_map_at_1000_std": 0.021341,
        "nauc_map_at_1000_diff1": 0.107494,
        "nauc_recall_at_1_max": 0.395531,
        "nauc_recall_at_1_std": -0.069997,
        "nauc_recall_at_1_diff1": 0.184674,
        "nauc_recall_at_3_max": 0.370204,
        "nauc_recall_at_3_std": 0.119576,
        "nauc_recall_at_3_diff1": 0.017325,
        "nauc_recall_at_5_max": 0.454904,
        "nauc_recall_at_5_std": 0.10827,
        "nauc_recall_at_5_diff1": 0.033177,
        "nauc_recall_at_10_max": 0.336853,
        "nauc_recall_at_10_std": 0.047475,
        "nauc_recall_at_10_diff1": 0.047158,
        "nauc_recall_at_20_max": 0.259077,
        "nauc_recall_at_20_std": 0.102795,
        "nauc_recall_at_20_diff1": 0.168776,
        "nauc_recall_at_100_max": 0.458154,
        "nauc_recall_at_100_std": 0.259595,
        "nauc_recall_at_100_diff1": 0.388007,
        "nauc_recall_at_1000_max": 0.777077,
        "nauc_recall_at_1000_std": -0.075864,
        "nauc_recall_at_1000_diff1": -0.396825,
        "nauc_precision_at_1_max": 0.367255,
        "nauc_precision_at_1_std": -0.07249,
        "nauc_precision_at_1_diff1": 0.186686,
        "nauc_precision_at_3_max": 0.315838,
        "nauc_precision_at_3_std": 0.112335,
        "nauc_precision_at_3_diff1": -0.0338,
        "nauc_precision_at_5_max": 0.360501,
        "nauc_precision_at_5_std": 0.074776,
        "nauc_precision_at_5_diff1": -0.030518,
        "nauc_precision_at_10_max": 0.205207,
        "nauc_precision_at_10_std": 0.003602,
        "nauc_precision_at_10_diff1": -0.034283,
        "nauc_precision_at_20_max": 0.152548,
        "nauc_precision_at_20_std": 0.083506,
        "nauc_precision_at_20_diff1": 0.014419,
        "nauc_precision_at_100_max": 0.143429,
        "nauc_precision_at_100_std": 0.092191,
        "nauc_precision_at_100_diff1": -0.048643,
        "nauc_precision_at_1000_max": 0.024306,
        "nauc_precision_at_1000_std": -0.098445,
        "nauc_precision_at_1000_diff1": -0.354755,
        "nauc_mrr_at_1_max": 0.367255,
        "nauc_mrr_at_1_std": -0.07249,
        "nauc_mrr_at_1_diff1": 0.186686,
        "nauc_mrr_at_3_max": 0.356777,
        "nauc_mrr_at_3_std": 0.025659,
        "nauc_mrr_at_3_diff1": 0.08113,
        "nauc_mrr_at_5_max": 0.377413,
        "nauc_mrr_at_5_std": 0.027678,
        "nauc_mrr_at_5_diff1": 0.087764,
        "nauc_mrr_at_10_max": 0.364908,
        "nauc_mrr_at_10_std": 0.021905,
        "nauc_mrr_at_10_diff1": 0.091687,
        "nauc_mrr_at_20_max": 0.361695,
        "nauc_mrr_at_20_std": 0.02055,
        "nauc_mrr_at_20_diff1": 0.101629,
        "nauc_mrr_at_100_max": 0.363141,
        "nauc_mrr_at_100_std": 0.02145,
        "nauc_mrr_at_100_diff1": 0.103231,
        "nauc_mrr_at_1000_max": 0.363139,
        "nauc_mrr_at_1000_std": 0.021166,
        "nauc_mrr_at_1000_diff1": 0.102213,
        "hit_rate_at_1": 0.28,
        "hit_rate_at_3": 0.44,
        "hit_rate_at_5": 0.46,
        "hit_rate_at_10": 0.5,
        "hit_rate_at_20": 0.6,
        "hit_rate_at_100": 0.88,
        "hit_rate_at_1000": 0.96,
        "main_score": 0.38206,
        "hf_subset": "default",
        "languages": [
          "eng-Latn"
        ]
      }
    ]
  },
  "evaluation_time": 10.887154579162598,
  "kg_co2_emissions": null,
  "date": null
}