{
  "dataset_revision": "c9a9a6c3ef0765622a6de0af6ebb68f323ad73ba",
  "evaluation_time": 13.294805765151978,
  "kg_co2_emissions": null,
  "mteb_version": "1.14.1",
  "scores": {
    "test": [
      {
        "cv_recall_at_1": 0.343,
        "cv_recall_at_10": 0.678,
        "cv_recall_at_100": 0.798,
        "cv_recall_at_1000": 0.886,
        "cv_recall_at_20": 0.721,
        "cv_recall_at_3": 0.557,
        "cv_recall_at_5": 0.617,
        "hf_subset": "default",
        "languages": [
          "eng-Latn"
        ],
        "main_score": 0.51779,
        "map_at_1": 0.344,
        "map_at_10": 0.46588,
        "map_at_100": 0.47092,
        "map_at_1000": 0.47125,
        "map_at_20": 0.46902,
        "map_at_3": 0.44583,
        "map_at_5": 0.45763,
        "mrr_at_1": 0.343,
        "mrr_at_10": 0.46419642857142834,
        "mrr_at_100": 0.469239410916577,
        "mrr_at_1000": 0.4695660695365724,
        "mrr_at_20": 0.4672927183884223,
        "mrr_at_3": 0.4421666666666665,
        "mrr_at_5": 0.4561666666666663,
        "nauc_cv_recall_at_1000_diff1": 0.02351124577554979,
        "nauc_cv_recall_at_1000_max": 0.6100895666505729,
        "nauc_cv_recall_at_1000_std": 0.2871501822964356,
        "nauc_cv_recall_at_100_diff1": 0.025343623449170807,
        "nauc_cv_recall_at_100_max": 0.5897113711728056,
        "nauc_cv_recall_at_100_std": 0.21345050979692376,
        "nauc_cv_recall_at_10_diff1": 0.07681508015980319,
        "nauc_cv_recall_at_10_max": 0.5990426933969243,
        "nauc_cv_recall_at_10_std": 0.1857973138981508,
        "nauc_cv_recall_at_1_diff1": 0.4267100244615221,
        "nauc_cv_recall_at_1_max": 0.3618982353042344,
        "nauc_cv_recall_at_1_std": 0.01272687102864061,
        "nauc_cv_recall_at_20_diff1": 0.07174907627632691,
        "nauc_cv_recall_at_20_max": 0.60599143151816,
        "nauc_cv_recall_at_20_std": 0.19146863931819508,
        "nauc_cv_recall_at_3_diff1": 0.15770090027886977,
        "nauc_cv_recall_at_3_max": 0.547799106088024,
        "nauc_cv_recall_at_3_std": 0.11460834402735758,
        "nauc_cv_recall_at_5_diff1": 0.11310377114566393,
        "nauc_cv_recall_at_5_max": 0.590776612134555,
        "nauc_cv_recall_at_5_std": 0.1591778721919892,
        "nauc_map_at_1000_diff1": 0.2931757212219033,
        "nauc_map_at_1000_max": 0.47769835956247375,
        "nauc_map_at_1000_std": 0.07142405784187013,
        "nauc_map_at_100_diff1": 0.29296015626770694,
        "nauc_map_at_100_max": 0.47772176532812277,
        "nauc_map_at_100_std": 0.07134522164076948,
        "nauc_map_at_10_diff1": 0.2922630116381693,
        "nauc_map_at_10_max": 0.47864171579326814,
        "nauc_map_at_10_std": 0.0714917138525951,
        "nauc_map_at_1_diff1": 0.4251515375908431,
        "nauc_map_at_1_max": 0.4001200664332334,
        "nauc_map_at_1_std": 0.02200997556357167,
        "nauc_map_at_20_diff1": 0.29275131026457724,
        "nauc_map_at_20_max": 0.47842933833844037,
        "nauc_map_at_20_std": 0.0715990326462406,
        "nauc_map_at_3_diff1": 0.2996338562673293,
        "nauc_map_at_3_max": 0.4770168797044735,
        "nauc_map_at_3_std": 0.06405282046759102,
        "nauc_map_at_5_diff1": 0.2923679786791551,
        "nauc_map_at_5_max": 0.47682673138378284,
        "nauc_map_at_5_std": 0.06873373261928388,
        "nauc_mrr_at_1000_diff1": 0.294675550005923,
        "nauc_mrr_at_1000_max": 0.4532811868558267,
        "nauc_mrr_at_1000_std": 0.06531584821645785,
        "nauc_mrr_at_100_diff1": 0.2944595453301148,
        "nauc_mrr_at_100_max": 0.45332600827827807,
        "nauc_mrr_at_100_std": 0.06524317581183853,
        "nauc_mrr_at_10_diff1": 0.2927959210952178,
        "nauc_mrr_at_10_max": 0.45399459720760665,
        "nauc_mrr_at_10_std": 0.06574167283682725,
        "nauc_mrr_at_1_diff1": 0.4267100244615221,
        "nauc_mrr_at_1_max": 0.3618982353042344,
        "nauc_mrr_at_1_std": 0.01272687102864061,
        "nauc_mrr_at_20_diff1": 0.29404544778933245,
        "nauc_mrr_at_20_max": 0.4541045696997424,
        "nauc_mrr_at_20_std": 0.06560225616529214,
        "nauc_mrr_at_3_diff1": 0.3017349546285236,
        "nauc_mrr_at_3_max": 0.44735428178122444,
        "nauc_mrr_at_3_std": 0.05620321719877866,
        "nauc_mrr_at_5_diff1": 0.2944869030132802,
        "nauc_mrr_at_5_max": 0.4544780453588209,
        "nauc_mrr_at_5_std": 0.06394477273129469,
        "nauc_ndcg_at_1000_diff1": 0.25563741681319463,
        "nauc_ndcg_at_1000_max": 0.49813064292479103,
        "nauc_ndcg_at_1000_std": 0.0945483999782709,
        "nauc_ndcg_at_100_diff1": 0.2487088648098237,
        "nauc_ndcg_at_100_max": 0.4997081881373343,
        "nauc_ndcg_at_100_std": 0.09413719831820086,
        "nauc_ndcg_at_10_diff1": 0.24794669752558104,
        "nauc_ndcg_at_10_max": 0.506417052208621,
        "nauc_ndcg_at_10_std": 0.09468363744731645,
        "nauc_ndcg_at_1_diff1": 0.4251515375908431,
        "nauc_ndcg_at_1_max": 0.4001200664332334,
        "nauc_ndcg_at_1_std": 0.02200997556357167,
        "nauc_ndcg_at_20_diff1": 0.24876495274829946,
        "nauc_ndcg_at_20_max": 0.5049386724625328,
        "nauc_ndcg_at_20_std": 0.09476708189800392,
        "nauc_ndcg_at_3_diff1": 0.2628548139798052,
        "nauc_ndcg_at_3_max": 0.5008682261479349,
        "nauc_ndcg_at_3_std": 0.07843376700906236,
        "nauc_ndcg_at_5_diff1": 0.24906238387697463,
        "nauc_ndcg_at_5_max": 0.5015432023723324,
        "nauc_ndcg_at_5_std": 0.08771207964905081,
        "nauc_precision_at_1000_diff1": 0.02351124577554748,
        "nauc_precision_at_1000_max": 0.6100895666505727,
        "nauc_precision_at_1000_std": 0.2871501822964333,
        "nauc_precision_at_100_diff1": 0.02534362344917089,
        "nauc_precision_at_100_max": 0.5897113711728055,
        "nauc_precision_at_100_std": 0.2134505097969231,
        "nauc_precision_at_10_diff1": 0.09074798611182705,
        "nauc_precision_at_10_max": 0.6065579975706014,
        "nauc_precision_at_10_std": 0.18167834911065367,
        "nauc_precision_at_1_diff1": 0.4251515375908431,
        "nauc_precision_at_1_max": 0.4001200664332334,
        "nauc_precision_at_1_std": 0.02200997556357167,
        "nauc_precision_at_20_diff1": 0.07669661808676746,
        "nauc_precision_at_20_max": 0.6072858332725597,
        "nauc_precision_at_20_std": 0.18975907082787946,
        "nauc_precision_at_3_diff1": 0.15301044037993555,
        "nauc_precision_at_3_max": 0.572586687980361,
        "nauc_precision_at_3_std": 0.12214031356821216,
        "nauc_precision_at_5_diff1": 0.11060646785011727,
        "nauc_precision_at_5_max": 0.5803579064397495,
        "nauc_precision_at_5_std": 0.15018295439273746,
        "nauc_recall_at_1000_diff1": 0.02351124577554979,
        "nauc_recall_at_1000_max": 0.6100895666505729,
        "nauc_recall_at_1000_std": 0.2871501822964356,
        "nauc_recall_at_100_diff1": 0.025343623449170807,
        "nauc_recall_at_100_max": 0.5897113711728056,
        "nauc_recall_at_100_std": 0.21345050979692376,
        "nauc_recall_at_10_diff1": 0.09074798611182784,
        "nauc_recall_at_10_max": 0.6065579975706022,
        "nauc_recall_at_10_std": 0.18167834911065472,
        "nauc_recall_at_1_diff1": 0.4251515375908431,
        "nauc_recall_at_1_max": 0.4001200664332334,
        "nauc_recall_at_1_std": 0.02200997556357167,
        "nauc_recall_at_20_diff1": 0.07669661808676843,
        "nauc_recall_at_20_max": 0.6072858332725608,
        "nauc_recall_at_20_std": 0.18975907082788046,
        "nauc_recall_at_3_diff1": 0.15301044037993589,
        "nauc_recall_at_3_max": 0.5725866879803613,
        "nauc_recall_at_3_std": 0.12214031356821241,
        "nauc_recall_at_5_diff1": 0.11060646785011774,
        "nauc_recall_at_5_max": 0.5803579064397502,
        "nauc_recall_at_5_std": 0.1501829543927384,
        "ndcg_at_1": 0.344,
        "ndcg_at_10": 0.51779,
        "ndcg_at_100": 0.54301,
        "ndcg_at_1000": 0.55369,
        "ndcg_at_20": 0.52901,