{
  "dataset_revision": "561ee9ca47ff3e4a657283c59416deca8dc169f2",
  "evaluation_time": 16.974658966064453,
  "kg_co2_emissions": null,
  "mteb_version": "1.14.15",
  "scores": {
    "test": [
      {
        "cosine_pearson": 0.6075975743163279,
        "cosine_spearman": 0.6325573553595002,
        "euclidean_pearson": 0.6692213417308934,
        "euclidean_spearman": 0.6743831446100913,
        "hf_subset": "default",
        "languages": [
          "eng-Latn"
        ],
        "main_score": 0.6325573553595002,
        "manhattan_pearson": 0.6754706863972464,
        "manhattan_spearman": 0.6786762052263963,
        "pearson": 0.6075975743163279,
        "spearman": 0.6325573553595002
      }
    ]
  },
  "task_name": "STS13VisualSTS"
}