{
  "dataset_revision": "824e95e45471024a684b901e0645579ffd9ca288",
  "evaluation_time": 40.73365497589111,
  "kg_co2_emissions": null,
  "mteb_version": "1.14.15",
  "scores": {
    "test": [
      {
        "cosine_pearson": 0.5761138227493786,
        "cosine_spearman": 0.5698651220984589,
        "euclidean_pearson": 0.6271652197991896,
        "euclidean_spearman": 0.6147902301712311,
        "hf_subset": "default",
        "languages": [
          "eng-Latn"
        ],
        "main_score": 0.5698651220984589,
        "manhattan_pearson": 0.6340773461052611,
        "manhattan_spearman": 0.6220267895742038,
        "pearson": 0.5761138227493786,
        "spearman": 0.5698651220984589
      }
    ]
  },
  "task_name": "STS14VisualSTS"
}