{
  "dataset_revision": "e8379541af4e31359cca9fbcf4b00f2671dba205",
  "mteb_dataset_name": "AmazonCounterfactualClassification",
  "mteb_version": "1.2.1.dev0",
  "test": {
    "de": {
      "accuracy": 0.5433618843683083,
      "accuracy_stderr": 0.03494122462466443,
      "ap": 0.7232980881688974,
      "ap_stderr": 0.010732195148940069,
      "f1": 0.5255660406145003,
      "f1_stderr": 0.022988634157147723,
      "main_score": 0.5433618843683083
    },
    "en": {
      "accuracy": 0.6037313432835821,
      "accuracy_stderr": 0.04850746268656716,
      "ap": 0.24899232651908929,
      "ap_stderr": 0.02233741958671722,
      "f1": 0.5459791844977032,
      "f1_stderr": 0.03714366073018905,
      "main_score": 0.6037313432835821
    },
    "en-ext": {
      "accuracy": 0.5831334332833583,
      "accuracy_stderr": 0.06932995586727823,
      "ap": 0.12829635882439375,
      "ap_stderr": 0.012096913580915076,
      "f1": 0.4711211938637227,
      "f1_stderr": 0.04146908882946828,
      "main_score": 0.5831334332833583
    },
    "evaluation_time": 2.66,
    "ja": {
      "accuracy": 0.5836188436830836,
      "accuracy_stderr": 0.3821146344888764,
      "ap": 0.1033188255677305,
      "ap_stderr": 0.0006553605614101676,
      "f1": 0.32684679269947303,
      "f1_stderr": 0.17834535154701842,
      "main_score": 0.5836188436830836
    }
  },
  "validation": {
    "de": {
      "accuracy": 0.5613733905579399,
      "accuracy_stderr": 0.029111876192466274,
      "ap": 0.7313547562061375,
      "ap_stderr": 0.012710754027551441,
      "f1": 0.5406366384855932,
      "f1_stderr": 0.01991994072991776,
      "main_score": 0.5613733905579399
    },
    "en": {
      "accuracy": 0.5910447761194029,
      "accuracy_stderr": 0.05701414393463081,
      "ap": 0.20600993287386568,
      "ap_stderr": 0.018064630151158688,
      "f1": 0.5148321826187728,
      "f1_stderr": 0.039846013657415434,
      "main_score": 0.5910447761194029
    },
    "en-ext": {
      "accuracy": 0.5822822822822823,
      "accuracy_stderr": 0.07035876463644436,
      "ap": 0.12280554667138262,
      "ap_stderr": 0.01098862107588394,
      "f1": 0.4673054723136315,
      "f1_stderr": 0.042194068277216654,
      "main_score": 0.5822822822822823
    },
    "evaluation_time": 7.62,
    "ja": {
      "accuracy": 0.5815450643776824,
      "accuracy_stderr": 0.39072886888303304,
      "ap": 0.09819989676306154,
      "ap_stderr": 0.0006277424803021463,
      "f1": 0.32256864344577824,
      "f1_stderr": 0.18527196145163136,
      "main_score": 0.5815450643776824
    }
  }
}