{
  "dataset_revision": "359b66f11c25d19bc8f7108d98e660a5857f3d26",
  "evaluation_time": 213.14108443260193,
  "kg_co2_emissions": null,
  "mteb_version": "1.16.5",
  "scores": {
    "test": [
      {
        "cv_recall_at_1": 0.3209,
        "cv_recall_at_10": 0.64179,
        "cv_recall_at_100": 0.90547,
        "cv_recall_at_1000": 1.0,
        "cv_recall_at_20": 0.72886,
        "cv_recall_at_3": 0.52736,
        "cv_recall_at_5": 0.5796,
        "hf_subset": "default",
        "languages": [
          "eng-Latn"
        ],
        "main_score": 0.4847,
        "map_at_1": 0.3209,
        "map_at_10": 0.434,
        "map_at_100": 0.44398,
        "map_at_1000": 0.44463,
        "map_at_20": 0.43971,
        "map_at_3": 0.41335,
        "map_at_5": 0.42554,
        "mrr_at_1": 0.3208955223880597,
        "mrr_at_10": 0.434004580273237,
        "mrr_at_100": 0.44398225504608213,
        "mrr_at_1000": 0.4446309367234792,
        "mrr_at_20": 0.43970614227302923,
        "mrr_at_3": 0.4133499170812605,
        "mrr_at_5": 0.4255389718076287,
        "nauc_cv_recall_at_1000_diff1": NaN,
        "nauc_cv_recall_at_1000_max": NaN,
        "nauc_cv_recall_at_1000_std": NaN,
        "nauc_cv_recall_at_100_diff1": 0.3319455914188296,
        "nauc_cv_recall_at_100_max": -0.8496514687248068,
        "nauc_cv_recall_at_100_std": -1.0075573331300645,
        "nauc_cv_recall_at_10_diff1": 0.21632765291249811,
        "nauc_cv_recall_at_10_max": -0.616149982302474,
        "nauc_cv_recall_at_10_std": -0.9479982037259836,
        "nauc_cv_recall_at_1_diff1": 0.3430629866475006,
        "nauc_cv_recall_at_1_max": -0.31499658742959696,
        "nauc_cv_recall_at_1_std": -0.5455674065129812,
        "nauc_cv_recall_at_20_diff1": 0.14497526898295157,
        "nauc_cv_recall_at_20_max": -0.8183913780389244,
        "nauc_cv_recall_at_20_std": -1.0686032736054183,
        "nauc_cv_recall_at_3_diff1": 0.2272558706482997,
        "nauc_cv_recall_at_3_max": -0.47485631997681976,
        "nauc_cv_recall_at_3_std": -0.7893342152547034,
        "nauc_cv_recall_at_5_diff1": 0.23402660393502006,
        "nauc_cv_recall_at_5_max": -0.4968352312252504,
        "nauc_cv_recall_at_5_std": -0.8652220828722653,
        "nauc_map_at_1000_diff1": 0.28084189069845655,
        "nauc_map_at_1000_max": -0.4050774810885909,
        "nauc_map_at_1000_std": -0.6734464316794351,
        "nauc_map_at_100_diff1": 0.2809924262004814,
        "nauc_map_at_100_max": -0.4060074400165581,
        "nauc_map_at_100_std": -0.6741534540228545,
        "nauc_map_at_10_diff1": 0.28170348287831065,
        "nauc_map_at_10_max": -0.40186513581417665,
        "nauc_map_at_10_std": -0.6758814723680184,
        "nauc_map_at_1_diff1": 0.3430629866475006,
        "nauc_map_at_1_max": -0.31499658742959696,
        "nauc_map_at_1_std": -0.5455674065129812,
        "nauc_map_at_20_diff1": 0.278380373705771,
        "nauc_map_at_20_max": -0.40905515991168534,
        "nauc_map_at_20_std": -0.6780915297694656,
        "nauc_map_at_3_diff1": 0.2816431806099485,
        "nauc_map_at_3_max": -0.3850630283616802,
        "nauc_map_at_3_std": -0.6525319695750113,
        "nauc_map_at_5_diff1": 0.2837769102957866,
        "nauc_map_at_5_max": -0.3886275351750067,
        "nauc_map_at_5_std": -0.66779078741231,
        "nauc_mrr_at_1000_diff1": 0.28084189069845655,
        "nauc_mrr_at_1000_max": -0.4050774810885909,
        "nauc_mrr_at_1000_std": -0.6734464316794351,
        "nauc_mrr_at_100_diff1": 0.2809924262004814,
        "nauc_mrr_at_100_max": -0.4060074400165581,
        "nauc_mrr_at_100_std": -0.6741534540228545,
        "nauc_mrr_at_10_diff1": 0.28170348287831065,
        "nauc_mrr_at_10_max": -0.40186513581417665,
        "nauc_mrr_at_10_std": -0.6758814723680184,
        "nauc_mrr_at_1_diff1": 0.3430629866475006,
        "nauc_mrr_at_1_max": -0.31499658742959696,
        "nauc_mrr_at_1_std": -0.5455674065129812,
        "nauc_mrr_at_20_diff1": 0.278380373705771,
        "nauc_mrr_at_20_max": -0.40905515991168534,
        "nauc_mrr_at_20_std": -0.6780915297694656,
        "nauc_mrr_at_3_diff1": 0.2816431806099485,
        "nauc_mrr_at_3_max": -0.3850630283616802,
        "nauc_mrr_at_3_std": -0.6525319695750113,
        "nauc_mrr_at_5_diff1": 0.2837769102957866,
        "nauc_mrr_at_5_max": -0.3886275351750067,
        "nauc_mrr_at_5_std": -0.66779078741231,
        "nauc_ndcg_at_1000_diff1": 0.2723675027709315,
        "nauc_ndcg_at_1000_max": -0.4322321611684638,
        "nauc_ndcg_at_1000_std": -0.7027813195044652,
        "nauc_ndcg_at_100_diff1": 0.27524643357042616,
        "nauc_ndcg_at_100_max": -0.4514723022250352,
        "nauc_ndcg_at_100_std": -0.7168373347468309,
        "nauc_ndcg_at_10_diff1": 0.2663368914050526,
        "nauc_ndcg_at_10_max": -0.44757349552373726,
        "nauc_ndcg_at_10_std": -0.7355356954078378,
        "nauc_ndcg_at_1_diff1": 0.3430629866475006,
        "nauc_ndcg_at_1_max": -0.31499658742959696,
        "nauc_ndcg_at_1_std": -0.5455674065129812,
        "nauc_ndcg_at_20_diff1": 0.2541650696967836,
        "nauc_ndcg_at_20_max": -0.47842206029525874,
        "nauc_ndcg_at_20_std": -0.7484632948030998,
        "nauc_ndcg_at_3_diff1": 0.2674065394667972,
        "nauc_ndcg_at_3_max": -0.40781706959442965,
        "nauc_ndcg_at_3_std": -0.6872034895658455,
        "nauc_ndcg_at_5_diff1": 0.2709785209532911,
        "nauc_ndcg_at_5_max": -0.4148914722291144,
        "nauc_ndcg_at_5_std": -0.7152726168117532,
        "nauc_precision_at_1000_diff1": NaN,
        "nauc_precision_at_1000_max": NaN,
        "nauc_precision_at_1000_std": NaN,
        "nauc_precision_at_100_diff1": 0.3319455914188293,
        "nauc_precision_at_100_max": -0.8496514687248082,
        "nauc_precision_at_100_std": -1.007557333130068,
        "nauc_precision_at_10_diff1": 0.216327652912498,
        "nauc_precision_at_10_max": -0.6161499823024736,
        "nauc_precision_at_10_std": -0.9479982037259829,
        "nauc_precision_at_1_diff1": 0.3430629866475006,
        "nauc_precision_at_1_max": -0.31499658742959696,
        "nauc_precision_at_1_std": -0.5455674065129812,
        "nauc_precision_at_20_diff1": 0.14497526898295124,
        "nauc_precision_at_20_max": -0.8183913780389255,
        "nauc_precision_at_20_std": -1.068603273605419,
        "nauc_precision_at_3_diff1": 0.22725587064830013,
        "nauc_precision_at_3_max": -0.47485631997681943,
        "nauc_precision_at_3_std": -0.789334215254703,
        "nauc_precision_at_5_diff1": 0.2340266039350195,
        "nauc_precision_at_5_max": -0.49683523122525086,
        "nauc_precision_at_5_std": -0.8652220828722655,
        "nauc_recall_at_1000_diff1": NaN,
        "nauc_recall_at_1000_max": NaN,
        "nauc_recall_at_1000_std": NaN,
        "nauc_recall_at_100_diff1": 0.3319455914188296,
        "nauc_recall_at_100_max": -0.8496514687248068,
        "nauc_recall_at_100_std": -1.0075573331300645,
        "nauc_recall_at_10_diff1": 0.21632765291249811,
        "nauc_recall_at_10_max": -0.616149982302474,
        "nauc_recall_at_10_std": -0.9479982037259836,
        "nauc_recall_at_1_diff1": 0.3430629866475006,
        "nauc_recall_at_1_max": -0.31499658742959696,
        "nauc_recall_at_1_std": -0.5455674065129812,
        "nauc_recall_at_20_diff1": 0.14497526898295157,
        "nauc_recall_at_20_max": -0.8183913780389244,
        "nauc_recall_at_20_std": -1.0686032736054183,
        "nauc_recall_at_3_diff1": 0.2272558706482997,
        "nauc_recall_at_3_max": -0.47485631997681976,
        "nauc_recall_at_3_std": -0.7893342152547034,
        "nauc_recall_at_5_diff1": 0.23402660393502006,
        "nauc_recall_at_5_max": -0.4968352312252504,
        "nauc_recall_at_5_std": -0.8652220828722653,
        "ndcg_at_1": 0.3209,
        "ndcg_at_10": 0.4847,
        "ndcg_at_100": 0.53853,
        "ndcg_at_1000": 0.55159,
        "ndcg_at_20": 0.50628,
        "ndcg_at_3": 0.44269,
        "ndcg_at_5": 0.46443,
        "precision_at_1": 0.3209,