{
  "dataset_revision": "c9583e052be7ad52d870c62a207a2e887ba9b8aa",
  "evaluation_time": 199.69204115867615,
  "kg_co2_emissions": null,
  "mteb_version": "1.14.1",
  "scores": {
    "test": [
      {
        "cv_recall_at_1": 0.08491,
        "cv_recall_at_10": 0.5033,
        "cv_recall_at_100": 0.94811,
        "cv_recall_at_1000": 0.99528,
        "cv_recall_at_20": 0.73915,
        "cv_recall_at_3": 0.21368,
        "cv_recall_at_5": 0.32075,
        "hf_subset": "default",
        "languages": [
          "eng-Latn"
        ],
        "main_score": 0.25976,
        "map_at_1": 0.08491,
        "map_at_10": 0.18614,
        "map_at_100": 0.20832,
        "map_at_1000": 0.20858,
        "map_at_20": 0.20229,
        "map_at_3": 0.13797,
        "map_at_5": 0.16217,
        "mrr_at_1": 0.08490566037735849,
        "mrr_at_10": 0.18614180892482757,
        "mrr_at_100": 0.20831945787163383,
        "mrr_at_1000": 0.20858401988895778,
        "mrr_at_20": 0.20229258313366166,
        "mrr_at_3": 0.1379716981132077,
        "mrr_at_5": 0.16216981132075434,
        "nauc_cv_recall_at_1000_diff1": -0.9262371615312536,
        "nauc_cv_recall_at_1000_max": 0.8307656395891835,
        "nauc_cv_recall_at_1000_std": 0.9330065359477094,
        "nauc_cv_recall_at_100_diff1": -0.47821492233256935,
        "nauc_cv_recall_at_100_max": 0.653713606654785,
        "nauc_cv_recall_at_100_std": 0.43830744418979667,
        "nauc_cv_recall_at_10_diff1": -0.03606188090870156,
        "nauc_cv_recall_at_10_max": 0.1143223995091099,
        "nauc_cv_recall_at_10_std": -0.035964131725537925,
        "nauc_cv_recall_at_1_diff1": 0.020150254896699814,
        "nauc_cv_recall_at_1_max": 0.04705154577706238,
        "nauc_cv_recall_at_1_std": -0.01978058015085107,
        "nauc_cv_recall_at_20_diff1": -0.08100163008591106,
        "nauc_cv_recall_at_20_max": 0.25923993548331703,
        "nauc_cv_recall_at_20_std": -0.06323951198528052,
        "nauc_cv_recall_at_3_diff1": 0.010570189395540861,
        "nauc_cv_recall_at_3_max": 0.05478547707900785,
        "nauc_cv_recall_at_3_std": -0.03527327833867772,
        "nauc_cv_recall_at_5_diff1": -0.009090564990284886,
        "nauc_cv_recall_at_5_max": 0.09606475056145755,
        "nauc_cv_recall_at_5_std": -0.00945835120744882,
        "nauc_map_at_1000_diff1": -0.006652494750020363,
        "nauc_map_at_1000_max": 0.07794470071908056,
        "nauc_map_at_1000_std": -0.021676746990813362,
        "nauc_map_at_100_diff1": -0.007161878633089917,
        "nauc_map_at_100_max": 0.07855793447874261,
        "nauc_map_at_100_std": -0.021314555769920304,
        "nauc_map_at_10_diff1": -0.0011759754726835372,
        "nauc_map_at_10_max": 0.0688532273816496,
        "nauc_map_at_10_std": -0.024844900739844897,
        "nauc_map_at_1_diff1": 0.020150254896699814,
        "nauc_map_at_1_max": 0.04705154577706238,
        "nauc_map_at_1_std": -0.01978058015085107,
        "nauc_map_at_20_diff1": -0.004673155845604268,
        "nauc_map_at_20_max": 0.07787233394995861,
        "nauc_map_at_20_std": -0.026666636294813202,
        "nauc_map_at_3_diff1": 0.012874623252847255,
        "nauc_map_at_3_max": 0.05289142275583296,
        "nauc_map_at_3_std": -0.028444137731526885,
        "nauc_map_at_5_diff1": 0.004486822990023081,
        "nauc_map_at_5_max": 0.06691112758480544,
        "nauc_map_at_5_std": -0.018957410356361237,
        "nauc_mrr_at_1000_diff1": -0.006652494750020363,
        "nauc_mrr_at_1000_max": 0.07794470071908056,
        "nauc_mrr_at_1000_std": -0.021676746990813362,
        "nauc_mrr_at_100_diff1": -0.007161878633089917,
        "nauc_mrr_at_100_max": 0.07855793447874261,
        "nauc_mrr_at_100_std": -0.021314555769920304,
        "nauc_mrr_at_10_diff1": -0.0011759754726835372,
        "nauc_mrr_at_10_max": 0.0688532273816496,
        "nauc_mrr_at_10_std": -0.024844900739844897,
        "nauc_mrr_at_1_diff1": 0.020150254896699814,
        "nauc_mrr_at_1_max": 0.04705154577706238,
        "nauc_mrr_at_1_std": -0.01978058015085107,
        "nauc_mrr_at_20_diff1": -0.004673155845604268,
        "nauc_mrr_at_20_max": 0.07787233394995861,
        "nauc_mrr_at_20_std": -0.026666636294813202,
        "nauc_mrr_at_3_diff1": 0.012874623252847255,
        "nauc_mrr_at_3_max": 0.05289142275583296,
        "nauc_mrr_at_3_std": -0.028444137731526885,
        "nauc_mrr_at_5_diff1": 0.004486822990023081,
        "nauc_mrr_at_5_max": 0.06691112758480544,
        "nauc_mrr_at_5_std": -0.018957410356361237,
        "nauc_ndcg_at_1000_diff1": -0.022411213599227923,
        "nauc_ndcg_at_1000_max": 0.0986689095954933,
        "nauc_ndcg_at_1000_std": -0.013359705039231978,
        "nauc_ndcg_at_100_diff1": -0.0355840262798586,
        "nauc_ndcg_at_100_max": 0.11558385385862016,
        "nauc_ndcg_at_100_std": -0.0011908869944293231,
        "nauc_ndcg_at_10_diff1": -0.012042479286208913,
        "nauc_ndcg_at_10_max": 0.08275755290912527,
        "nauc_ndcg_at_10_std": -0.0280393669746386,
        "nauc_ndcg_at_1_diff1": 0.020150254896699814,
        "nauc_ndcg_at_1_max": 0.04705154577706238,
        "nauc_ndcg_at_1_std": -0.01978058015085107,
        "nauc_ndcg_at_20_diff1": -0.022260903773348162,
        "nauc_ndcg_at_20_max": 0.11601171113415618,
        "nauc_ndcg_at_20_std": -0.03428564651751476,
        "nauc_ndcg_at_3_diff1": 0.012064737993632191,
        "nauc_ndcg_at_3_max": 0.05355497149851039,
        "nauc_ndcg_at_3_std": -0.030649951361174387,
        "nauc_ndcg_at_5_diff1": -0.00011617957032628835,
        "nauc_ndcg_at_5_max": 0.07633348175009125,
        "nauc_ndcg_at_5_std": -0.015978649311778212,
        "nauc_precision_at_1000_diff1": -0.9262371615311449,
        "nauc_precision_at_1000_max": 0.830765639589156,
        "nauc_precision_at_1000_std": 0.933006535947729,
        "nauc_precision_at_100_diff1": -0.47821492233257124,
        "nauc_precision_at_100_max": 0.6537136066547907,
        "nauc_precision_at_100_std": 0.4383074441897986,
        "nauc_precision_at_10_diff1": -0.03606188090870162,
        "nauc_precision_at_10_max": 0.11432239950910993,
        "nauc_precision_at_10_std": -0.03596413172553808,
        "nauc_precision_at_1_diff1": 0.020150254896699814,
        "nauc_precision_at_1_max": 0.04705154577706238,
        "nauc_precision_at_1_std": -0.01978058015085107,
        "nauc_precision_at_20_diff1": -0.08100163008591092,
        "nauc_precision_at_20_max": 0.2592399354833167,
        "nauc_precision_at_20_std": -0.06323951198528094,
        "nauc_precision_at_3_diff1": 0.010570189395540917,
        "nauc_precision_at_3_max": 0.05478547707900796,
        "nauc_precision_at_3_std": -0.03527327833867778,
        "nauc_precision_at_5_diff1": -0.009090564990284862,
        "nauc_precision_at_5_max": 0.0960647505614577,
        "nauc_precision_at_5_std": -0.009458351207449148,
        "nauc_recall_at_1000_diff1": -0.9262371615312536,
        "nauc_recall_at_1000_max": 0.8307656395891835,
        "nauc_recall_at_1000_std": 0.9330065359477094,
        "nauc_recall_at_100_diff1": -0.47821492233256935,
        "nauc_recall_at_100_max": 0.653713606654785,
        "nauc_recall_at_100_std": 0.43830744418979667,
        "nauc_recall_at_10_diff1": -0.03606188090870156,
        "nauc_recall_at_10_max": 0.1143223995091099,
        "nauc_recall_at_10_std": -0.035964131725537925,
        "nauc_recall_at_1_diff1": 0.020150254896699814,
        "nauc_recall_at_1_max": 0.04705154577706238,
        "nauc_recall_at_1_std": -0.01978058015085107,
        "nauc_recall_at_20_diff1": -0.08100163008591106,
        "nauc_recall_at_20_max": 0.25923993548331703,
        "nauc_recall_at_20_std": -0.06323951198528052,
        "nauc_recall_at_3_diff1": 0.010570189395540861,
        "nauc_recall_at_3_max": 0.05478547707900785,
        "nauc_recall_at_3_std": -0.03527327833867772,
        "nauc_recall_at_5_diff1": -0.009090564990284886,
        "nauc_recall_at_5_max": 0.09606475056145755,