{
  "dataset_revision": "3f60c92a79e3b09aa48688aa2b8437037a5720e8",
  "task_name": "ElasticKBRetrieval",
  "mteb_version": "2.12.26",
  "scores": {
    "test": [
      {
        "ndcg_at_1": 0.57857,
        "ndcg_at_3": 0.4975,
        "ndcg_at_5": 0.46178,
        "ndcg_at_10": 0.42546,
        "ndcg_at_20": 0.41236,
        "ndcg_at_100": 0.41301,
        "ndcg_at_1000": 0.48805,
        "map_at_1": 0.09016,
        "map_at_3": 0.12486,
        "map_at_5": 0.1398,
        "map_at_10": 0.1555,
        "map_at_20": 0.17081,
        "map_at_100": 0.1996,
        "map_at_1000": 0.22741,
        "recall_at_1": 0.09016,
        "recall_at_3": 0.14322,
        "recall_at_5": 0.17384,
        "recall_at_10": 0.21707,
        "recall_at_20": 0.27267,
        "recall_at_100": 0.43364,
        "recall_at_1000": 0.70982,
        "accuracy": 0.09016,
        "precision_at_1": 0.57857,
        "precision_at_3": 0.43968,
        "precision_at_5": 0.3719,
        "precision_at_10": 0.2919,
        "precision_at_20": 0.2375,
        "precision_at_100": 0.1311,
        "precision_at_1000": 0.04521,
        "mrr_at_1": 0.578571,
        "mrr_at_3": 0.669444,
        "mrr_at_5": 0.683016,
        "mrr_at_10": 0.690522,
        "mrr_at_20": 0.693451,
        "mrr_at_100": 0.694434,
        "mrr_at_1000": 0.694528,
        "nauc_ndcg_at_1_max": 0.232412,
        "nauc_ndcg_at_1_std": 0.028106,
        "nauc_ndcg_at_1_diff1": 0.447259,
        "nauc_ndcg_at_3_max": 0.235042,
        "nauc_ndcg_at_3_std": 0.116398,
        "nauc_ndcg_at_3_diff1": 0.260552,
        "nauc_ndcg_at_5_max": 0.24573,
        "nauc_ndcg_at_5_std": 0.134295,
        "nauc_ndcg_at_5_diff1": 0.25817,
        "nauc_ndcg_at_10_max": 0.247437,
        "nauc_ndcg_at_10_std": 0.16126,
        "nauc_ndcg_at_10_diff1": 0.248166,
        "nauc_ndcg_at_20_max": 0.228602,
        "nauc_ndcg_at_20_std": 0.15879,
        "nauc_ndcg_at_20_diff1": 0.254454,
        "nauc_ndcg_at_100_max": 0.231539,
        "nauc_ndcg_at_100_std": 0.198344,
        "nauc_ndcg_at_100_diff1": 0.279598,
        "nauc_ndcg_at_1000_max": 0.251949,
        "nauc_ndcg_at_1000_std": 0.241252,
        "nauc_ndcg_at_1000_diff1": 0.295072,
        "nauc_map_at_1_max": 0.065835,
        "nauc_map_at_1_std": -0.025549,
        "nauc_map_at_1_diff1": 0.501431,
        "nauc_map_at_3_max": 0.05732,
        "nauc_map_at_3_std": -0.020506,
        "nauc_map_at_3_diff1": 0.405642,
        "nauc_map_at_5_max": 0.069182,
        "nauc_map_at_5_std": -0.014848,
        "nauc_map_at_5_diff1": 0.390254,
        "nauc_map_at_10_max": 0.087138,
        "nauc_map_at_10_std": -8.7e-05,
        "nauc_map_at_10_diff1": 0.378901,
        "nauc_map_at_20_max": 0.102548,
        "nauc_map_at_20_std": 0.020553,
        "nauc_map_at_20_diff1": 0.369924,
        "nauc_map_at_100_max": 0.145185,
        "nauc_map_at_100_std": 0.093534,
        "nauc_map_at_100_diff1": 0.361631,
        "nauc_map_at_1000_max": 0.182297,
        "nauc_map_at_1000_std": 0.146812,
        "nauc_map_at_1000_diff1": 0.340968,
        "nauc_recall_at_1_max": 0.065835,
        "nauc_recall_at_1_std": -0.025549,
        "nauc_recall_at_1_diff1": 0.501431,
        "nauc_recall_at_3_max": 0.033179,
        "nauc_recall_at_3_std": -0.00657,
        "nauc_recall_at_3_diff1": 0.339808,
        "nauc_recall_at_5_max": 0.028929,
        "nauc_recall_at_5_std": -0.005027,
        "nauc_recall_at_5_diff1": 0.306092,
        "nauc_recall_at_10_max": 0.047931,
        "nauc_recall_at_10_std": 0.010307,
        "nauc_recall_at_10_diff1": 0.258913,
        "nauc_recall_at_20_max": 0.049006,
        "nauc_recall_at_20_std": 0.036643,
        "nauc_recall_at_20_diff1": 0.234982,
        "nauc_recall_at_100_max": 0.125163,
        "nauc_recall_at_100_std": 0.180227,
        "nauc_recall_at_100_diff1": 0.209882,
        "nauc_recall_at_1000_max": 0.167048,
        "nauc_recall_at_1000_std": 0.296851,
        "nauc_recall_at_1000_diff1": 0.148604,
        "nauc_precision_at_1_max": 0.232412,
        "nauc_precision_at_1_std": 0.028106,
        "nauc_precision_at_1_diff1": 0.447259,
        "nauc_precision_at_3_max": 0.227225,
        "nauc_precision_at_3_std": 0.147312,
        "nauc_precision_at_3_diff1": 0.103319,
        "nauc_precision_at_5_max": 0.253036,
        "nauc_precision_at_5_std": 0.172292,
        "nauc_precision_at_5_diff1": 0.056789,
        "nauc_precision_at_10_max": 0.261507,
        "nauc_precision_at_10_std": 0.210939,
        "nauc_precision_at_10_diff1": -0.038433,
        "nauc_precision_at_20_max": 0.224607,
        "nauc_precision_at_20_std": 0.217956,
        "nauc_precision_at_20_diff1": -0.091773,
        "nauc_precision_at_100_max": 0.173631,
        "nauc_precision_at_100_std": 0.23023,
        "nauc_precision_at_100_diff1": -0.159,
        "nauc_precision_at_1000_max": 0.106088,
        "nauc_precision_at_1000_std": 0.122417,
        "nauc_precision_at_1000_diff1": -0.203558,
        "nauc_mrr_at_1_max": 0.232412,
        "nauc_mrr_at_1_std": 0.028106,
        "nauc_mrr_at_1_diff1": 0.447259,
        "nauc_mrr_at_3_max": 0.244632,
        "nauc_mrr_at_3_std": 0.071391,
        "nauc_mrr_at_3_diff1": 0.399257,
        "nauc_mrr_at_5_max": 0.237228,
        "nauc_mrr_at_5_std": 0.063986,
        "nauc_mrr_at_5_diff1": 0.404193,
        "nauc_mrr_at_10_max": 0.239057,
        "nauc_mrr_at_10_std": 0.061555,
        "nauc_mrr_at_10_diff1": 0.400463,
        "nauc_mrr_at_20_max": 0.236484,
        "nauc_mrr_at_20_std": 0.058431,
        "nauc_mrr_at_20_diff1": 0.401901,
        "nauc_mrr_at_100_max": 0.237499,
        "nauc_mrr_at_100_std": 0.058562,
        "nauc_mrr_at_100_diff1": 0.402638,
        "nauc_mrr_at_1000_max": 0.237405,
        "nauc_mrr_at_1000_std": 0.058447,
        "nauc_mrr_at_1000_diff1": 0.402591,
        "hit_rate_at_1": 0.57857,
        "hit_rate_at_3": 0.78333,
        "hit_rate_at_5": 0.84286,
        "hit_rate_at_10": 0.89524,
        "hit_rate_at_20": 0.93571,
        "hit_rate_at_100": 0.97619,
        "hit_rate_at_1000": 0.99762,
        "main_score": 0.42546,
        "hf_subset": "en",
        "languages": [
          "eng-Latn"
        ]
      }
    ]
  },
  "evaluation_time": 156.5961833000183,
  "kg_co2_emissions": null,
  "date": 1776867749.235037
}