{
  "dataset_revision": "0d2e86e6d36927f4676ee6127c4e38e3867ce0ce",
  "task_name": "VATEXT2VARetrieval",
  "mteb_version": "2.13.1",
  "scores": {
    "test": [
      {
        "ndcg_at_1": 0.417,
        "ndcg_at_3": 0.51662,
        "ndcg_at_5": 0.54175,
        "ndcg_at_10": 0.56208,
        "ndcg_at_20": 0.57988,
        "ndcg_at_100": 0.60444,
        "ndcg_at_1000": 0.6155,
        "map_at_1": 0.417,
        "map_at_3": 0.49167,
        "map_at_5": 0.50562,
        "map_at_10": 0.51398,
        "map_at_20": 0.51891,
        "map_at_100": 0.52227,
        "map_at_1000": 0.52273,
        "recall_at_1": 0.417,
        "recall_at_3": 0.589,
        "recall_at_5": 0.65,
        "recall_at_10": 0.713,
        "recall_at_20": 0.783,
        "recall_at_100": 0.916,
        "recall_at_1000": 1.0,
        "accuracy": 0.417,
        "precision_at_1": 0.417,
        "precision_at_3": 0.19633,
        "precision_at_5": 0.13,
        "precision_at_10": 0.0713,
        "precision_at_20": 0.03915,
        "precision_at_100": 0.00916,
        "precision_at_1000": 0.001,
        "mrr_at_1": 0.417,
        "mrr_at_3": 0.491667,
        "mrr_at_5": 0.505617,
        "mrr_at_10": 0.51398,
        "mrr_at_20": 0.518914,
        "mrr_at_100": 0.522269,
        "mrr_at_1000": 0.522729,
        "nauc_ndcg_at_1_max": 0.478378,
        "nauc_ndcg_at_1_std": 0.043317,
        "nauc_ndcg_at_1_diff1": 0.545488,
        "nauc_ndcg_at_3_max": 0.491667,
        "nauc_ndcg_at_3_std": 0.0539,
        "nauc_ndcg_at_3_diff1": 0.479484,
        "nauc_ndcg_at_5_max": 0.507826,
        "nauc_ndcg_at_5_std": 0.061511,
        "nauc_ndcg_at_5_diff1": 0.475451,
        "nauc_ndcg_at_10_max": 0.518177,
        "nauc_ndcg_at_10_std": 0.060143,
        "nauc_ndcg_at_10_diff1": 0.485182,
        "nauc_ndcg_at_20_max": 0.512105,
        "nauc_ndcg_at_20_std": 0.05826,
        "nauc_ndcg_at_20_diff1": 0.47788,
        "nauc_ndcg_at_100_max": 0.503906,
        "nauc_ndcg_at_100_std": 0.051788,
        "nauc_ndcg_at_100_diff1": 0.480807,
        "nauc_ndcg_at_1000_max": 0.503382,
        "nauc_ndcg_at_1000_std": 0.052914,
        "nauc_ndcg_at_1000_diff1": 0.487323,
        "nauc_map_at_1_max": 0.478378,
        "nauc_map_at_1_std": 0.043317,
        "nauc_map_at_1_diff1": 0.545488,
        "nauc_map_at_3_max": 0.488513,
        "nauc_map_at_3_std": 0.049153,
        "nauc_map_at_3_diff1": 0.49592,
        "nauc_map_at_5_max": 0.496921,
        "nauc_map_at_5_std": 0.05327,
        "nauc_map_at_5_diff1": 0.494017,
        "nauc_map_at_10_max": 0.501147,
        "nauc_map_at_10_std": 0.05274,
        "nauc_map_at_10_diff1": 0.498115,
        "nauc_map_at_20_max": 0.499343,
        "nauc_map_at_20_std": 0.051944,
        "nauc_map_at_20_diff1": 0.496196,
        "nauc_map_at_100_max": 0.498274,
        "nauc_map_at_100_std": 0.050955,
        "nauc_map_at_100_diff1": 0.496578,
        "nauc_map_at_1000_max": 0.498231,
        "nauc_map_at_1000_std": 0.050979,
        "nauc_map_at_1000_diff1": 0.496832,
        "nauc_recall_at_1_max": 0.478378,
        "nauc_recall_at_1_std": 0.043317,
        "nauc_recall_at_1_diff1": 0.545488,
        "nauc_recall_at_3_max": 0.501392,
        "nauc_recall_at_3_std": 0.069599,
        "nauc_recall_at_3_diff1": 0.428438,
        "nauc_recall_at_5_max": 0.547618,
        "nauc_recall_at_5_std": 0.091498,
        "nauc_recall_at_5_diff1": 0.412214,
        "nauc_recall_at_10_max": 0.591068,
        "nauc_recall_at_10_std": 0.08985,
        "nauc_recall_at_10_diff1": 0.440179,
        "nauc_recall_at_20_max": 0.574679,
        "nauc_recall_at_20_std": 0.089274,
        "nauc_recall_at_20_diff1": 0.38821,
        "nauc_recall_at_100_max": 0.5127,
        "nauc_recall_at_100_std": 0.023298,
        "nauc_recall_at_100_diff1": 0.32428,
        "nauc_recall_at_1000_max": NaN,
        "nauc_recall_at_1000_std": NaN,
        "nauc_recall_at_1000_diff1": NaN,
        "nauc_precision_at_1_max": 0.478378,
        "nauc_precision_at_1_std": 0.043317,
        "nauc_precision_at_1_diff1": 0.545488,
        "nauc_precision_at_3_max": 0.501392,
        "nauc_precision_at_3_std": 0.069599,
        "nauc_precision_at_3_diff1": 0.428438,
        "nauc_precision_at_5_max": 0.547618,
        "nauc_precision_at_5_std": 0.091498,
        "nauc_precision_at_5_diff1": 0.412214,
        "nauc_precision_at_10_max": 0.591068,
        "nauc_precision_at_10_std": 0.08985,
        "nauc_precision_at_10_diff1": 0.440179,
        "nauc_precision_at_20_max": 0.574679,
        "nauc_precision_at_20_std": 0.089274,
        "nauc_precision_at_20_diff1": 0.38821,
        "nauc_precision_at_100_max": 0.5127,
        "nauc_precision_at_100_std": 0.023298,
        "nauc_precision_at_100_diff1": 0.32428,
        "nauc_precision_at_1000_max": NaN,
        "nauc_precision_at_1000_std": NaN,
        "nauc_precision_at_1000_diff1": NaN,
        "nauc_mrr_at_1_max": 0.478378,
        "nauc_mrr_at_1_std": 0.043317,
        "nauc_mrr_at_1_diff1": 0.545488,
        "nauc_mrr_at_3_max": 0.488513,
        "nauc_mrr_at_3_std": 0.049153,
        "nauc_mrr_at_3_diff1": 0.49592,
        "nauc_mrr_at_5_max": 0.496921,
        "nauc_mrr_at_5_std": 0.05327,
        "nauc_mrr_at_5_diff1": 0.494017,
        "nauc_mrr_at_10_max": 0.501147,
        "nauc_mrr_at_10_std": 0.05274,
        "nauc_mrr_at_10_diff1": 0.498115,
        "nauc_mrr_at_20_max": 0.499343,
        "nauc_mrr_at_20_std": 0.051944,
        "nauc_mrr_at_20_diff1": 0.496196,
        "nauc_mrr_at_100_max": 0.498274,
        "nauc_mrr_at_100_std": 0.050955,
        "nauc_mrr_at_100_diff1": 0.496578,
        "nauc_mrr_at_1000_max": 0.498231,
        "nauc_mrr_at_1000_std": 0.050979,
        "nauc_mrr_at_1000_diff1": 0.496832,
        "hit_rate_at_1": 0.417,
        "hit_rate_at_3": 0.589,
        "hit_rate_at_5": 0.65,
        "hit_rate_at_10": 0.713,
        "hit_rate_at_20": 0.783,
        "hit_rate_at_100": 0.916,
        "hit_rate_at_1000": 1.0,
        "main_score": 0.56208,
        "hf_subset": "default",
        "languages": [
          "eng-Latn"
        ],
        "mteb_version": "2.13.1"
      }
    ]
  },
  "evaluation_time": 632.1090490818024,
  "kg_co2_emissions": null,
  "date": null
}